timestamp,symbol,asset_type,pricing,quote_denom,quote_per_asset,lunc_per_asset,ustc_per_asset,usd_per_asset,source,status,error
2026-04-11 02:13:06,LUNC,native,native_reference,uluna,1.00000000,1.00000000,0.00807694,0.00004064,swaprate,ok,
2026-04-11 02:13:06,USTC,native,native_reference,uusd,123.80924870,123.80924870,1.00000000,0.00502936,contract,ok,
2026-04-11 02:13:06,AUTC,native,oracle_1pct,uaud,174.00909409,174.00909409,1.40546119,0.00707164,swaprate_1pct,ok,
2026-04-11 02:13:06,CATC,native,oracle_1pct,ucad,178.02507507,178.02507507,1.43789803,0.00723484,swaprate_1pct,ok,
2026-04-11 02:13:06,CHTC,native,native_xyk,uusd,20832.50896616,20832.50896616,168.26294630,0.84625510,native_xyk_pool,ok,
2026-04-11 02:13:06,CNTC,native,oracle_1pct,ucny,36.03571217,36.03571217,0.29105832,0.00146447,swaprate_1pct,ok,
2026-04-11 02:13:06,DKTC,native,oracle_1pct,udkk,38.56293814,38.56293814,0.31147058,0.00156718,swaprate_1pct,ok,
2026-04-11 02:13:06,EUTC,native,native_xyk,uusd,7293.52249158,7293.52249158,58.90935102,0.29627639,native_xyk_pool,ok,
2026-04-11 02:13:06,GBTC,native,oracle_1pct,ugbp,330.82759825,330.82759825,2.67207500,0.01344466,swaprate_1pct,ok,
2026-04-11 02:13:06,HKTC,native,oracle_1pct,uhkd,31.41525467,31.41525467,0.25373916,0.00127670,swaprate_1pct,ok,
2026-04-11 02:13:06,IDTC,native,oracle_1pct,uidr,0.01439488,0.01439488,0.00011627,0.00000059,swaprate_1pct,ok,
2026-04-11 02:13:06,INTC,native,oracle_1pct,uinr,2.64900662,2.64900662,0.02139587,0.00010765,swaprate_1pct,ok,
2026-04-11 02:13:06,JPTC,native,oracle_1pct,ujpy,1.54573903,1.54573903,0.01248484,0.00006282,swaprate_1pct,ok,
2026-04-11 02:13:06,KRTC,native,native_xyk,uluna,0.74216312,0.74216312,0.00599441,0.00003016,native_xyk_pool,ok,
2026-04-11 02:13:06,MNTC,native,native_xyk,uluna,0.71468172,0.71468172,0.00577244,0.00002904,native_xyk_pool,ok,
2026-04-11 02:13:06,MYTC,native,oracle_1pct,umyr,62.05958620,62.05958620,0.50125162,0.00252207,swaprate_1pct,ok,
2026-04-11 02:13:06,NOTC,native,oracle_1pct,unok,25.92245044,25.92245044,0.20937410,0.00105347,swaprate_1pct,ok,
2026-04-11 02:13:06,PHTC,native,oracle_1pct,uphp,4.11152112,4.11152112,0.03320851,0.00016709,swaprate_1pct,ok,
2026-04-11 02:13:06,SDTC,native,native_xyk,uluna,25149.24571523,25149.24571523,203.12897444,1.02205178,native_xyk_pool,ok,
2026-04-11 02:13:06,SETC,native,oracle_1pct,usek,26.59370690,26.59370690,0.21479580,0.00108075,swaprate_1pct,ok,
2026-04-11 02:13:06,SGTC,native,oracle_1pct,usgd,193.15979125,193.15979125,1.56014024,0.00784991,swaprate_1pct,ok,
2026-04-11 02:13:06,THTC,native,oracle_1pct,uthb,7.66561604,7.66561604,0.06191473,0.00031153,swaprate_1pct,ok,
2026-04-11 02:13:06,WESO,cw20,tbc,uluna,39.57802000,39.57802000,0.31966933,0.00160843,curve_info,ok,
2026-04-11 02:13:06,reBASE,cw20,tbc,uusd,0.53722200,66.51305221,0.53722200,0.00270188,curve_info,ok,
2026-04-11 02:13:06,TERRA,cw20,xyk,uusd,0.26483441,32.78894959,0.26483441,0.00133195,xyk_pool,ok,
2026-04-11 02:13:06,FROG,cw20,xyk,uluna,0.20238534,0.20238534,0.00163465,0.00000822,xyk_pool,ok,
2026-04-11 02:13:06,ADDVOW,cw20,xyk,uluna,0.26341281,0.26341281,0.00212757,0.00001070,xyk_pool,ok,
2026-04-11 02:13:06,ALPHA,cw20,xyk,uusd,0.00253795,0.31422137,0.00253795,0.00001276,xyk_pool,ok,
2026-04-11 02:13:06,ampLUNC,cw20,xyk,uusd,0.01096247,1.35725545,0.01096247,0.00005513,xyk_pool,ok,
2026-04-11 02:13:06,ampNIP,cw20,xyk,uluna,,,,,,error,Token reserve is zero for ampNIP
2026-04-11 02:13:06,ART,cw20,xyk,uusd,0.00717592,0.88844569,0.00717592,0.00003609,xyk_pool,ok,
2026-04-11 02:13:06,ASTRO,cw20,xyk,uusd,0.08875710,10.98894935,0.08875710,0.00044639,xyk_pool,ok,
2026-04-11 02:13:06,BAKED,cw20,xyk,uluna,109760.02225588,109760.02225588,886.52522656,4.46058809,xyk_pool,ok,
2026-04-11 02:13:06,BENANCE,cw20,xyk,uluna,,,,,,error,Token reserve is zero for BENANCE
2026-04-11 02:13:06,BLAME,cw20,xyk,uluna,0.39707435,0.39707435,0.00320715,0.00001614,xyk_pool,ok,
2026-04-11 02:13:06,BLEEVE,cw20,xyk,uluna,0.17896840,0.17896840,0.00144552,0.00000727,xyk_pool,ok,
2026-04-11 02:13:06,BLUNA,cw20,xyk,uusd,0.00806965,0.99909676,0.00806965,0.00004059,xyk_pool,ok,
2026-04-11 02:13:06,BOTS,cw20,xyk,uluna,0.00086765,0.00086765,0.00000701,0.00000004,xyk_pool,ok,
2026-04-11 02:13:06,BTUSD,cw20,xyk,uusd,72.79569034,9012.77973016,72.79569034,0.36611581,xyk_pool,ok,
2026-04-11 02:13:06,BULL,cw20,xyk,uusd,0.00170842,0.21151855,0.00170842,0.00000859,xyk_pool,ok,
2026-04-11 02:13:06,BURNIX,cw20,xyk,uusd,0.02377007,2.94295436,0.02377007,0.00011955,xyk_pool,ok,
2026-04-11 02:13:06,CatWifHat,cw20,xyk,uluna,0.00040066,0.00040066,0.00000324,0.00000002,xyk_pool,ok,
2026-04-11 02:13:06,CBFC,cw20,xyk,uluna,1.98589914,1.98589914,0.01603999,0.00008071,xyk_pool,ok,
2026-04-11 02:13:06,CL8Y-cb,cw20,xyk,uusd,0.0000000002,0.00000003,0.0000000002,0.0000000000,xyk_pool,ok,
2026-04-11 02:13:06,CNip,cw20,xyk,uluna,40.00801069,40.00801069,0.32314234,0.00162590,xyk_pool,ok,
2026-04-11 02:13:06,COFFEE,cw20,xyk,uluna,0.24429451,0.24429451,0.00197315,0.00000993,xyk_pool,ok,
2026-04-11 02:13:06,CRYSTAL,cw20,xyk,uluna,9.95216178,9.95216178,0.08038302,0.00040445,xyk_pool,ok,
2026-04-11 02:13:06,CTX,cw20,xyk,uusd,44.16406872,5467.92016756,44.16406872,0.22211705,xyk_pool,ok,
2026-04-11 02:13:06,DO,cw20,xyk,uusd,0.00000036,0.00004478,0.00000036,0.0000000018,xyk_pool,ok,
2026-04-11 02:13:06,DOGE,cw20,xyk,uusd,0.15093931,18.68768205,0.15093931,0.00075913,xyk_pool,ok,
2026-04-11 02:13:06,ELPACO,cw20,xyk,uusd,0.46191639,57.18952079,0.46191639,0.00232314,xyk_pool,ok,
2026-04-11 02:13:06,FIRE,cw20,xyk,uluna,0.00009769,0.00009769,0.00000079,0.0000000040,xyk_pool,ok,
2026-04-11 02:13:06,FLX,cw20,xyk,uluna,0.28886599,0.28886599,0.00233315,0.00001174,xyk_pool,ok,
2026-04-11 02:13:06,FOOD,cw20,xyk,uluna,0.00706732,0.00706732,0.00005708,0.00000029,xyk_pool,ok,
2026-04-11 02:13:06,FRG,cw20,xyk,uluna,15.55638506,15.55638506,0.12564800,0.00063220,xyk_pool,ok,
2026-04-11 02:13:06,FUN,cw20,xyk,uluna,88563.96609025,88563.96609025,715.32593097,3.59919180,xyk_pool,ok,
2026-04-11 02:13:06,Futureflare,cw20,xyk,uusd,0.11947228,14.79177263,0.11947228,0.00060087,xyk_pool,ok,
2026-04-11 02:13:06,GRDX,cw20,xyk,uusd,0.25245427,31.25617398,0.25245427,0.00126968,xyk_pool,ok,
2026-04-11 02:13:06,HOTL,cw20,xyk,uluna,1.70643012,1.70643012,0.01378274,0.00006935,xyk_pool,ok,
2026-04-11 02:13:06,IDEV,cw20,xyk,uluna,11.74480617,11.74480617,0.09486211,0.00047730,xyk_pool,ok,
2026-04-11 02:13:06,JURASS,cw20,xyk,uluna,0.01220404,0.01220404,0.00009857,0.00000050,xyk_pool,ok,
2026-04-11 02:13:06,JURIS,cw20,xyk,uluna,0.06089057,0.06089057,0.00049181,0.00000247,xyk_pool,ok,
2026-04-11 02:13:06,KENNY,cw20,xyk,uluna,0.00914286,0.00914286,0.00007385,0.00000037,xyk_pool,ok,
2026-04-11 02:13:06,KNEEL,cw20,xyk,uluna,12.16015193,12.16015193,0.09821683,0.00049418,xyk_pool,ok,
2026-04-11 02:13:06,KRQ,cw20,xyk,uluna,0.00185513,0.00185513,0.00001498,0.00000008,xyk_pool,ok,
2026-04-11 02:13:06,LCM,cw20,xyk,uluna,0.00228269,0.00228269,0.00001844,0.00000009,xyk_pool,ok,
2026-04-11 02:13:06,LCW,cw20,xyk,uluna,6.67871091,6.67871091,0.05394355,0.00027142,xyk_pool,ok,
2026-04-11 02:13:06,LEAPE,cw20,xyk,uluna,0.00000271,0.00000271,0.00000002,0.0000000001,xyk_pool,ok,
2026-04-11 02:13:06,LennyL,cw20,xyk,uluna,0.00000772,0.00000772,0.00000006,0.0000000003,xyk_pool,ok,
2026-04-11 02:13:06,LENNYR,cw20,xyk,uluna,0.00001452,0.00001452,0.00000012,0.0000000006,xyk_pool,ok,
2026-04-11 02:13:06,LIX,cw20,xyk,uluna,0.21616655,0.21616655,0.00174596,0.00000878,xyk_pool,ok,
2026-04-11 02:13:06,LTK,cw20,xyk,uusd,1.25033550,154.80309881,1.25033550,0.00628839,xyk_pool,ok,
2026-04-11 02:13:06,LTRN,cw20,xyk,uluna,0.00135170,0.00135170,0.00001092,0.00000005,xyk_pool,ok,
2026-04-11 02:13:06,MBA,cw20,xyk,uluna,0.12932449,0.12932449,0.00104455,0.00000526,xyk_pool,ok,
2026-04-11 02:13:06,MIOFF,cw20,xyk,uluna,0.00031729,0.00031729,0.00000256,0.00000001,xyk_pool,ok,
2026-04-11 02:13:06,MIR,cw20,xyk,uusd,1.12523439,139.31442396,1.12523439,0.00565921,xyk_pool,ok,
2026-04-11 02:13:06,NHera,cw20,xyk,uluna,0.00108587,0.00108587,0.00000877,0.00000004,xyk_pool,ok,
2026-04-11 02:13:06,PoG,cw20,xyk,uluna,0.00223621,0.00223621,0.00001806,0.00000009,xyk_pool,ok,
2026-04-11 02:13:06,QUID,cw20,xyk,uluna,2.80202791,2.80202791,0.02263181,0.00011387,xyk_pool,ok,
2026-04-11 02:13:06,ROTTI,cw20,xyk,uluna,0.00008453,0.00008453,0.00000068,0.0000000034,xyk_pool,ok,
2026-04-11 02:13:06,SAYVE,cw20,xyk,uusd,0.00008041,0.00995540,0.00008041,0.00000040,xyk_pool,ok,
2026-04-11 02:13:06,SELE,cw20,xyk,uluna,283.76148573,283.76148573,2.29192479,0.01153191,xyk_pool,ok,
2026-04-11 02:13:06,SKI,cw20,xyk,uusd,0.01067704,1.32191606,0.01067704,0.00005370,xyk_pool,ok,
2026-04-11 02:13:06,SMF,cw20,xyk,uluna,0.53753235,0.53753235,0.00434162,0.00002185,xyk_pool,ok,
2026-04-11 02:13:06,SMT,cw20,xyk,uluna,1.61420282,1.61420282,0.01303782,0.00006560,xyk_pool,ok,
2026-04-11 02:13:06,Tbold,cw20,xyk,uluna,,,,,,error,Token reserve is zero for Tbold
2026-04-11 02:13:06,TCR,cw20,xyk,uluna,0.74711337,0.74711337,0.00603439,0.00003036,xyk_pool,ok,
2026-04-11 02:13:06,TEAI,cw20,xyk,uluna,0.00539041,0.00539041,0.00004354,0.00000022,xyk_pool,ok,
2026-04-11 02:13:06,TEST,cw20,xyk,uluna,1.05709550,1.05709550,0.00853810,0.00004296,xyk_pool,ok,
2026-04-11 02:13:06,TESTC,cw20,xyk,uusd,0.0000000000,0.0000000049,0.0000000000,0.0000000000,xyk_pool,ok,
2026-04-11 02:13:06,THC,cw20,xyk,uluna,0.01428738,0.01428738,0.00011540,0.00000058,xyk_pool,ok,
2026-04-11 02:13:06,TNEWS,cw20,xyk,uluna,0.36486527,0.36486527,0.00294700,0.00001483,xyk_pool,ok,
2026-04-11 02:13:06,ULC,cw20,xyk,uluna,0.01162415,0.01162415,0.00009389,0.00000047,xyk_pool,ok,
2026-04-11 02:13:06,USTRIX,cw20,xyk,uluna,6085.30544667,6085.30544667,49.15065321,0.24730353,xyk_pool,ok,
2026-04-11 02:13:06,UwU,cw20,xyk,uluna,0.44270946,0.44270946,0.00357574,0.00001799,xyk_pool,ok,
2026-04-11 02:13:06,VIMA,cw20,xyk,uluna,5.48845566,5.48845566,0.04432993,0.00022305,xyk_pool,ok,
2026-04-11 02:13:06,WAVAX,cw20,xyk,uusd,2338.72649720,289555.97053853,2338.72649720,11.76229988,xyk_pool,ok,
2026-04-11 02:13:06,WETH,cw20,xyk,uusd,259032.62647033,32070634.87269684,259032.62647033,1302.76859481,xyk_pool,ok,
2026-04-11 02:14:10,LUNC,native,native_reference,uluna,1.00000000,1.00000000,0.00807559,0.00004073,swaprate,ok,
2026-04-11 02:14:10,USTC,native,native_reference,uusd,123.82991956,123.82991956,1.00000000,0.00503436,contract,ok,
2026-04-11 02:14:10,AUTC,native,oracle_1pct,uaud,173.61599167,173.61599167,1.40205204,0.00707164,swaprate_1pct,ok,
2026-04-11 02:14:10,CATC,native,oracle_1pct,ucad,177.62290018,177.62290018,1.43441020,0.00723484,swaprate_1pct,ok,
2026-04-11 02:14:10,CHTC,native,native_xyk,uusd,20835.98710508,20835.98710508,168.26294630,0.84709665,native_xyk_pool,ok,
2026-04-11 02:14:10,CNTC,native,oracle_1pct,ucny,35.95430421,35.95430421,0.29035232,0.00146447,swaprate_1pct,ok,
2026-04-11 02:14:10,DKTC,native,oracle_1pct,udkk,38.47582094,38.47582094,0.31071506,0.00156718,swaprate_1pct,ok,
2026-04-11 02:14:10,EUTC,native,native_xyk,uusd,7294.74019822,7294.74019822,58.90935102,0.29657102,native_xyk_pool,ok,
2026-04-11 02:14:10,GBTC,native,oracle_1pct,ugbp,330.08022852,330.08022852,2.66559350,0.01344466,swaprate_1pct,ok,
2026-04-11 02:14:10,HKTC,native,oracle_1pct,uhkd,31.34428474,31.34428474,0.25312368,0.00127670,swaprate_1pct,ok,
2026-04-11 02:14:10,IDTC,native,oracle_1pct,uidr,0.01436236,0.01436236,0.00011598,0.00000058,swaprate_1pct,ok,
2026-04-11 02:14:10,INTC,native,oracle_1pct,uinr,2.64302228,2.64302228,0.02134397,0.00010765,swaprate_1pct,ok,
2026-04-11 02:14:10,JPTC,native,oracle_1pct,ujpy,1.54224706,1.54224706,0.01245456,0.00006282,swaprate_1pct,ok,
2026-04-11 02:14:10,KRTC,native,native_xyk,uluna,0.74216312,0.74216312,0.00599341,0.00003023,native_xyk_pool,ok,
2026-04-11 02:14:10,MNTC,native,native_xyk,uluna,0.71468172,0.71468172,0.00577148,0.00002911,native_xyk_pool,ok,
2026-04-11 02:14:10,MYTC,native,oracle_1pct,umyr,61.91938793,61.91938793,0.50003576,0.00252207,swaprate_1pct,ok,
2026-04-11 02:14:10,NOTC,native,oracle_1pct,unok,25.86388926,25.86388926,0.20886624,0.00105347,swaprate_1pct,ok,
2026-04-11 02:14:10,PHTC,native,oracle_1pct,uphp,4.10223282,4.10223282,0.03312796,0.00016709,swaprate_1pct,ok,
2026-04-11 02:14:10,SDTC,native,native_xyk,uluna,25149.24571523,25149.24571523,203.09506624,1.02436591,native_xyk_pool,ok,
2026-04-11 02:14:10,SETC,native,oracle_1pct,usek,26.53362928,26.53362928,0.21427478,0.00108075,swaprate_1pct,ok,
2026-04-11 02:14:10,SGTC,native,oracle_1pct,usgd,192.72342565,192.72342565,1.55635590,0.00784991,swaprate_1pct,ok,
2026-04-11 02:14:10,THTC,native,oracle_1pct,uthb,7.64829871,7.64829871,0.06176455,0.00031153,swaprate_1pct,ok,
2026-04-11 02:14:10,WESO,cw20,tbc,uluna,39.57802000,39.57802000,0.31961597,0.00161207,curve_info,ok,
2026-04-11 02:14:10,reBASE,cw20,tbc,uusd,0.53722200,66.52415704,0.53722200,0.00270457,curve_info,ok,
2026-04-11 02:14:10,TERRA,cw20,xyk,uusd,0.26483441,32.79442394,0.26483441,0.00133327,xyk_pool,ok,
2026-04-11 02:14:10,FROG,cw20,xyk,uluna,0.20238534,0.20238534,0.00163438,0.00000824,xyk_pool,ok,
2026-04-11 02:14:10,ADDVOW,cw20,xyk,uluna,0.26341281,0.26341281,0.00212721,0.00001073,xyk_pool,ok,
2026-04-11 02:14:10,ALPHA,cw20,xyk,uusd,0.00253795,0.31427383,0.00253795,0.00001278,xyk_pool,ok,
2026-04-11 02:14:10,ampLUNC,cw20,xyk,uusd,0.01096247,1.35748205,0.01096247,0.00005519,xyk_pool,ok,
2026-04-11 02:14:10,ampNIP,cw20,xyk,uluna,,,,,,error,Token reserve is zero for ampNIP
2026-04-11 02:14:10,ART,cw20,xyk,uusd,0.00717592,0.88859402,0.00717592,0.00003613,xyk_pool,ok,
2026-04-11 02:14:10,ASTRO,cw20,xyk,uusd,0.08875710,10.99078403,0.08875710,0.00044684,xyk_pool,ok,
2026-04-11 02:14:10,BAKED,cw20,xyk,uluna,109760.02225588,109760.02225588,886.37723943,4.47068778,xyk_pool,ok,
2026-04-11 02:14:10,BENANCE,cw20,xyk,uluna,,,,,,error,Token reserve is zero for BENANCE
2026-04-11 02:14:10,BLAME,cw20,xyk,uluna,0.39707435,0.39707435,0.00320661,0.00001617,xyk_pool,ok,
2026-04-11 02:14:10,BLEEVE,cw20,xyk,uluna,0.17896840,0.17896840,0.00144528,0.00000729,xyk_pool,ok,
2026-04-11 02:14:10,BLUNA,cw20,xyk,uusd,0.00806965,0.99926357,0.00806965,0.00004063,xyk_pool,ok,
2026-04-11 02:14:10,BOTS,cw20,xyk,uluna,0.00086765,0.00086765,0.00000701,0.00000004,xyk_pool,ok,
2026-04-11 02:14:10,BTUSD,cw20,xyk,uusd,72.79569034,9014.28447930,72.79569034,0.36647989,xyk_pool,ok,
2026-04-11 02:14:10,BULL,cw20,xyk,uusd,0.00170842,0.21155386,0.00170842,0.00000860,xyk_pool,ok,
2026-04-11 02:14:10,BURNIX,cw20,xyk,uusd,0.02377007,2.94344571,0.02377007,0.00011967,xyk_pool,ok,
2026-04-11 02:14:10,CatWifHat,cw20,xyk,uluna,0.00040066,0.00040066,0.00000324,0.00000002,xyk_pool,ok,
2026-04-11 02:14:10,CBFC,cw20,xyk,uluna,1.98589914,1.98589914,0.01603731,0.00008089,xyk_pool,ok,
2026-04-11 02:14:10,CL8Y-cb,cw20,xyk,uusd,0.0000000002,0.00000003,0.0000000002,0.0000000000,xyk_pool,ok,
2026-04-11 02:14:10,CNip,cw20,xyk,uluna,40.00801069,40.00801069,0.32308840,0.00162959,xyk_pool,ok,
2026-04-11 02:14:10,COFFEE,cw20,xyk,uluna,0.24429451,0.24429451,0.00197282,0.00000995,xyk_pool,ok,
2026-04-11 02:14:10,CRYSTAL,cw20,xyk,uluna,9.95216178,9.95216178,0.08036961,0.00040537,xyk_pool,ok,
2026-04-11 02:14:10,CTX,cw20,xyk,uusd,44.16406872,5468.83307661,44.16406872,0.22233793,xyk_pool,ok,
2026-04-11 02:14:10,DO,cw20,xyk,uusd,0.00000036,0.00004479,0.00000036,0.0000000018,xyk_pool,ok,
2026-04-11 02:14:10,DOGE,cw20,xyk,uusd,0.15093931,18.69080210,0.15093931,0.00075988,xyk_pool,ok,
2026-04-11 02:14:10,ELPACO,cw20,xyk,uusd,0.46191639,57.19906899,0.46191639,0.00232545,xyk_pool,ok,
2026-04-11 02:14:10,FIRE,cw20,xyk,uluna,0.00009769,0.00009769,0.00000079,0.0000000040,xyk_pool,ok,
2026-04-11 02:14:10,FLX,cw20,xyk,uluna,0.28886599,0.28886599,0.00233276,0.00001177,xyk_pool,ok,
2026-04-11 02:14:10,FOOD,cw20,xyk,uluna,0.00706732,0.00706732,0.00005707,0.00000029,xyk_pool,ok,
2026-04-11 02:14:10,FRG,cw20,xyk,uluna,15.55638506,15.55638506,0.12562703,0.00063363,xyk_pool,ok,
2026-04-11 02:14:10,FUN,cw20,xyk,uluna,88563.96609025,88563.96609025,715.20652203,3.60734111,xyk_pool,ok,
2026-04-11 02:14:10,Futureflare,cw20,xyk,uusd,0.11947228,14.79424222,0.11947228,0.00060147,xyk_pool,ok,
2026-04-11 02:14:10,GRDX,cw20,xyk,uusd,0.25245427,31.26139243,0.25245427,0.00127095,xyk_pool,ok,
2026-04-11 02:14:10,HOTL,cw20,xyk,uluna,1.70643012,1.70643012,0.01378043,0.00006951,xyk_pool,ok,
2026-04-11 02:14:10,IDEV,cw20,xyk,uluna,11.74480617,11.74480617,0.09484627,0.00047838,xyk_pool,ok,
2026-04-11 02:14:10,JURASS,cw20,xyk,uluna,0.01220404,0.01220404,0.00009855,0.00000050,xyk_pool,ok,
2026-04-11 02:14:10,JURIS,cw20,xyk,uluna,0.06089057,0.06089057,0.00049173,0.00000248,xyk_pool,ok,
2026-04-11 02:14:10,KENNY,cw20,xyk,uluna,0.00914286,0.00914286,0.00007383,0.00000037,xyk_pool,ok,
2026-04-11 02:14:10,KNEEL,cw20,xyk,uluna,12.16015193,12.16015193,0.09820043,0.00049530,xyk_pool,ok,
2026-04-11 02:14:10,KRQ,cw20,xyk,uluna,0.00185513,0.00185513,0.00001498,0.00000008,xyk_pool,ok,
2026-04-11 02:14:10,LCM,cw20,xyk,uluna,0.00228269,0.00228269,0.00001843,0.00000009,xyk_pool,ok,
2026-04-11 02:14:10,LCW,cw20,xyk,uluna,6.67871091,6.67871091,0.05393455,0.00027203,xyk_pool,ok,
2026-04-11 02:14:10,LEAPE,cw20,xyk,uluna,0.00000271,0.00000271,0.00000002,0.0000000001,xyk_pool,ok,
2026-04-11 02:14:10,LennyL,cw20,xyk,uluna,0.00000772,0.00000772,0.00000006,0.0000000003,xyk_pool,ok,
2026-04-11 02:14:10,LENNYR,cw20,xyk,uluna,0.00001452,0.00001452,0.00000012,0.0000000006,xyk_pool,ok,
2026-04-11 02:14:10,LIX,cw20,xyk,uluna,0.21616655,0.21616655,0.00174567,0.00000880,xyk_pool,ok,
2026-04-11 02:14:10,LTK,cw20,xyk,uusd,1.25033550,154.82894431,1.25033550,0.00629464,xyk_pool,ok,
2026-04-11 02:14:10,LTRN,cw20,xyk,uluna,0.00135170,0.00135170,0.00001092,0.00000006,xyk_pool,ok,
2026-04-11 02:14:10,MBA,cw20,xyk,uluna,0.12932449,0.12932449,0.00104437,0.00000527,xyk_pool,ok,
2026-04-11 02:14:10,MIOFF,cw20,xyk,uluna,0.00031729,0.00031729,0.00000256,0.00000001,xyk_pool,ok,
2026-04-11 02:14:10,MIR,cw20,xyk,uusd,1.12523439,139.33768352,1.12523439,0.00566484,xyk_pool,ok,
2026-04-11 02:14:10,NHera,cw20,xyk,uluna,0.00108587,0.00108587,0.00000877,0.00000004,xyk_pool,ok,
2026-04-11 02:14:10,PoG,cw20,xyk,uluna,0.00223621,0.00223621,0.00001806,0.00000009,xyk_pool,ok,
2026-04-11 02:14:10,QUID,cw20,xyk,uluna,2.80202791,2.80202791,0.02262804,0.00011413,xyk_pool,ok,
2026-04-11 02:14:10,ROTTI,cw20,xyk,uluna,0.00008453,0.00008453,0.00000068,0.0000000034,xyk_pool,ok,
2026-04-11 02:14:10,SAYVE,cw20,xyk,uusd,0.00008041,0.00995706,0.00008041,0.00000040,xyk_pool,ok,
2026-04-11 02:14:10,SELE,cw20,xyk,uluna,283.76148573,283.76148573,2.29154220,0.01155802,xyk_pool,ok,
2026-04-11 02:14:10,SKI,cw20,xyk,uusd,0.01067704,1.32213676,0.01067704,0.00005375,xyk_pool,ok,
2026-04-11 02:14:10,SMF,cw20,xyk,uluna,0.53753235,0.53753235,0.00434089,0.00002189,xyk_pool,ok,
2026-04-11 02:14:10,SMT,cw20,xyk,uluna,1.61420282,1.61420282,0.01303564,0.00006575,xyk_pool,ok,
2026-04-11 02:14:10,Tbold,cw20,xyk,uluna,,,,,,error,Token reserve is zero for Tbold
2026-04-11 02:14:10,TCR,cw20,xyk,uluna,0.74711337,0.74711337,0.00603338,0.00003043,xyk_pool,ok,
2026-04-11 02:14:10,TEAI,cw20,xyk,uluna,0.00539041,0.00539041,0.00004353,0.00000022,xyk_pool,ok,
2026-04-11 02:14:10,TEST,cw20,xyk,uluna,1.05709550,1.05709550,0.00853667,0.00004306,xyk_pool,ok,
2026-04-11 02:14:10,TESTC,cw20,xyk,uusd,0.0000000000,0.0000000049,0.0000000000,0.0000000000,xyk_pool,ok,
2026-04-11 02:14:10,THC,cw20,xyk,uluna,0.01428738,0.01428738,0.00011538,0.00000058,xyk_pool,ok,
2026-04-11 02:14:10,TNEWS,cw20,xyk,uluna,0.36486527,0.36486527,0.00294650,0.00001486,xyk_pool,ok,
2026-04-11 02:14:10,ULC,cw20,xyk,uluna,0.01162415,0.01162415,0.00009387,0.00000047,xyk_pool,ok,
2026-04-11 02:14:10,USTRIX,cw20,xyk,uluna,6085.30544667,6085.30544667,49.14244852,0.24786348,xyk_pool,ok,
2026-04-11 02:14:10,UwU,cw20,xyk,uluna,0.44270946,0.44270946,0.00357514,0.00001803,xyk_pool,ok,
2026-04-11 02:14:10,VIMA,cw20,xyk,uluna,5.48845566,5.48845566,0.04432253,0.00022355,xyk_pool,ok,
2026-04-11 02:14:10,WAVAX,cw20,xyk,uusd,2338.72649720,289604.31401422,2338.72649720,11.77399674,xyk_pool,ok,
2026-04-11 02:14:10,WETH,cw20,xyk,uusd,259032.62647033,32075989.29849060,259032.62647033,1304.06411480,xyk_pool,ok,
2026-04-11 02:16:06,LUNC,native,native_reference,uluna,1.00000000,1.00000000,0.00809063,0.00004080,swaprate,ok,
2026-04-11 02:16:06,USTC,native,native_reference,uusd,123.59973649,123.59973649,1.00000000,0.00503657,contract,ok,
2026-04-11 02:16:06,AUTC,native,oracle_1pct,uaud,173.32442855,173.32442855,1.40230419,0.00707164,swaprate_1pct,ok,
2026-04-11 02:16:06,CATC,native,oracle_1pct,ucad,177.32460803,177.32460803,1.43466817,0.00723484,swaprate_1pct,ok,
2026-04-11 02:16:06,CHTC,native,native_xyk,uusd,20797.25582398,20797.25582398,168.26294630,0.84746835,native_xyk_pool,ok,
2026-04-11 02:16:06,CNTC,native,oracle_1pct,ucny,35.89392412,35.89392412,0.29040454,0.00146447,swaprate_1pct,ok,
2026-04-11 02:16:06,DKTC,native,oracle_1pct,udkk,38.41120633,38.41120633,0.31077094,0.00156718,swaprate_1pct,ok,
2026-04-11 02:16:06,EUTC,native,native_xyk,uusd,7281.18026311,7281.18026311,58.90935102,0.29670116,native_xyk_pool,ok,
2026-04-11 02:16:06,GBTC,native,oracle_1pct,ugbp,329.52590618,329.52590618,2.66607289,0.01344466,swaprate_1pct,ok,
2026-04-11 02:16:06,HKTC,native,oracle_1pct,uhkd,31.29164651,31.29164651,0.25316920,0.00127670,swaprate_1pct,ok,
2026-04-11 02:16:06,IDTC,native,oracle_1pct,uidr,0.01433824,0.01433824,0.00011601,0.00000059,swaprate_1pct,ok,
2026-04-11 02:16:06,INTC,native,oracle_1pct,uinr,2.63858370,2.63858370,0.02134781,0.00010765,swaprate_1pct,ok,
2026-04-11 02:16:06,JPTC,native,oracle_1pct,ujpy,1.53965708,1.53965708,0.01245680,0.00006282,swaprate_1pct,ok,
2026-04-11 02:16:06,KRTC,native,native_xyk,uluna,0.74216312,0.74216312,0.00600457,0.00003028,native_xyk_pool,ok,
2026-04-11 02:16:06,MNTC,native,native_xyk,uluna,0.71468172,0.71468172,0.00578223,0.00002916,native_xyk_pool,ok,
2026-04-11 02:16:06,MYTC,native,oracle_1pct,umyr,61.81540322,61.81540322,0.50012569,0.00252207,swaprate_1pct,ok,
2026-04-11 02:16:06,NOTC,native,oracle_1pct,unok,25.82045458,25.82045458,0.20890380,0.00105347,swaprate_1pct,ok,
2026-04-11 02:16:06,PHTC,native,oracle_1pct,uphp,4.09534371,4.09534371,0.03313392,0.00016709,swaprate_1pct,ok,
2026-04-11 02:16:06,SDTC,native,native_xyk,uluna,25149.24571523,25149.24571523,203.47329557,1.02608908,native_xyk_pool,ok,
2026-04-11 02:16:06,SETC,native,oracle_1pct,usek,26.48906987,26.48906987,0.21431332,0.00108075,swaprate_1pct,ok,
2026-04-11 02:16:06,SGTC,native,oracle_1pct,usgd,192.39977434,192.39977434,1.55663580,0.00784991,swaprate_1pct,ok,
2026-04-11 02:16:06,THTC,native,oracle_1pct,uthb,7.63545449,7.63545449,0.06177565,0.00031153,swaprate_1pct,ok,
2026-04-11 02:16:06,WESO,cw20,tbc,uluna,39.57802000,39.57802000,0.32021120,0.00161478,curve_info,ok,
2026-04-11 02:16:06,reBASE,cw20,tbc,uusd,0.53722200,66.40049764,0.53722200,0.00270576,curve_info,ok,
2026-04-11 02:16:06,TERRA,cw20,xyk,uusd,0.26483441,32.73346354,0.26483441,0.00133386,xyk_pool,ok,
2026-04-11 02:16:06,FROG,cw20,xyk,uluna,0.20238534,0.20238534,0.00163743,0.00000826,xyk_pool,ok,
2026-04-11 02:16:06,ADDVOW,cw20,xyk,uluna,0.26341281,0.26341281,0.00213118,0.00001075,xyk_pool,ok,
2026-04-11 02:16:06,ALPHA,cw20,xyk,uusd,0.00253795,0.31368964,0.00253795,0.00001278,xyk_pool,ok,
2026-04-11 02:16:06,ampLUNC,cw20,xyk,uusd,0.01096247,1.35495867,0.01096247,0.00005521,xyk_pool,ok,
2026-04-11 02:16:06,ampNIP,cw20,xyk,uluna,,,,,,error,Token reserve is zero for ampNIP
2026-04-11 02:16:06,ART,cw20,xyk,uusd,0.00717592,0.88694225,0.00717592,0.00003614,xyk_pool,ok,
2026-04-11 02:16:06,ASTRO,cw20,xyk,uusd,0.08875710,10.97035365,0.08875710,0.00044703,xyk_pool,ok,
2026-04-11 02:16:06,BAKED,cw20,xyk,uluna,109760.02225588,109760.02225588,888.02796327,4.47820828,xyk_pool,ok,
2026-04-11 02:16:06,BENANCE,cw20,xyk,uluna,,,,,,error,Token reserve is zero for BENANCE
2026-04-11 02:16:06,BLAME,cw20,xyk,uluna,0.39707435,0.39707435,0.00321258,0.00001620,xyk_pool,ok,
2026-04-11 02:16:06,BLEEVE,cw20,xyk,uluna,0.17896840,0.17896840,0.00144797,0.00000730,xyk_pool,ok,
2026-04-11 02:16:06,BLUNA,cw20,xyk,uusd,0.00806965,0.99740607,0.00806965,0.00004064,xyk_pool,ok,
2026-04-11 02:16:06,BOTS,cw20,xyk,uluna,0.00086765,0.00086765,0.00000702,0.00000004,xyk_pool,ok,
2026-04-11 02:16:06,BTUSD,cw20,xyk,uusd,72.79569034,8997.52814401,72.79569034,0.36664070,xyk_pool,ok,
2026-04-11 02:16:06,BULL,cw20,xyk,uusd,0.00170842,0.21116061,0.00170842,0.00000860,xyk_pool,ok,
2026-04-11 02:16:06,BURNIX,cw20,xyk,uusd,0.02377007,2.93797424,0.02377007,0.00011972,xyk_pool,ok,
2026-04-11 02:16:06,CatWifHat,cw20,xyk,uluna,0.00040066,0.00040066,0.00000324,0.00000002,xyk_pool,ok,
2026-04-11 02:16:06,CBFC,cw20,xyk,uluna,1.98589914,1.98589914,0.01606718,0.00008102,xyk_pool,ok,
2026-04-11 02:16:06,CL8Y-cb,cw20,xyk,uusd,0.0000000002,0.00000003,0.0000000002,0.0000000000,xyk_pool,ok,
2026-04-11 02:16:06,CNip,cw20,xyk,uluna,40.00801069,40.00801069,0.32369010,0.00163233,xyk_pool,ok,
2026-04-11 02:16:06,COFFEE,cw20,xyk,uluna,0.24429451,0.24429451,0.00197650,0.00000997,xyk_pool,ok,
2026-04-11 02:16:06,CRYSTAL,cw20,xyk,uluna,9.95216178,9.95216178,0.08051928,0.00040605,xyk_pool,ok,
2026-04-11 02:16:06,CTX,cw20,xyk,uusd,44.16406872,5458.66725580,44.16406872,0.22243549,xyk_pool,ok,
2026-04-11 02:16:06,DO,cw20,xyk,uusd,0.00000036,0.00004470,0.00000036,0.0000000018,xyk_pool,ok,
2026-04-11 02:16:06,DOGE,cw20,xyk,uusd,0.15093931,18.65605843,0.15093931,0.00076022,xyk_pool,ok,
2026-04-11 02:16:06,ELPACO,cw20,xyk,uusd,0.46191639,57.09274366,0.46191639,0.00232647,xyk_pool,ok,
2026-04-11 02:16:06,FIRE,cw20,xyk,uluna,0.00009769,0.00009769,0.00000079,0.0000000040,xyk_pool,ok,
2026-04-11 02:16:06,FLX,cw20,xyk,uluna,0.28886599,0.28886599,0.00233711,0.00001179,xyk_pool,ok,
2026-04-11 02:16:06,FOOD,cw20,xyk,uluna,0.00706732,0.00706732,0.00005718,0.00000029,xyk_pool,ok,
2026-04-11 02:16:06,FRG,cw20,xyk,uluna,15.55638506,15.55638506,0.12586099,0.00063470,xyk_pool,ok,
2026-04-11 02:16:06,FUN,cw20,xyk,uluna,88563.96609025,88563.96609025,716.53847011,3.61340931,xyk_pool,ok,
2026-04-11 02:16:06,Futureflare,cw20,xyk,uusd,0.11947228,14.76674172,0.11947228,0.00060173,xyk_pool,ok,
2026-04-11 02:16:06,GRDX,cw20,xyk,uusd,0.25245427,31.20328173,0.25245427,0.00127150,xyk_pool,ok,
2026-04-11 02:16:06,HOTL,cw20,xyk,uluna,1.70643012,1.70643012,0.01380610,0.00006962,xyk_pool,ok,
2026-04-11 02:16:06,IDEV,cw20,xyk,uluna,11.74480617,11.74480617,0.09502291,0.00047919,xyk_pool,ok,
2026-04-11 02:16:06,JURASS,cw20,xyk,uluna,0.01220404,0.01220404,0.00009874,0.00000050,xyk_pool,ok,
2026-04-11 02:16:06,JURIS,cw20,xyk,uluna,0.06089057,0.06089057,0.00049264,0.00000248,xyk_pool,ok,
2026-04-11 02:16:06,KENNY,cw20,xyk,uluna,0.00914286,0.00914286,0.00007397,0.00000037,xyk_pool,ok,
2026-04-11 02:16:06,KNEEL,cw20,xyk,uluna,12.16015193,12.16015193,0.09838332,0.00049613,xyk_pool,ok,
2026-04-11 02:16:06,KRQ,cw20,xyk,uluna,0.00185513,0.00185513,0.00001501,0.00000008,xyk_pool,ok,
2026-04-11 02:16:06,LCM,cw20,xyk,uluna,0.00228269,0.00228269,0.00001847,0.00000009,xyk_pool,ok,
2026-04-11 02:16:06,LCW,cw20,xyk,uluna,6.67871091,6.67871091,0.05403499,0.00027249,xyk_pool,ok,
2026-04-11 02:16:06,LEAPE,cw20,xyk,uluna,0.00000271,0.00000271,0.00000002,0.0000000001,xyk_pool,ok,
2026-04-11 02:16:06,LennyL,cw20,xyk,uluna,0.00000772,0.00000772,0.00000006,0.0000000003,xyk_pool,ok,
2026-04-11 02:16:06,LENNYR,cw20,xyk,uluna,0.00001452,0.00001452,0.00000012,0.0000000006,xyk_pool,ok,
2026-04-11 02:16:06,LIX,cw20,xyk,uluna,0.21616655,0.21616655,0.00174892,0.00000882,xyk_pool,ok,
2026-04-11 02:16:06,LTK,cw20,xyk,uusd,1.25033550,154.54113825,1.25033550,0.00629740,xyk_pool,ok,
2026-04-11 02:16:06,LTRN,cw20,xyk,uluna,0.00135170,0.00135170,0.00001094,0.00000006,xyk_pool,ok,
2026-04-11 02:16:06,MBA,cw20,xyk,uluna,0.12932449,0.12932449,0.00104632,0.00000528,xyk_pool,ok,
2026-04-11 02:16:06,MIOFF,cw20,xyk,uluna,0.00031729,0.00031729,0.00000257,0.00000001,xyk_pool,ok,
2026-04-11 02:16:06,MIR,cw20,xyk,uusd,1.12523439,139.07867362,1.12523439,0.00566732,xyk_pool,ok,
2026-04-11 02:16:06,NHera,cw20,xyk,uluna,0.00108587,0.00108587,0.00000879,0.00000004,xyk_pool,ok,
2026-04-11 02:16:06,PoG,cw20,xyk,uluna,0.00223621,0.00223621,0.00001809,0.00000009,xyk_pool,ok,
2026-04-11 02:16:06,QUID,cw20,xyk,uluna,2.80202791,2.80202791,0.02267018,0.00011432,xyk_pool,ok,
2026-04-11 02:16:06,ROTTI,cw20,xyk,uluna,0.00008453,0.00008453,0.00000068,0.0000000034,xyk_pool,ok,
2026-04-11 02:16:06,SAYVE,cw20,xyk,uusd,0.00008041,0.00993856,0.00008041,0.00000040,xyk_pool,ok,
2026-04-11 02:16:06,SELE,cw20,xyk,uluna,283.76148573,283.76148573,2.29580980,0.01157747,xyk_pool,ok,
2026-04-11 02:16:06,SKI,cw20,xyk,uusd,0.01067704,1.31967909,0.01067704,0.00005378,xyk_pool,ok,
2026-04-11 02:16:06,SMF,cw20,xyk,uluna,0.53753235,0.53753235,0.00434898,0.00002193,xyk_pool,ok,
2026-04-11 02:16:06,SMT,cw20,xyk,uluna,1.61420282,1.61420282,0.01305992,0.00006586,xyk_pool,ok,
2026-04-11 02:16:06,Tbold,cw20,xyk,uluna,,,,,,error,Token reserve is zero for Tbold
2026-04-11 02:16:06,TCR,cw20,xyk,uluna,0.74711337,0.74711337,0.00604462,0.00003048,xyk_pool,ok,
2026-04-11 02:16:06,TEAI,cw20,xyk,uluna,0.00539041,0.00539041,0.00004361,0.00000022,xyk_pool,ok,
2026-04-11 02:16:06,TEST,cw20,xyk,uluna,1.05709550,1.05709550,0.00855257,0.00004313,xyk_pool,ok,
2026-04-11 02:16:06,TESTC,cw20,xyk,uusd,0.0000000000,0.0000000049,0.0000000000,0.0000000000,xyk_pool,ok,
2026-04-11 02:16:06,THC,cw20,xyk,uluna,0.01428738,0.01428738,0.00011559,0.00000058,xyk_pool,ok,
2026-04-11 02:16:06,TNEWS,cw20,xyk,uluna,0.36486527,0.36486527,0.00295199,0.00001489,xyk_pool,ok,
2026-04-11 02:16:06,ULC,cw20,xyk,uluna,0.01162415,0.01162415,0.00009405,0.00000047,xyk_pool,ok,
2026-04-11 02:16:06,USTRIX,cw20,xyk,uluna,6085.30544667,6085.30544667,49.23396780,0.24828043,xyk_pool,ok,
2026-04-11 02:16:06,UwU,cw20,xyk,uluna,0.44270946,0.44270946,0.00358180,0.00001806,xyk_pool,ok,
2026-04-11 02:16:06,VIMA,cw20,xyk,uluna,5.48845566,5.48845566,0.04440508,0.00022393,xyk_pool,ok,
2026-04-11 02:16:06,WAVAX,cw20,xyk,uusd,2338.72649720,289065.97877544,2338.72649720,11.77916312,xyk_pool,ok,
2026-04-11 02:16:06,WETH,cw20,xyk,uusd,259032.62647033,32016364.37399023,259032.62647033,1304.63633224,xyk_pool,ok,
2026-04-11 02:17:17,LUNC,native,native_reference,uluna,1.00000000,1.00000000,0.00809438,0.00004081,swaprate,ok,
2026-04-11 02:17:17,USTC,native,native_reference,uusd,123.54246003,123.54246003,1.00000000,0.00504239,contract,ok,
2026-04-11 02:17:17,AUTC,native,oracle_1pct,uaud,173.26071315,173.26071315,1.40243859,0.00707164,swaprate_1pct,ok,
2026-04-11 02:17:17,CATC,native,oracle_1pct,ucad,177.25942214,177.25942214,1.43480567,0.00723484,swaprate_1pct,ok,
2026-04-11 02:17:17,CHTC,native,native_xyk,uusd,20787.61831728,20787.61831728,168.26294630,0.84844660,native_xyk_pool,ok,
2026-04-11 02:17:17,CNTC,native,oracle_1pct,ucny,35.88072923,35.88072923,0.29043237,0.00146447,swaprate_1pct,ok,
2026-04-11 02:17:17,DKTC,native,oracle_1pct,udkk,38.39708607,38.39708607,0.31080072,0.00156718,swaprate_1pct,ok,
2026-04-11 02:17:17,EUTC,native,native_xyk,uusd,7277.80614375,7277.80614375,58.90935102,0.29704364,native_xyk_pool,ok,
2026-04-11 02:17:17,GBTC,native,oracle_1pct,ugbp,329.40476992,329.40476992,2.66632840,0.01344466,swaprate_1pct,ok,
2026-04-11 02:17:17,HKTC,native,oracle_1pct,uhkd,31.28014346,31.28014346,0.25319346,0.00127670,swaprate_1pct,ok,
2026-04-11 02:17:17,IDTC,native,oracle_1pct,uidr,0.01433297,0.01433297,0.00011602,0.00000058,swaprate_1pct,ok,
2026-04-11 02:17:17,INTC,native,oracle_1pct,uinr,2.63761374,2.63761374,0.02134986,0.00010765,swaprate_1pct,ok,
2026-04-11 02:17:17,JPTC,native,oracle_1pct,ujpy,1.53909109,1.53909109,0.01245799,0.00006282,swaprate_1pct,ok,
2026-04-11 02:17:17,KRTC,native,native_xyk,uluna,0.74216312,0.74216312,0.00600735,0.00003029,native_xyk_pool,ok,
2026-04-11 02:17:17,MNTC,native,native_xyk,uluna,0.71468172,0.71468172,0.00578491,0.00002917,native_xyk_pool,ok,
2026-04-11 02:17:17,MYTC,native,oracle_1pct,umyr,61.79267940,61.79267940,0.50017362,0.00252207,swaprate_1pct,ok,
2026-04-11 02:17:17,NOTC,native,oracle_1pct,unok,25.81096278,25.81096278,0.20892382,0.00105347,swaprate_1pct,ok,
2026-04-11 02:17:17,PHTC,native,oracle_1pct,uphp,4.09383823,4.09383823,0.03313709,0.00016709,swaprate_1pct,ok,
2026-04-11 02:17:17,SDTC,native,native_xyk,uluna,25149.24571523,25149.24571523,203.56762938,1.02646642,native_xyk_pool,ok,
2026-04-11 02:17:17,SETC,native,oracle_1pct,usek,26.47933228,26.47933228,0.21433386,0.00108075,swaprate_1pct,ok,
2026-04-11 02:17:17,SGTC,native,oracle_1pct,usgd,192.32904670,192.32904670,1.55678498,0.00784991,swaprate_1pct,ok,
2026-04-11 02:17:17,THTC,native,oracle_1pct,uthb,7.63264764,7.63264764,0.06178157,0.00031153,swaprate_1pct,ok,
2026-04-11 02:17:17,WESO,cw20,tbc,uluna,39.57802000,39.57802000,0.32035966,0.00161538,curve_info,ok,
2026-04-11 02:17:17,reBASE,cw20,tbc,uusd,0.53722200,66.36972746,0.53722200,0.00270888,curve_info,ok,
2026-04-11 02:17:17,TERRA,cw20,xyk,uusd,0.26483441,32.71829476,0.26483441,0.00133540,xyk_pool,ok,
2026-04-11 02:17:17,FROG,cw20,xyk,uluna,0.20238534,0.20238534,0.00163818,0.00000826,xyk_pool,ok,
2026-04-11 02:17:17,ADDVOW,cw20,xyk,uluna,0.26341281,0.26341281,0.00213216,0.00001075,xyk_pool,ok,
2026-04-11 02:17:17,ALPHA,cw20,xyk,uusd,0.00253795,0.31354428,0.00253795,0.00001280,xyk_pool,ok,
2026-04-11 02:17:17,ampLUNC,cw20,xyk,uusd,0.01096247,1.35433078,0.01096247,0.00005528,xyk_pool,ok,
2026-04-11 02:17:17,ampNIP,cw20,xyk,uluna,,,,,,error,Token reserve is zero for ampNIP
2026-04-11 02:17:17,ART,cw20,xyk,uusd,0.00717592,0.88653124,0.00717592,0.00003618,xyk_pool,ok,
2026-04-11 02:17:17,ASTRO,cw20,xyk,uusd,0.08875710,10.96526996,0.08875710,0.00044755,xyk_pool,ok,
2026-04-11 02:17:17,BAKED,cw20,xyk,uluna,109760.02225588,109760.02225588,888.43966871,4.47985511,xyk_pool,ok,
2026-04-11 02:17:17,BENANCE,cw20,xyk,uluna,,,,,,error,Token reserve is zero for BENANCE
2026-04-11 02:17:17,BLAME,cw20,xyk,uluna,0.39707435,0.39707435,0.00321407,0.00001621,xyk_pool,ok,
2026-04-11 02:17:17,BLEEVE,cw20,xyk,uluna,0.17896840,0.17896840,0.00144864,0.00000730,xyk_pool,ok,
2026-04-11 02:17:17,BLUNA,cw20,xyk,uusd,0.00806965,0.99694387,0.00806965,0.00004069,xyk_pool,ok,
2026-04-11 02:17:17,BOTS,cw20,xyk,uluna,0.00086765,0.00086765,0.00000702,0.00000004,xyk_pool,ok,
2026-04-11 02:17:17,BTUSD,cw20,xyk,uusd,72.79569034,8993.35866422,72.79569034,0.36706392,xyk_pool,ok,
2026-04-11 02:17:17,BULL,cw20,xyk,uusd,0.00170842,0.21106276,0.00170842,0.00000861,xyk_pool,ok,
2026-04-11 02:17:17,BURNIX,cw20,xyk,uusd,0.02377007,2.93661278,0.02377007,0.00011986,xyk_pool,ok,
2026-04-11 02:17:17,CatWifHat,cw20,xyk,uluna,0.00040066,0.00040066,0.00000324,0.00000002,xyk_pool,ok,
2026-04-11 02:17:17,CBFC,cw20,xyk,uluna,1.98589914,1.98589914,0.01607463,0.00008105,xyk_pool,ok,
2026-04-11 02:17:17,CL8Y-cb,cw20,xyk,uusd,0.0000000002,0.00000003,0.0000000002,0.0000000000,xyk_pool,ok,
2026-04-11 02:17:17,CNip,cw20,xyk,uluna,40.00801069,40.00801069,0.32384017,0.00163293,xyk_pool,ok,
2026-04-11 02:17:17,COFFEE,cw20,xyk,uluna,0.24429451,0.24429451,0.00197741,0.00000997,xyk_pool,ok,
2026-04-11 02:17:17,CRYSTAL,cw20,xyk,uluna,9.95216178,9.95216178,0.08055661,0.00040620,xyk_pool,ok,
2026-04-11 02:17:17,CTX,cw20,xyk,uusd,44.16406872,5456.13769408,44.16406872,0.22269225,xyk_pool,ok,
2026-04-11 02:17:17,DO,cw20,xyk,uusd,0.00000036,0.00004468,0.00000036,0.0000000018,xyk_pool,ok,
2026-04-11 02:17:17,DOGE,cw20,xyk,uusd,0.15093931,18.64741316,0.15093931,0.00076109,xyk_pool,ok,
2026-04-11 02:17:17,ELPACO,cw20,xyk,uusd,0.46191639,57.06628672,0.46191639,0.00232916,xyk_pool,ok,
2026-04-11 02:17:17,FIRE,cw20,xyk,uluna,0.00009769,0.00009769,0.00000079,0.0000000040,xyk_pool,ok,
2026-04-11 02:17:17,FLX,cw20,xyk,uluna,0.28886599,0.28886599,0.00233819,0.00001179,xyk_pool,ok,
2026-04-11 02:17:17,FOOD,cw20,xyk,uluna,0.00706732,0.00706732,0.00005721,0.00000029,xyk_pool,ok,
2026-04-11 02:17:17,FRG,cw20,xyk,uluna,15.55638506,15.55638506,0.12591934,0.00063493,xyk_pool,ok,
2026-04-11 02:17:17,FUN,cw20,xyk,uluna,88563.96609025,88563.96609025,716.87066999,3.61473812,xyk_pool,ok,
2026-04-11 02:17:17,Futureflare,cw20,xyk,uusd,0.11947228,14.75989878,0.11947228,0.00060243,xyk_pool,ok,
2026-04-11 02:17:17,GRDX,cw20,xyk,uusd,0.25245427,31.18882204,0.25245427,0.00127297,xyk_pool,ok,
2026-04-11 02:17:17,HOTL,cw20,xyk,uluna,1.70643012,1.70643012,0.01381250,0.00006965,xyk_pool,ok,
2026-04-11 02:17:17,IDEV,cw20,xyk,uluna,11.74480617,11.74480617,0.09506696,0.00047936,xyk_pool,ok,
2026-04-11 02:17:17,JURASS,cw20,xyk,uluna,0.01220404,0.01220404,0.00009878,0.00000050,xyk_pool,ok,
2026-04-11 02:17:17,JURIS,cw20,xyk,uluna,0.06089057,0.06089057,0.00049287,0.00000249,xyk_pool,ok,
2026-04-11 02:17:17,KENNY,cw20,xyk,uluna,0.00914286,0.00914286,0.00007401,0.00000037,xyk_pool,ok,
2026-04-11 02:17:17,KNEEL,cw20,xyk,uluna,12.16015193,12.16015193,0.09842893,0.00049632,xyk_pool,ok,
2026-04-11 02:17:17,KRQ,cw20,xyk,uluna,0.00185513,0.00185513,0.00001502,0.00000008,xyk_pool,ok,
2026-04-11 02:17:17,LCM,cw20,xyk,uluna,0.00228269,0.00228269,0.00001848,0.00000009,xyk_pool,ok,
2026-04-11 02:17:17,LCW,cw20,xyk,uluna,6.67871091,6.67871091,0.05406004,0.00027259,xyk_pool,ok,
2026-04-11 02:17:17,LEAPE,cw20,xyk,uluna,0.00000271,0.00000271,0.00000002,0.0000000001,xyk_pool,ok,
2026-04-11 02:17:17,LennyL,cw20,xyk,uluna,0.00000772,0.00000772,0.00000006,0.0000000003,xyk_pool,ok,
2026-04-11 02:17:17,LENNYR,cw20,xyk,uluna,0.00001452,0.00001452,0.00000012,0.0000000006,xyk_pool,ok,
2026-04-11 02:17:17,LIX,cw20,xyk,uluna,0.21616655,0.21616655,0.00174973,0.00000882,xyk_pool,ok,
2026-04-11 02:17:17,LTK,cw20,xyk,uusd,1.25033550,154.46952345,1.25033550,0.00630467,xyk_pool,ok,
2026-04-11 02:17:17,LTRN,cw20,xyk,uluna,0.00135170,0.00135170,0.00001094,0.00000006,xyk_pool,ok,
2026-04-11 02:17:17,MBA,cw20,xyk,uluna,0.12932449,0.12932449,0.00104680,0.00000528,xyk_pool,ok,
2026-04-11 02:17:17,MIOFF,cw20,xyk,uluna,0.00031729,0.00031729,0.00000257,0.00000001,xyk_pool,ok,
2026-04-11 02:17:17,MIR,cw20,xyk,uusd,1.12523439,139.01422417,1.12523439,0.00567387,xyk_pool,ok,
2026-04-11 02:17:17,NHera,cw20,xyk,uluna,0.00108587,0.00108587,0.00000879,0.00000004,xyk_pool,ok,
2026-04-11 02:17:17,PoG,cw20,xyk,uluna,0.00223621,0.00223621,0.00001810,0.00000009,xyk_pool,ok,
2026-04-11 02:17:17,QUID,cw20,xyk,uluna,2.80202791,2.80202791,0.02268069,0.00011436,xyk_pool,ok,
2026-04-11 02:17:17,ROTTI,cw20,xyk,uluna,0.00008453,0.00008453,0.00000068,0.0000000035,xyk_pool,ok,
2026-04-11 02:17:17,SAYVE,cw20,xyk,uusd,0.00008041,0.00993395,0.00008041,0.00000041,xyk_pool,ok,
2026-04-11 02:17:17,SELE,cw20,xyk,uluna,283.76148573,283.76148573,2.29687417,0.01158172,xyk_pool,ok,
2026-04-11 02:17:17,SKI,cw20,xyk,uusd,0.01067704,1.31906754,0.01067704,0.00005384,xyk_pool,ok,
2026-04-11 02:17:17,SMF,cw20,xyk,uluna,0.53753235,0.53753235,0.00435099,0.00002194,xyk_pool,ok,
2026-04-11 02:17:17,SMT,cw20,xyk,uluna,1.61420282,1.61420282,0.01306598,0.00006588,xyk_pool,ok,
2026-04-11 02:17:17,Tbold,cw20,xyk,uluna,,,,,,error,Token reserve is zero for Tbold
2026-04-11 02:17:17,TCR,cw20,xyk,uluna,0.74711337,0.74711337,0.00604742,0.00003049,xyk_pool,ok,
2026-04-11 02:17:17,TEAI,cw20,xyk,uluna,0.00539041,0.00539041,0.00004363,0.00000022,xyk_pool,ok,
2026-04-11 02:17:17,TEST,cw20,xyk,uluna,1.05709550,1.05709550,0.00855654,0.00004315,xyk_pool,ok,
2026-04-11 02:17:17,TESTC,cw20,xyk,uusd,0.0000000000,0.0000000049,0.0000000000,0.0000000000,xyk_pool,ok,
2026-04-11 02:17:17,THC,cw20,xyk,uluna,0.01428738,0.01428738,0.00011565,0.00000058,xyk_pool,ok,
2026-04-11 02:17:17,TNEWS,cw20,xyk,uluna,0.36486527,0.36486527,0.00295336,0.00001489,xyk_pool,ok,
2026-04-11 02:17:17,ULC,cw20,xyk,uluna,0.01162415,0.01162415,0.00009409,0.00000047,xyk_pool,ok,
2026-04-11 02:17:17,USTRIX,cw20,xyk,uluna,6085.30544667,6085.30544667,49.25679354,0.24837173,xyk_pool,ok,
2026-04-11 02:17:17,UwU,cw20,xyk,uluna,0.44270946,0.44270946,0.00358346,0.00001807,xyk_pool,ok,
2026-04-11 02:17:17,VIMA,cw20,xyk,uluna,5.48845566,5.48845566,0.04442566,0.00022401,xyk_pool,ok,
2026-04-11 02:17:17,WAVAX,cw20,xyk,uusd,2338.72649720,288932.02478986,2338.72649720,11.79276008,xyk_pool,ok,
2026-04-11 02:17:17,WETH,cw20,xyk,uusd,259032.62647033,32001527.90091249,259032.62647033,1306.14230450,xyk_pool,ok,
2026-04-11 02:23:36,LUNC,native,native_reference,uluna,1.00000000,1.00000000,0.00810995,0.00004087,swaprate,ok,
2026-04-11 02:23:36,USTC,native,native_reference,uusd,123.30535564,123.30535564,1.00000000,0.00504119,contract,ok,
2026-04-11 02:23:36,AUTC,native,oracle_1pct,uaud,173.01136247,173.01136247,1.40311312,0.00707164,swaprate_1pct,ok,
2026-04-11 02:23:36,CATC,native,oracle_1pct,ucad,177.00431665,177.00431665,1.43549577,0.00723484,swaprate_1pct,ok,
2026-04-11 02:23:36,CHTC,native,native_xyk,uusd,20747.72243414,20747.72243414,168.26294630,0.84824626,native_xyk_pool,ok,
2026-04-11 02:23:36,CNTC,native,oracle_1pct,ucny,35.82909096,35.82909096,0.29057206,0.00146447,swaprate_1pct,ok,
2026-04-11 02:23:36,DKTC,native,oracle_1pct,udkk,38.34182635,38.34182635,0.31095021,0.00156718,swaprate_1pct,ok,
2026-04-11 02:23:36,EUTC,native,native_xyk,uusd,7263.83847804,7263.83847804,58.90935102,0.29697350,native_xyk_pool,ok,
2026-04-11 02:23:36,GBTC,native,oracle_1pct,ugbp,328.93070224,328.93070224,2.66761083,0.01344466,swaprate_1pct,ok,
2026-04-11 02:23:36,HKTC,native,oracle_1pct,uhkd,31.23512619,31.23512619,0.25331524,0.00127670,swaprate_1pct,ok,
2026-04-11 02:23:36,IDTC,native,oracle_1pct,uidr,0.01431234,0.01431234,0.00011607,0.00000058,swaprate_1pct,ok,
2026-04-11 02:23:36,INTC,native,oracle_1pct,uinr,2.63381778,2.63381778,0.02136012,0.00010765,swaprate_1pct,ok,
2026-04-11 02:23:36,JPTC,native,oracle_1pct,ujpy,1.53687608,1.53687608,0.01246398,0.00006282,swaprate_1pct,ok,
2026-04-11 02:23:36,KRTC,native,native_xyk,uluna,0.74216312,0.74216312,0.00601890,0.00003034,native_xyk_pool,ok,
2026-04-11 02:23:36,MNTC,native,native_xyk,uluna,0.71468172,0.71468172,0.00579603,0.00002921,native_xyk_pool,ok,
2026-04-11 02:23:36,MYTC,native,oracle_1pct,umyr,61.70374956,61.70374956,0.50041419,0.00252207,swaprate_1pct,ok,
2026-04-11 02:23:36,NOTC,native,oracle_1pct,unok,25.77381655,25.77381655,0.20902431,0.00105347,swaprate_1pct,ok,
2026-04-11 02:23:36,PHTC,native,oracle_1pct,uphp,4.08794652,4.08794652,0.03315303,0.00016709,swaprate_1pct,ok,
2026-04-11 02:23:36,SDTC,native,native_xyk,uluna,25149.24571523,25149.24571523,203.95907044,1.02794580,native_xyk_pool,ok,
2026-04-11 02:23:36,SETC,native,oracle_1pct,usek,26.44122416,26.44122416,0.21443695,0.00108075,swaprate_1pct,ok,
2026-04-11 02:23:36,SGTC,native,oracle_1pct,usgd,192.05225355,192.05225355,1.55753375,0.00784991,swaprate_1pct,ok,
2026-04-11 02:23:36,THTC,native,oracle_1pct,uthb,7.62166301,7.62166301,0.06181129,0.00031153,swaprate_1pct,ok,
2026-04-11 02:23:36,WESO,cw20,tbc,uluna,39.57792400,39.57792400,0.32097490,0.00161770,curve_info,ok,
2026-04-11 02:23:36,reBASE,cw20,tbc,uusd,0.53720600,66.24037688,0.53720600,0.00270816,curve_info,ok,
2026-04-11 02:23:36,TERRA,cw20,xyk,uusd,0.26483441,32.65550136,0.26483441,0.00133508,xyk_pool,ok,
2026-04-11 02:23:36,FROG,cw20,xyk,uluna,0.20238534,0.20238534,0.00164133,0.00000827,xyk_pool,ok,
2026-04-11 02:23:36,ADDVOW,cw20,xyk,uluna,0.26341281,0.26341281,0.00213626,0.00001077,xyk_pool,ok,
2026-04-11 02:23:36,ALPHA,cw20,xyk,uusd,0.00253795,0.31294252,0.00253795,0.00001279,xyk_pool,ok,
2026-04-11 02:23:36,ampLUNC,cw20,xyk,uusd,0.01096247,1.35173153,0.01096247,0.00005526,xyk_pool,ok,
2026-04-11 02:23:36,ampNIP,cw20,xyk,uluna,,,,,,error,Token reserve is zero for ampNIP
2026-04-11 02:23:36,ART,cw20,xyk,uusd,0.00717592,0.88482979,0.00717592,0.00003618,xyk_pool,ok,
2026-04-11 02:23:36,ASTRO,cw20,xyk,uusd,0.08875710,10.94422526,0.08875710,0.00044744,xyk_pool,ok,
2026-04-11 02:23:36,BAKED,cw20,xyk,uluna,109760.02225588,109760.02225588,890.14805310,4.48631165,xyk_pool,ok,
2026-04-11 02:23:36,BENANCE,cw20,xyk,uluna,,,,,,error,Token reserve is zero for BENANCE
2026-04-11 02:23:36,BLAME,cw20,xyk,uluna,0.39707435,0.39707435,0.00322025,0.00001623,xyk_pool,ok,
2026-04-11 02:23:36,BLEEVE,cw20,xyk,uluna,0.17896840,0.17896840,0.00145142,0.00000732,xyk_pool,ok,
2026-04-11 02:23:36,BLUNA,cw20,xyk,uusd,0.00806965,0.99503052,0.00806965,0.00004068,xyk_pool,ok,
2026-04-11 02:23:36,BOTS,cw20,xyk,uluna,0.00086765,0.00086765,0.00000704,0.00000004,xyk_pool,ok,
2026-04-11 02:23:36,BTUSD,cw20,xyk,uusd,72.79569034,8976.09848652,72.79569034,0.36697724,xyk_pool,ok,
2026-04-11 02:23:36,BULL,cw20,xyk,uusd,0.00170842,0.21065768,0.00170842,0.00000861,xyk_pool,ok,
2026-04-11 02:23:36,BURNIX,cw20,xyk,uusd,0.02377007,2.93097679,0.02377007,0.00011983,xyk_pool,ok,
2026-04-11 02:23:36,CatWifHat,cw20,xyk,uluna,0.00040066,0.00040066,0.00000325,0.00000002,xyk_pool,ok,
2026-04-11 02:23:36,CBFC,cw20,xyk,uluna,1.98589914,1.98589914,0.01610554,0.00008117,xyk_pool,ok,
2026-04-11 02:23:36,CL8Y-cb,cw20,xyk,uusd,0.0000000002,0.00000003,0.0000000002,0.0000000000,xyk_pool,ok,
2026-04-11 02:23:36,CNip,cw20,xyk,uluna,40.00801069,40.00801069,0.32446288,0.00163528,xyk_pool,ok,
2026-04-11 02:23:36,COFFEE,cw20,xyk,uluna,0.24429451,0.24429451,0.00198122,0.00000999,xyk_pool,ok,
2026-04-11 02:23:36,CRYSTAL,cw20,xyk,uluna,9.95216178,9.95216178,0.08071151,0.00040678,xyk_pool,ok,
2026-04-11 02:23:36,CTX,cw20,xyk,uusd,44.16406872,5445.66619954,44.16406872,0.22263966,xyk_pool,ok,
2026-04-11 02:23:36,DO,cw20,xyk,uusd,0.00000036,0.00004460,0.00000036,0.0000000018,xyk_pool,ok,
2026-04-11 02:23:36,DOGE,cw20,xyk,uusd,0.15093931,18.61162478,0.15093931,0.00076091,xyk_pool,ok,
2026-04-11 02:23:36,ELPACO,cw20,xyk,uusd,0.46191639,56.95676432,0.46191639,0.00232861,xyk_pool,ok,
2026-04-11 02:23:36,FIRE,cw20,xyk,uluna,0.00009769,0.00009769,0.00000079,0.0000000040,xyk_pool,ok,
2026-04-11 02:23:36,FLX,cw20,xyk,uluna,0.28886599,0.28886599,0.00234269,0.00001181,xyk_pool,ok,
2026-04-11 02:23:36,FOOD,cw20,xyk,uluna,0.00706732,0.00706732,0.00005732,0.00000029,xyk_pool,ok,
2026-04-11 02:23:36,FRG,cw20,xyk,uluna,15.55638506,15.55638506,0.12616147,0.00063585,xyk_pool,ok,
2026-04-11 02:23:36,FUN,cw20,xyk,uluna,88807.91736976,88807.91736976,720.22757578,3.62991904,xyk_pool,ok,
2026-04-11 02:23:36,Futureflare,cw20,xyk,uusd,0.11947228,14.73157137,0.11947228,0.00060228,xyk_pool,ok,
2026-04-11 02:23:36,GRDX,cw20,xyk,uusd,0.25245427,31.12896403,0.25245427,0.00127267,xyk_pool,ok,
2026-04-11 02:23:36,HOTL,cw20,xyk,uluna,1.70643012,1.70643012,0.01383906,0.00006975,xyk_pool,ok,
2026-04-11 02:23:36,IDEV,cw20,xyk,uluna,11.74480617,11.74480617,0.09524977,0.00048006,xyk_pool,ok,
2026-04-11 02:23:36,JURASS,cw20,xyk,uluna,0.01220404,0.01220404,0.00009897,0.00000050,xyk_pool,ok,
2026-04-11 02:23:36,JURIS,cw20,xyk,uluna,0.06089057,0.06089057,0.00049382,0.00000249,xyk_pool,ok,
2026-04-11 02:23:36,KENNY,cw20,xyk,uluna,0.00914286,0.00914286,0.00007415,0.00000037,xyk_pool,ok,
2026-04-11 02:23:36,KNEEL,cw20,xyk,uluna,12.16015193,12.16015193,0.09861820,0.00049703,xyk_pool,ok,
2026-04-11 02:23:36,KRQ,cw20,xyk,uluna,0.00185513,0.00185513,0.00001505,0.00000008,xyk_pool,ok,
2026-04-11 02:23:36,LCM,cw20,xyk,uluna,0.00228269,0.00228269,0.00001851,0.00000009,xyk_pool,ok,
2026-04-11 02:23:36,LCW,cw20,xyk,uluna,6.67871091,6.67871091,0.05416400,0.00027298,xyk_pool,ok,
2026-04-11 02:23:36,LEAPE,cw20,xyk,uluna,0.00000271,0.00000271,0.00000002,0.0000000001,xyk_pool,ok,
2026-04-11 02:23:36,LennyL,cw20,xyk,uluna,0.00000772,0.00000772,0.00000006,0.0000000003,xyk_pool,ok,
2026-04-11 02:23:36,LENNYR,cw20,xyk,uluna,0.00001452,0.00001452,0.00000012,0.0000000006,xyk_pool,ok,
2026-04-11 02:23:36,LIX,cw20,xyk,uluna,0.21616655,0.21616655,0.00175310,0.00000884,xyk_pool,ok,
2026-04-11 02:23:36,LTK,cw20,xyk,uusd,1.25033550,154.17306342,1.25033550,0.00630318,xyk_pool,ok,
2026-04-11 02:23:36,LTRN,cw20,xyk,uluna,0.00135170,0.00135170,0.00001096,0.00000006,xyk_pool,ok,
2026-04-11 02:23:36,MBA,cw20,xyk,uluna,0.12932449,0.12932449,0.00104881,0.00000529,xyk_pool,ok,
2026-04-11 02:23:36,MIOFF,cw20,xyk,uluna,0.00031729,0.00031729,0.00000257,0.00000001,xyk_pool,ok,
2026-04-11 02:23:36,MIR,cw20,xyk,uusd,1.12523439,138.74742616,1.12523439,0.00567253,xyk_pool,ok,
2026-04-11 02:23:36,NHera,cw20,xyk,uluna,0.00108587,0.00108587,0.00000881,0.00000004,xyk_pool,ok,
2026-04-11 02:23:36,PoG,cw20,xyk,uluna,0.00223621,0.00223621,0.00001814,0.00000009,xyk_pool,ok,
2026-04-11 02:23:36,QUID,cw20,xyk,uluna,2.80202791,2.80202791,0.02272430,0.00011453,xyk_pool,ok,
2026-04-11 02:23:36,ROTTI,cw20,xyk,uluna,0.00008453,0.00008453,0.00000069,0.0000000035,xyk_pool,ok,
2026-04-11 02:23:36,SAYVE,cw20,xyk,uusd,0.00008041,0.00991488,0.00008041,0.00000041,xyk_pool,ok,
2026-04-11 02:23:36,SELE,cw20,xyk,uluna,283.76148573,283.76148573,2.30129084,0.01159842,xyk_pool,ok,
2026-04-11 02:23:36,SKI,cw20,xyk,uusd,0.01067704,1.31653597,0.01067704,0.00005383,xyk_pool,ok,
2026-04-11 02:23:36,SMF,cw20,xyk,uluna,0.53753235,0.53753235,0.00435936,0.00002197,xyk_pool,ok,
2026-04-11 02:23:36,SMT,cw20,xyk,uluna,1.61420282,1.61420282,0.01309110,0.00006598,xyk_pool,ok,
2026-04-11 02:23:36,Tbold,cw20,xyk,uluna,,,,,,error,Token reserve is zero for Tbold
2026-04-11 02:23:36,TCR,cw20,xyk,uluna,0.74711337,0.74711337,0.00605905,0.00003054,xyk_pool,ok,
2026-04-11 02:23:36,TEAI,cw20,xyk,uluna,0.00539041,0.00539041,0.00004372,0.00000022,xyk_pool,ok,
2026-04-11 02:23:36,TEST,cw20,xyk,uluna,1.05709550,1.05709550,0.00857299,0.00004321,xyk_pool,ok,
2026-04-11 02:23:36,TESTC,cw20,xyk,uusd,0.0000000000,0.0000000049,0.0000000000,0.0000000000,xyk_pool,ok,
2026-04-11 02:23:36,THC,cw20,xyk,uluna,0.01428738,0.01428738,0.00011587,0.00000058,xyk_pool,ok,
2026-04-11 02:23:36,TNEWS,cw20,xyk,uluna,0.36486527,0.36486527,0.00295904,0.00001491,xyk_pool,ok,
2026-04-11 02:23:36,ULC,cw20,xyk,uluna,0.01162415,0.01162415,0.00009427,0.00000048,xyk_pool,ok,
2026-04-11 02:23:36,USTRIX,cw20,xyk,uluna,6085.30544667,6085.30544667,49.35150963,0.24872969,xyk_pool,ok,
2026-04-11 02:23:36,UwU,cw20,xyk,uluna,0.44270946,0.44270946,0.00359035,0.00001810,xyk_pool,ok,
2026-04-11 02:23:36,VIMA,cw20,xyk,uluna,5.48845566,5.48845566,0.04451109,0.00022433,xyk_pool,ok,
2026-04-11 02:23:36,WAVAX,cw20,xyk,uusd,2338.72649720,288377.50247185,2338.72649720,11.78997540,xyk_pool,ok,
2026-04-11 02:23:36,WETH,cw20,xyk,uusd,259032.62647033,31940110.12818763,259032.62647033,1305.83387853,xyk_pool,ok,
2026-04-11 02:29:55,LUNC,native,native_reference,uluna,1.00000000,1.00000000,0.00812989,0.00004095,swaprate,ok,
2026-04-11 02:29:55,USTC,native,native_reference,uusd,123.00288920,123.00288920,1.00000000,0.00503670,contract,ok,
2026-04-11 02:29:55,AUTC,native,oracle_1pct,uaud,172.68662336,172.68662336,1.40392331,0.00707164,swaprate_1pct,ok,
2026-04-11 02:29:55,CATC,native,oracle_1pct,ucad,176.67208285,176.67208285,1.43632466,0.00723484,swaprate_1pct,ok,
2026-04-11 02:29:55,CHTC,native,native_xyk,uusd,20696.82854063,20696.82854063,168.26294630,0.84748951,native_xyk_pool,ok,
2026-04-11 02:29:55,CNTC,native,oracle_1pct,ucny,35.76184042,35.76184042,0.29073984,0.00146447,swaprate_1pct,ok,
2026-04-11 02:29:55,DKTC,native,oracle_1pct,udkk,38.26985945,38.26985945,0.31112976,0.00156718,swaprate_1pct,ok,
2026-04-11 02:29:55,EUTC,native,native_xyk,uusd,7246.02037665,7246.02037665,58.90935102,0.29670856,native_xyk_pool,ok,
2026-04-11 02:29:55,GBTC,native,oracle_1pct,ugbp,328.31330544,328.31330544,2.66915117,0.01344466,swaprate_1pct,ok,
2026-04-11 02:29:55,HKTC,native,oracle_1pct,uhkd,31.17649844,31.17649844,0.25346151,0.00127670,swaprate_1pct,ok,
2026-04-11 02:29:55,IDTC,native,oracle_1pct,uidr,0.01428547,0.01428547,0.00011614,0.00000059,swaprate_1pct,ok,
2026-04-11 02:29:55,INTC,native,oracle_1pct,uinr,2.62887415,2.62887415,0.02137246,0.00010765,swaprate_1pct,ok,
2026-04-11 02:29:55,JPTC,native,oracle_1pct,ujpy,1.53399139,1.53399139,0.01247118,0.00006282,swaprate_1pct,ok,
2026-04-11 02:29:55,KRTC,native,native_xyk,uluna,0.74216312,0.74216312,0.00603370,0.00003039,native_xyk_pool,ok,
2026-04-11 02:29:55,MNTC,native,native_xyk,uluna,0.71468172,0.71468172,0.00581028,0.00002927,native_xyk_pool,ok,
2026-04-11 02:29:55,MYTC,native,oracle_1pct,umyr,61.58793277,61.58793277,0.50070314,0.00252207,swaprate_1pct,ok,
2026-04-11 02:29:55,NOTC,native,oracle_1pct,unok,25.72543958,25.72543958,0.20914500,0.00105347,swaprate_1pct,ok,
2026-04-11 02:29:55,PHTC,native,oracle_1pct,uphp,4.08027352,4.08027352,0.03317218,0.00016709,swaprate_1pct,ok,
2026-04-11 02:29:55,SDTC,native,native_xyk,uluna,25149.24571523,25149.24571523,204.46060965,1.02987887,native_xyk_pool,ok,
2026-04-11 02:29:55,SETC,native,oracle_1pct,usek,26.39159448,26.39159448,0.21456077,0.00108075,swaprate_1pct,ok,
2026-04-11 02:29:55,SGTC,native,oracle_1pct,usgd,191.69177505,191.69177505,1.55843311,0.00784991,swaprate_1pct,ok,
2026-04-11 02:29:55,THTC,native,oracle_1pct,uthb,7.60735729,7.60735729,0.06184698,0.00031153,swaprate_1pct,ok,
2026-04-11 02:29:55,WESO,cw20,tbc,uluna,39.57787400,39.57787400,0.32176378,0.00162074,curve_info,ok,
2026-04-11 02:29:55,reBASE,cw20,tbc,uusd,0.53720600,66.07789010,0.53720600,0.00270574,curve_info,ok,
2026-04-11 02:29:55,TERRA,cw20,xyk,uusd,0.26483441,32.57539784,0.26483441,0.00133389,xyk_pool,ok,
2026-04-11 02:29:55,FROG,cw20,xyk,uluna,0.20238534,0.20238534,0.00164537,0.00000829,xyk_pool,ok,
2026-04-11 02:29:55,ADDVOW,cw20,xyk,uluna,0.26341281,0.26341281,0.00214152,0.00001079,xyk_pool,ok,
2026-04-11 02:29:55,ALPHA,cw20,xyk,uusd,0.00253795,0.31217487,0.00253795,0.00001278,xyk_pool,ok,
2026-04-11 02:29:55,ampLUNC,cw20,xyk,uusd,0.01096247,1.34841575,0.01096247,0.00005521,xyk_pool,ok,
2026-04-11 02:29:55,ampNIP,cw20,xyk,uluna,,,,,,error,Token reserve is zero for ampNIP
2026-04-11 02:29:55,ART,cw20,xyk,uusd,0.00717592,0.88265932,0.00717592,0.00003614,xyk_pool,ok,
2026-04-11 02:29:55,ASTRO,cw20,xyk,uusd,0.08875710,10.91737922,0.08875710,0.00044704,xyk_pool,ok,
2026-04-11 02:29:55,BAKED,cw20,xyk,uluna,109760.02225588,109760.02225588,892.33694403,4.49474821,xyk_pool,ok,
2026-04-11 02:29:55,BENANCE,cw20,xyk,uluna,,,,,,error,Token reserve is zero for BENANCE
2026-04-11 02:29:55,BLAME,cw20,xyk,uluna,0.39707435,0.39707435,0.00322817,0.00001626,xyk_pool,ok,
2026-04-11 02:29:55,BLEEVE,cw20,xyk,uluna,0.17896840,0.17896840,0.00145499,0.00000733,xyk_pool,ok,
2026-04-11 02:29:55,BLUNA,cw20,xyk,uusd,0.00806965,0.99258973,0.00806965,0.00004064,xyk_pool,ok,
2026-04-11 02:29:55,BOTS,cw20,xyk,uluna,0.00086765,0.00086765,0.00000705,0.00000004,xyk_pool,ok,
2026-04-11 02:29:55,BTUSD,cw20,xyk,uusd,72.79569034,8954.08023357,72.79569034,0.36664985,xyk_pool,ok,
2026-04-11 02:29:55,BULL,cw20,xyk,uusd,0.00170842,0.21014094,0.00170842,0.00000860,xyk_pool,ok,
2026-04-11 02:29:55,BURNIX,cw20,xyk,uusd,0.02377007,2.92378714,0.02377007,0.00011972,xyk_pool,ok,
2026-04-11 02:29:55,CatWifHat,cw20,xyk,uluna,0.00040066,0.00040066,0.00000326,0.00000002,xyk_pool,ok,
2026-04-11 02:29:55,CBFC,cw20,xyk,uluna,1.98589914,1.98589914,0.01614514,0.00008132,xyk_pool,ok,
2026-04-11 02:29:55,CL8Y-cb,cw20,xyk,uusd,0.0000000002,0.00000003,0.0000000002,0.0000000000,xyk_pool,ok,
2026-04-11 02:29:55,CNip,cw20,xyk,uluna,40.00801069,40.00801069,0.32526074,0.00163836,xyk_pool,ok,
2026-04-11 02:29:55,COFFEE,cw20,xyk,uluna,0.24429451,0.24429451,0.00198609,0.00001000,xyk_pool,ok,
2026-04-11 02:29:55,CRYSTAL,cw20,xyk,uluna,9.95216178,9.95216178,0.08090998,0.00040755,xyk_pool,ok,
2026-04-11 02:29:55,CTX,cw20,xyk,uusd,44.16406872,5432.30805112,44.16406872,0.22244104,xyk_pool,ok,
2026-04-11 02:29:55,DO,cw20,xyk,uusd,0.00000036,0.00004449,0.00000036,0.0000000018,xyk_pool,ok,
2026-04-11 02:29:55,DOGE,cw20,xyk,uusd,0.15093931,18.56597071,0.15093931,0.00076024,xyk_pool,ok,
2026-04-11 02:29:55,ELPACO,cw20,xyk,uusd,0.46191639,56.81705012,0.46191639,0.00232653,xyk_pool,ok,
2026-04-11 02:29:55,FIRE,cw20,xyk,uluna,0.00009769,0.00009769,0.00000079,0.0000000040,xyk_pool,ok,
2026-04-11 02:29:55,FLX,cw20,xyk,uluna,0.28886599,0.28886599,0.00234845,0.00001183,xyk_pool,ok,
2026-04-11 02:29:55,FOOD,cw20,xyk,uluna,0.00706732,0.00706732,0.00005746,0.00000029,xyk_pool,ok,
2026-04-11 02:29:55,FRG,cw20,xyk,uluna,15.55638506,15.55638506,0.12647170,0.00063704,xyk_pool,ok,
2026-04-11 02:29:55,FUN,cw20,xyk,uluna,88807.91736976,88807.91736976,721.99862903,3.63674514,xyk_pool,ok,
2026-04-11 02:29:55,Futureflare,cw20,xyk,uusd,0.11947228,14.69543502,0.11947228,0.00060175,xyk_pool,ok,
2026-04-11 02:29:55,GRDX,cw20,xyk,uusd,0.25245427,31.05260508,0.25245427,0.00127154,xyk_pool,ok,
2026-04-11 02:29:55,HOTL,cw20,xyk,uluna,1.70643012,1.70643012,0.01387309,0.00006988,xyk_pool,ok,
2026-04-11 02:29:55,IDEV,cw20,xyk,uluna,11.74480617,11.74480617,0.09548399,0.00048096,xyk_pool,ok,
2026-04-11 02:29:55,JURASS,cw20,xyk,uluna,0.01220404,0.01220404,0.00009922,0.00000050,xyk_pool,ok,
2026-04-11 02:29:55,JURIS,cw20,xyk,uluna,0.06089057,0.06089057,0.00049503,0.00000249,xyk_pool,ok,
2026-04-11 02:29:55,KENNY,cw20,xyk,uluna,0.00914286,0.00914286,0.00007433,0.00000037,xyk_pool,ok,
2026-04-11 02:29:55,KNEEL,cw20,xyk,uluna,12.16015193,12.16015193,0.09886070,0.00049797,xyk_pool,ok,
2026-04-11 02:29:55,KRQ,cw20,xyk,uluna,0.00185513,0.00185513,0.00001508,0.00000008,xyk_pool,ok,
2026-04-11 02:29:55,LCM,cw20,xyk,uluna,0.00228269,0.00228269,0.00001856,0.00000009,xyk_pool,ok,
2026-04-11 02:29:55,LCW,cw20,xyk,uluna,6.67871091,6.67871091,0.05429719,0.00027350,xyk_pool,ok,
2026-04-11 02:29:55,LEAPE,cw20,xyk,uluna,0.00000271,0.00000271,0.00000002,0.0000000001,xyk_pool,ok,
2026-04-11 02:29:55,LennyL,cw20,xyk,uluna,0.00000772,0.00000772,0.00000006,0.0000000003,xyk_pool,ok,
2026-04-11 02:29:55,LENNYR,cw20,xyk,uluna,0.00001452,0.00001452,0.00000012,0.0000000006,xyk_pool,ok,
2026-04-11 02:29:55,LIX,cw20,xyk,uluna,0.21616655,0.21616655,0.00175741,0.00000885,xyk_pool,ok,
2026-04-11 02:29:55,LTK,cw20,xyk,uusd,1.25033550,153.79487890,1.25033550,0.00629756,xyk_pool,ok,
2026-04-11 02:29:55,LTRN,cw20,xyk,uluna,0.00135170,0.00135170,0.00001099,0.00000006,xyk_pool,ok,
2026-04-11 02:29:55,MBA,cw20,xyk,uluna,0.12932449,0.12932449,0.00105139,0.00000530,xyk_pool,ok,
2026-04-11 02:29:55,MIOFF,cw20,xyk,uluna,0.00031729,0.00031729,0.00000258,0.00000001,xyk_pool,ok,
2026-04-11 02:29:55,MIR,cw20,xyk,uusd,1.12523439,138.40708053,1.12523439,0.00566746,xyk_pool,ok,
2026-04-11 02:29:55,NHera,cw20,xyk,uluna,0.00108587,0.00108587,0.00000883,0.00000004,xyk_pool,ok,
2026-04-11 02:29:55,PoG,cw20,xyk,uluna,0.00223621,0.00223621,0.00001818,0.00000009,xyk_pool,ok,
2026-04-11 02:29:55,QUID,cw20,xyk,uluna,2.80202791,2.80202791,0.02278018,0.00011474,xyk_pool,ok,
2026-04-11 02:29:55,ROTTI,cw20,xyk,uluna,0.00008453,0.00008453,0.00000069,0.0000000035,xyk_pool,ok,
2026-04-11 02:29:55,SAYVE,cw20,xyk,uusd,0.00008041,0.00989056,0.00008041,0.00000040,xyk_pool,ok,
2026-04-11 02:29:55,SELE,cw20,xyk,uluna,283.76148573,283.76148573,2.30694976,0.01162023,xyk_pool,ok,
2026-04-11 02:29:55,SKI,cw20,xyk,uusd,0.01067704,1.31330653,0.01067704,0.00005378,xyk_pool,ok,
2026-04-11 02:29:55,SMF,cw20,xyk,uluna,0.53753235,0.53753235,0.00437008,0.00002201,xyk_pool,ok,
2026-04-11 02:29:55,SMT,cw20,xyk,uluna,1.61420282,1.61420282,0.01312329,0.00006610,xyk_pool,ok,
2026-04-11 02:29:55,Tbold,cw20,xyk,uluna,,,,,,error,Token reserve is zero for Tbold
2026-04-11 02:29:55,TCR,cw20,xyk,uluna,0.74711337,0.74711337,0.00607395,0.00003059,xyk_pool,ok,
2026-04-11 02:29:55,TEAI,cw20,xyk,uluna,0.00539041,0.00539041,0.00004382,0.00000022,xyk_pool,ok,
2026-04-11 02:29:55,TEST,cw20,xyk,uluna,1.05709550,1.05709550,0.00859407,0.00004329,xyk_pool,ok,
2026-04-11 02:29:55,TESTC,cw20,xyk,uusd,0.0000000000,0.0000000049,0.0000000000,0.0000000000,xyk_pool,ok,
2026-04-11 02:29:55,THC,cw20,xyk,uluna,0.01428738,0.01428738,0.00011615,0.00000059,xyk_pool,ok,
2026-04-11 02:29:55,TNEWS,cw20,xyk,uluna,0.36486527,0.36486527,0.00296631,0.00001494,xyk_pool,ok,
2026-04-11 02:29:55,ULC,cw20,xyk,uluna,0.01162415,0.01162415,0.00009450,0.00000048,xyk_pool,ok,
2026-04-11 02:29:55,USTRIX,cw20,xyk,uluna,6085.30544667,6085.30544667,49.47286593,0.24919743,xyk_pool,ok,
2026-04-11 02:29:55,UwU,cw20,xyk,uluna,0.44270946,0.44270946,0.00359918,0.00001813,xyk_pool,ok,
2026-04-11 02:29:55,VIMA,cw20,xyk,uluna,5.48845566,5.48845566,0.04462054,0.00022476,xyk_pool,ok,
2026-04-11 02:29:55,WAVAX,cw20,xyk,uusd,2338.72649720,287670.11620571,2338.72649720,11.77945723,xyk_pool,ok,
2026-04-11 02:29:55,WETH,cw20,xyk,uusd,259032.62647033,31861761.45310048,259032.62647033,1304.66890815,xyk_pool,ok,
2026-04-11 02:36:15,LUNC,native,native_reference,uluna,1.00000000,1.00000000,0.00815317,0.00004101,swaprate,ok,
2026-04-11 02:36:15,USTC,native,native_reference,uusd,122.65167269,122.65167269,1.00000000,0.00503504,contract,ok,
2026-04-11 02:36:15,AUTC,native,oracle_1pct,uaud,172.43048477,172.43048477,1.40585514,0.00707164,swaprate_1pct,ok,
2026-04-11 02:36:15,CATC,native,oracle_1pct,ucad,176.41003279,176.41003279,1.43830108,0.00723484,swaprate_1pct,ok,
2026-04-11 02:36:15,CHTC,native,native_xyk,uusd,20637.73181590,20637.73181590,168.26294630,0.84721042,native_xyk_pool,ok,
2026-04-11 02:36:15,CNTC,native,oracle_1pct,ucny,35.70879643,35.70879643,0.29113991,0.00146447,swaprate_1pct,ok,
2026-04-11 02:36:15,DKTC,native,oracle_1pct,udkk,38.21309543,38.21309543,0.31155788,0.00156718,swaprate_1pct,ok,
2026-04-11 02:36:15,EUTC,native,native_xyk,uusd,7225.33043999,7225.33043999,58.90935102,0.29661085,native_xyk_pool,ok,
2026-04-11 02:36:15,GBTC,native,oracle_1pct,ugbp,327.82633252,327.82633252,2.67282398,0.01344466,swaprate_1pct,ok,
2026-04-11 02:36:15,HKTC,native,oracle_1pct,uhkd,31.13025569,31.13025569,0.25381028,0.00127670,swaprate_1pct,ok,
2026-04-11 02:36:15,IDTC,native,oracle_1pct,uidr,0.01426429,0.01426429,0.00011630,0.00000059,swaprate_1pct,ok,
2026-04-11 02:36:15,INTC,native,oracle_1pct,uinr,2.62497485,2.62497485,0.02140187,0.00010765,swaprate_1pct,ok,
2026-04-11 02:36:15,JPTC,native,oracle_1pct,ujpy,1.53171609,1.53171609,0.01248834,0.00006282,swaprate_1pct,ok,
2026-04-11 02:36:15,KRTC,native,native_xyk,uluna,0.74216312,0.74216312,0.00605098,0.00003044,native_xyk_pool,ok,
2026-04-11 02:36:15,MNTC,native,native_xyk,uluna,0.71468172,0.71468172,0.00582692,0.00002931,native_xyk_pool,ok,
2026-04-11 02:36:15,MYTC,native,oracle_1pct,umyr,61.49658206,61.49658206,0.50139212,0.00252207,swaprate_1pct,ok,
2026-04-11 02:36:15,NOTC,native,oracle_1pct,unok,25.68728215,25.68728215,0.20943279,0.00105347,swaprate_1pct,ok,
2026-04-11 02:36:15,PHTC,native,oracle_1pct,uphp,4.07422143,4.07422143,0.03321782,0.00016709,swaprate_1pct,ok,
2026-04-11 02:36:15,SDTC,native,native_xyk,uluna,25149.24571523,25149.24571523,205.04608835,1.03140871,native_xyk_pool,ok,
2026-04-11 02:36:15,SETC,native,oracle_1pct,usek,26.35244897,26.35244897,0.21485601,0.00108075,swaprate_1pct,ok,
2026-04-11 02:36:15,SGTC,native,oracle_1pct,usgd,191.40744693,191.40744693,1.56057755,0.00784991,swaprate_1pct,ok,
2026-04-11 02:36:15,THTC,native,oracle_1pct,uthb,7.59607362,7.59607362,0.06193208,0.00031153,swaprate_1pct,ok,
2026-04-11 02:36:15,WESO,cw20,tbc,uluna,39.57787400,39.57787400,0.32268515,0.00162315,curve_info,ok,
2026-04-11 02:36:15,reBASE,cw20,tbc,uusd,0.53718200,65.88627084,0.53718200,0.00270473,curve_info,ok,
2026-04-11 02:36:15,TERRA,cw20,xyk,uusd,0.26483441,32.48238362,0.26483441,0.00133345,xyk_pool,ok,
2026-04-11 02:36:15,FROG,cw20,xyk,uluna,0.20238534,0.20238534,0.00165008,0.00000830,xyk_pool,ok,
2026-04-11 02:36:15,ADDVOW,cw20,xyk,uluna,0.26341281,0.26341281,0.00214765,0.00001080,xyk_pool,ok,
2026-04-11 02:36:15,ALPHA,cw20,xyk,uusd,0.00253795,0.31128350,0.00253795,0.00001278,xyk_pool,ok,
2026-04-11 02:36:15,ampLUNC,cw20,xyk,uusd,0.01096247,1.34456555,0.01096247,0.00005520,xyk_pool,ok,
2026-04-11 02:36:15,ampNIP,cw20,xyk,uluna,,,,,,error,Token reserve is zero for ampNIP
2026-04-11 02:36:15,ART,cw20,xyk,uusd,0.00717592,0.88013901,0.00717592,0.00003613,xyk_pool,ok,
2026-04-11 02:36:15,ASTRO,cw20,xyk,uusd,0.08875710,10.88620626,0.08875710,0.00044690,xyk_pool,ok,
2026-04-11 02:36:15,BAKED,cw20,xyk,uluna,109760.02225588,109760.02225588,894.89217593,4.50142498,xyk_pool,ok,
2026-04-11 02:36:15,BENANCE,cw20,xyk,uluna,,,,,,error,Token reserve is zero for BENANCE
2026-04-11 02:36:15,BLAME,cw20,xyk,uluna,0.39707435,0.39707435,0.00323741,0.00001628,xyk_pool,ok,
2026-04-11 02:36:15,BLEEVE,cw20,xyk,uluna,0.17896840,0.17896840,0.00145916,0.00000734,xyk_pool,ok,
2026-04-11 02:36:15,BLUNA,cw20,xyk,uusd,0.00806965,0.98975553,0.00806965,0.00004063,xyk_pool,ok,
2026-04-11 02:36:15,BOTS,cw20,xyk,uluna,0.00086765,0.00086765,0.00000707,0.00000004,xyk_pool,ok,
2026-04-11 02:36:15,BTUSD,cw20,xyk,uusd,72.79569034,8928.51318528,72.79569034,0.36652911,xyk_pool,ok,
2026-04-11 02:36:15,BULL,cw20,xyk,uusd,0.00170842,0.20954092,0.00170842,0.00000860,xyk_pool,ok,
2026-04-11 02:36:15,BURNIX,cw20,xyk,uusd,0.02377007,2.91543870,0.02377007,0.00011968,xyk_pool,ok,
2026-04-11 02:36:15,CatWifHat,cw20,xyk,uluna,0.00040066,0.00040066,0.00000327,0.00000002,xyk_pool,ok,
2026-04-11 02:36:15,CBFC,cw20,xyk,uluna,1.98589914,1.98589914,0.01619137,0.00008144,xyk_pool,ok,
2026-04-11 02:36:15,CL8Y-cb,cw20,xyk,uusd,0.0000000002,0.00000003,0.0000000002,0.0000000000,xyk_pool,ok,
2026-04-11 02:36:15,CNip,cw20,xyk,uluna,40.00801069,40.00801069,0.32619213,0.00164079,xyk_pool,ok,
2026-04-11 02:36:15,COFFEE,cw20,xyk,uluna,0.24429451,0.24429451,0.00199177,0.00001002,xyk_pool,ok,
2026-04-11 02:36:15,CRYSTAL,cw20,xyk,uluna,9.95216178,9.95216178,0.08114167,0.00040815,xyk_pool,ok,
2026-04-11 02:36:15,CTX,cw20,xyk,uusd,44.16406872,5416.79690104,44.16406872,0.22236779,xyk_pool,ok,
2026-04-11 02:36:15,DO,cw20,xyk,uusd,0.00000036,0.00004436,0.00000036,0.0000000018,xyk_pool,ok,
2026-04-11 02:36:15,DOGE,cw20,xyk,uusd,0.15093931,18.51295833,0.15093931,0.00075999,xyk_pool,ok,
2026-04-11 02:36:15,ELPACO,cw20,xyk,uusd,0.46191639,56.65481746,0.46191639,0.00232577,xyk_pool,ok,
2026-04-11 02:36:15,FIRE,cw20,xyk,uluna,0.00009769,0.00009769,0.00000080,0.0000000040,xyk_pool,ok,
2026-04-11 02:36:15,FLX,cw20,xyk,uluna,0.28886599,0.28886599,0.00235517,0.00001185,xyk_pool,ok,
2026-04-11 02:36:15,FOOD,cw20,xyk,uluna,0.00706732,0.00706732,0.00005762,0.00000029,xyk_pool,ok,
2026-04-11 02:36:15,FRG,cw20,xyk,uluna,15.55638506,15.55638506,0.12683386,0.00063799,xyk_pool,ok,
2026-04-11 02:36:15,FUN,cw20,xyk,uluna,88807.91736976,88807.91736976,724.06609238,3.64214738,xyk_pool,ok,
2026-04-11 02:36:15,Futureflare,cw20,xyk,uusd,0.11947228,14.65347439,0.11947228,0.00060155,xyk_pool,ok,
2026-04-11 02:36:15,GRDX,cw20,xyk,uusd,0.25245427,30.96393897,0.25245427,0.00127112,xyk_pool,ok,
2026-04-11 02:36:15,HOTL,cw20,xyk,uluna,1.70643012,1.70643012,0.01391282,0.00006998,xyk_pool,ok,
2026-04-11 02:36:15,IDEV,cw20,xyk,uluna,11.74480617,11.74480617,0.09575741,0.00048167,xyk_pool,ok,
2026-04-11 02:36:15,JURASS,cw20,xyk,uluna,0.01220404,0.01220404,0.00009950,0.00000050,xyk_pool,ok,
2026-04-11 02:36:15,JURIS,cw20,xyk,uluna,0.06089057,0.06089057,0.00049645,0.00000250,xyk_pool,ok,
2026-04-11 02:36:15,KENNY,cw20,xyk,uluna,0.00914286,0.00914286,0.00007454,0.00000037,xyk_pool,ok,
2026-04-11 02:36:15,KNEEL,cw20,xyk,uluna,12.16015193,12.16015193,0.09914379,0.00049871,xyk_pool,ok,
2026-04-11 02:36:15,KRQ,cw20,xyk,uluna,0.00185513,0.00185513,0.00001513,0.00000008,xyk_pool,ok,
2026-04-11 02:36:15,LCM,cw20,xyk,uluna,0.00228269,0.00228269,0.00001861,0.00000009,xyk_pool,ok,
2026-04-11 02:36:15,LCW,cw20,xyk,uluna,6.67871091,6.67871091,0.05445267,0.00027390,xyk_pool,ok,
2026-04-11 02:36:15,LEAPE,cw20,xyk,uluna,0.00000271,0.00000271,0.00000002,0.0000000001,xyk_pool,ok,
2026-04-11 02:36:15,LennyL,cw20,xyk,uluna,0.00000772,0.00000772,0.00000006,0.0000000003,xyk_pool,ok,
2026-04-11 02:36:15,LENNYR,cw20,xyk,uluna,0.00001452,0.00001452,0.00000012,0.0000000006,xyk_pool,ok,
2026-04-11 02:36:15,LIX,cw20,xyk,uluna,0.21616655,0.21616655,0.00176244,0.00000887,xyk_pool,ok,
2026-04-11 02:36:15,LTK,cw20,xyk,uusd,1.25033550,153.35574043,1.25033550,0.00629549,xyk_pool,ok,
2026-04-11 02:36:15,LTRN,cw20,xyk,uluna,0.00135170,0.00135170,0.00001102,0.00000006,xyk_pool,ok,
2026-04-11 02:36:15,MBA,cw20,xyk,uluna,0.12932449,0.12932449,0.00105440,0.00000530,xyk_pool,ok,
2026-04-11 02:36:15,MIOFF,cw20,xyk,uluna,0.00031729,0.00031729,0.00000259,0.00000001,xyk_pool,ok,
2026-04-11 02:36:15,MIR,cw20,xyk,uusd,1.12523439,138.01187963,1.12523439,0.00566560,xyk_pool,ok,
2026-04-11 02:36:15,NHera,cw20,xyk,uluna,0.00108587,0.00108587,0.00000885,0.00000004,xyk_pool,ok,
2026-04-11 02:36:15,PoG,cw20,xyk,uluna,0.00223621,0.00223621,0.00001823,0.00000009,xyk_pool,ok,
2026-04-11 02:36:15,QUID,cw20,xyk,uluna,2.80202791,2.80202791,0.02284541,0.00011492,xyk_pool,ok,
2026-04-11 02:36:15,ROTTI,cw20,xyk,uluna,0.00008453,0.00008453,0.00000069,0.0000000035,xyk_pool,ok,
2026-04-11 02:36:15,SAYVE,cw20,xyk,uusd,0.00008041,0.00986232,0.00008041,0.00000040,xyk_pool,ok,
2026-04-11 02:36:15,SELE,cw20,xyk,uluna,283.76148573,283.76148573,2.31355578,0.01163749,xyk_pool,ok,
2026-04-11 02:36:15,SKI,cw20,xyk,uusd,0.01067704,1.30955657,0.01067704,0.00005376,xyk_pool,ok,
2026-04-11 02:36:15,SMF,cw20,xyk,uluna,0.53753235,0.53753235,0.00438259,0.00002205,xyk_pool,ok,
2026-04-11 02:36:15,SMT,cw20,xyk,uluna,1.61420282,1.61420282,0.01316087,0.00006620,xyk_pool,ok,
2026-04-11 02:36:15,Tbold,cw20,xyk,uluna,,,,,,error,Token reserve is zero for Tbold
2026-04-11 02:36:15,TCR,cw20,xyk,uluna,0.74711337,0.74711337,0.00609134,0.00003064,xyk_pool,ok,
2026-04-11 02:36:15,TEAI,cw20,xyk,uluna,0.00539041,0.00539041,0.00004395,0.00000022,xyk_pool,ok,
2026-04-11 02:36:15,TEST,cw20,xyk,uluna,1.05709550,1.05709550,0.00861868,0.00004335,xyk_pool,ok,
2026-04-11 02:36:15,TESTC,cw20,xyk,uusd,0.0000000000,0.0000000049,0.0000000000,0.0000000000,xyk_pool,ok,
2026-04-11 02:36:15,THC,cw20,xyk,uluna,0.01428738,0.01428738,0.00011649,0.00000059,xyk_pool,ok,
2026-04-11 02:36:15,TNEWS,cw20,xyk,uluna,0.36486527,0.36486527,0.00297481,0.00001496,xyk_pool,ok,
2026-04-11 02:36:15,ULC,cw20,xyk,uluna,0.01162415,0.01162415,0.00009477,0.00000048,xyk_pool,ok,
2026-04-11 02:36:15,USTRIX,cw20,xyk,uluna,6085.30544667,6085.30544667,49.61453287,0.24956761,xyk_pool,ok,
2026-04-11 02:36:15,UwU,cw20,xyk,uluna,0.44270946,0.44270946,0.00360949,0.00001816,xyk_pool,ok,
2026-04-11 02:36:15,VIMA,cw20,xyk,uluna,5.48845566,5.48845566,0.04474831,0.00022509,xyk_pool,ok,
2026-04-11 02:36:15,WAVAX,cw20,xyk,uusd,2338.72649720,286848.71684800,2338.72649720,11.77557810,xyk_pool,ok,
2026-04-11 02:36:15,WETH,cw20,xyk,uusd,259032.62647033,31770784.91810910,259032.62647033,1304.23926356,xyk_pool,ok,
2026-04-11 02:42:34,LUNC,native,native_reference,uluna,1.00000000,1.00000000,0.00817687,0.00004112,swaprate,ok,
2026-04-11 02:42:34,USTC,native,native_reference,uusd,122.29612344,122.29612344,1.00000000,0.00502749,contract,ok,
2026-04-11 02:42:34,AUTC,native,oracle_1pct,uaud,171.95631758,171.95631758,1.40606515,0.00707164,swaprate_1pct,ok,
2026-04-11 02:42:34,CATC,native,oracle_1pct,ucad,175.92492223,175.92492223,1.43851593,0.00723484,swaprate_1pct,ok,
2026-04-11 02:42:34,CHTC,native,native_xyk,uusd,20577.90605181,20577.90605181,168.26294630,0.84594027,native_xyk_pool,ok,
2026-04-11 02:42:34,CNTC,native,oracle_1pct,ucny,35.61060069,35.61060069,0.29118340,0.00146447,swaprate_1pct,ok,
2026-04-11 02:42:34,DKTC,native,oracle_1pct,udkk,38.10801310,38.10801310,0.31160442,0.00156718,swaprate_1pct,ok,
2026-04-11 02:42:34,EUTC,native,native_xyk,uusd,7204.38526451,7204.38526451,58.90935102,0.29616617,native_xyk_pool,ok,
2026-04-11 02:42:34,GBTC,native,oracle_1pct,ugbp,326.92484175,326.92484175,2.67322326,0.01344466,swaprate_1pct,ok,
2026-04-11 02:42:34,HKTC,native,oracle_1pct,uhkd,31.04465049,31.04465049,0.25384820,0.00127670,swaprate_1pct,ok,
2026-04-11 02:42:34,IDTC,native,oracle_1pct,uidr,0.01422506,0.01422506,0.00011632,0.00000059,swaprate_1pct,ok,
2026-04-11 02:42:34,INTC,native,oracle_1pct,uinr,2.61775643,2.61775643,0.02140506,0.00010765,swaprate_1pct,ok,
2026-04-11 02:42:34,JPTC,native,oracle_1pct,ujpy,1.52750402,1.52750402,0.01249021,0.00006282,swaprate_1pct,ok,
2026-04-11 02:42:34,KRTC,native,native_xyk,uluna,0.74216312,0.74216312,0.00606857,0.00003052,native_xyk_pool,ok,
2026-04-11 02:42:34,MNTC,native,native_xyk,uluna,0.71468172,0.71468172,0.00584386,0.00002939,native_xyk_pool,ok,
2026-04-11 02:42:34,MYTC,native,oracle_1pct,umyr,61.32747239,61.32747239,0.50146702,0.00252207,swaprate_1pct,ok,
2026-04-11 02:42:34,NOTC,native,oracle_1pct,unok,25.61664460,25.61664460,0.20946408,0.00105347,swaprate_1pct,ok,
2026-04-11 02:42:34,PHTC,native,oracle_1pct,uphp,4.06301771,4.06301771,0.03322278,0.00016709,swaprate_1pct,ok,
2026-04-11 02:42:34,SDTC,native,native_xyk,uluna,25149.24571523,25149.24571523,205.64221504,1.03425281,native_xyk_pool,ok,
2026-04-11 02:42:34,SETC,native,oracle_1pct,usek,26.27998228,26.27998228,0.21488811,0.00108075,swaprate_1pct,ok,
2026-04-11 02:42:34,SGTC,native,oracle_1pct,usgd,190.88109493,190.88109493,1.56081067,0.00784991,swaprate_1pct,ok,
2026-04-11 02:42:34,THTC,native,oracle_1pct,uthb,7.57518515,7.57518515,0.06194134,0.00031153,swaprate_1pct,ok,
2026-04-11 02:42:34,WESO,cw20,tbc,uluna,39.57782100,39.57782100,0.32362286,0.00162762,curve_info,ok,
2026-04-11 02:42:34,reBASE,cw20,tbc,uusd,0.53718200,65.69527618,0.53718200,0.00270068,curve_info,ok,
2026-04-11 02:42:34,TERRA,cw20,xyk,uusd,0.26483441,32.38822195,0.26483441,0.00133145,xyk_pool,ok,
2026-04-11 02:42:34,FROG,cw20,xyk,uluna,0.20238534,0.20238534,0.00165488,0.00000832,xyk_pool,ok,
2026-04-11 02:42:34,ADDVOW,cw20,xyk,uluna,0.26341281,0.26341281,0.00215389,0.00001083,xyk_pool,ok,
2026-04-11 02:42:34,ALPHA,cw20,xyk,uusd,0.00253795,0.31038114,0.00253795,0.00001276,xyk_pool,ok,
2026-04-11 02:42:34,ampLUNC,cw20,xyk,uusd,0.01096247,1.34066785,0.01096247,0.00005511,xyk_pool,ok,
2026-04-11 02:42:34,ampNIP,cw20,xyk,uluna,,,,,,error,Token reserve is zero for ampNIP
2026-04-11 02:42:34,ART,cw20,xyk,uusd,0.00717592,0.87758762,0.00717592,0.00003608,xyk_pool,ok,
2026-04-11 02:42:34,ASTRO,cw20,xyk,uusd,0.08875710,10.85464875,0.08875710,0.00044623,xyk_pool,ok,
2026-04-11 02:42:34,BAKED,cw20,xyk,uluna,109760.02225588,109760.02225588,897.49387933,4.51383760,xyk_pool,ok,
2026-04-11 02:42:34,BENANCE,cw20,xyk,uluna,,,,,,error,Token reserve is zero for BENANCE
2026-04-11 02:42:34,BLAME,cw20,xyk,uluna,0.39707435,0.39707435,0.00324683,0.00001633,xyk_pool,ok,
2026-04-11 02:42:34,BLEEVE,cw20,xyk,uluna,0.17896840,0.17896840,0.00146340,0.00000736,xyk_pool,ok,
2026-04-11 02:42:34,BLUNA,cw20,xyk,uusd,0.00806965,0.98688638,0.00806965,0.00004057,xyk_pool,ok,
2026-04-11 02:42:34,BOTS,cw20,xyk,uluna,0.00086765,0.00086765,0.00000709,0.00000004,xyk_pool,ok,
2026-04-11 02:42:34,BTUSD,cw20,xyk,uusd,72.79569034,8902.63073230,72.79569034,0.36597960,xyk_pool,ok,
2026-04-11 02:42:34,BULL,cw20,xyk,uusd,0.00170842,0.20893349,0.00170842,0.00000859,xyk_pool,ok,
2026-04-11 02:42:34,BURNIX,cw20,xyk,uusd,0.02377007,2.90698727,0.02377007,0.00011950,xyk_pool,ok,
2026-04-11 02:42:34,CatWifHat,cw20,xyk,uluna,0.00040066,0.00040066,0.00000328,0.00000002,xyk_pool,ok,
2026-04-11 02:42:34,CBFC,cw20,xyk,uluna,1.98589914,1.98589914,0.01623845,0.00008167,xyk_pool,ok,
2026-04-11 02:42:34,CL8Y-cb,cw20,xyk,uusd,0.0000000002,0.00000003,0.0000000002,0.0000000000,xyk_pool,ok,
2026-04-11 02:42:34,CNip,cw20,xyk,uluna,40.00801069,40.00801069,0.32714047,0.00164531,xyk_pool,ok,
2026-04-11 02:42:34,COFFEE,cw20,xyk,uluna,0.24429451,0.24429451,0.00199757,0.00001005,xyk_pool,ok,
2026-04-11 02:42:34,CRYSTAL,cw20,xyk,uluna,9.95216178,9.95216178,0.08137757,0.00040928,xyk_pool,ok,
2026-04-11 02:42:34,CTX,cw20,xyk,uusd,44.16406872,5401.09439960,44.16406872,0.22203441,xyk_pool,ok,
2026-04-11 02:42:34,DO,cw20,xyk,uusd,0.00000036,0.00004423,0.00000036,0.0000000018,xyk_pool,ok,
2026-04-11 02:42:34,DOGE,cw20,xyk,uusd,0.15093931,18.45929198,0.15093931,0.00075885,xyk_pool,ok,
2026-04-11 02:42:34,ELPACO,cw20,xyk,uusd,0.46191639,56.49058343,0.46191639,0.00232228,xyk_pool,ok,
2026-04-11 02:42:34,FIRE,cw20,xyk,uluna,0.00009769,0.00009769,0.00000080,0.0000000040,xyk_pool,ok,
2026-04-11 02:42:34,FLX,cw20,xyk,uluna,0.28886599,0.28886599,0.00236202,0.00001188,xyk_pool,ok,
2026-04-11 02:42:34,FOOD,cw20,xyk,uluna,0.00706732,0.00706732,0.00005779,0.00000029,xyk_pool,ok,
2026-04-11 02:42:34,FRG,cw20,xyk,uluna,15.55638506,15.55638506,0.12720260,0.00063975,xyk_pool,ok,
2026-04-11 02:42:34,FUN,cw20,xyk,uluna,88560.21518304,88560.21518304,724.14572670,3.64200390,xyk_pool,ok,
2026-04-11 02:42:34,Futureflare,cw20,xyk,uusd,0.11947228,14.61099611,0.11947228,0.00060065,xyk_pool,ok,
2026-04-11 02:42:34,GRDX,cw20,xyk,uusd,0.25245427,30.87417905,0.25245427,0.00126921,xyk_pool,ok,
2026-04-11 02:42:34,HOTL,cw20,xyk,uluna,1.70643012,1.70643012,0.01395326,0.00007018,xyk_pool,ok,
2026-04-11 02:42:34,IDEV,cw20,xyk,uluna,11.74480617,11.74480617,0.09603580,0.00048300,xyk_pool,ok,
2026-04-11 02:42:34,JURASS,cw20,xyk,uluna,0.01220404,0.01220404,0.00009979,0.00000050,xyk_pool,ok,
2026-04-11 02:42:34,JURIS,cw20,xyk,uluna,0.06089057,0.06089057,0.00049789,0.00000250,xyk_pool,ok,
2026-04-11 02:42:34,KENNY,cw20,xyk,uluna,0.00914286,0.00914286,0.00007476,0.00000038,xyk_pool,ok,
2026-04-11 02:42:34,KNEEL,cw20,xyk,uluna,12.16015193,12.16015193,0.09943203,0.00050008,xyk_pool,ok,
2026-04-11 02:42:34,KRQ,cw20,xyk,uluna,0.00185513,0.00185513,0.00001517,0.00000008,xyk_pool,ok,
2026-04-11 02:42:34,LCM,cw20,xyk,uluna,0.00228269,0.00228269,0.00001867,0.00000009,xyk_pool,ok,
2026-04-11 02:42:34,LCW,cw20,xyk,uluna,6.67871091,6.67871091,0.05461098,0.00027466,xyk_pool,ok,
2026-04-11 02:42:34,LEAPE,cw20,xyk,uluna,0.00000271,0.00000271,0.00000002,0.0000000001,xyk_pool,ok,
2026-04-11 02:42:34,LennyL,cw20,xyk,uluna,0.00000772,0.00000772,0.00000006,0.0000000003,xyk_pool,ok,
2026-04-11 02:42:34,LENNYR,cw20,xyk,uluna,0.00001452,0.00001452,0.00000012,0.0000000006,xyk_pool,ok,
2026-04-11 02:42:34,LIX,cw20,xyk,uluna,0.21616655,0.21616655,0.00176757,0.00000889,xyk_pool,ok,
2026-04-11 02:42:34,LTK,cw20,xyk,uusd,1.25033550,152.91118458,1.25033550,0.00628605,xyk_pool,ok,
2026-04-11 02:42:34,LTRN,cw20,xyk,uluna,0.00135170,0.00135170,0.00001105,0.00000006,xyk_pool,ok,
2026-04-11 02:42:34,MBA,cw20,xyk,uluna,0.12932449,0.12932449,0.00105747,0.00000532,xyk_pool,ok,
2026-04-11 02:42:34,MIOFF,cw20,xyk,uluna,0.00031729,0.00031729,0.00000259,0.00000001,xyk_pool,ok,
2026-04-11 02:42:34,MIR,cw20,xyk,uusd,1.12523439,137.61180339,1.12523439,0.00565710,xyk_pool,ok,
2026-04-11 02:42:34,NHera,cw20,xyk,uluna,0.00108587,0.00108587,0.00000888,0.00000004,xyk_pool,ok,
2026-04-11 02:42:34,PoG,cw20,xyk,uluna,0.00223621,0.00223621,0.00001829,0.00000009,xyk_pool,ok,
2026-04-11 02:42:34,QUID,cw20,xyk,uluna,2.80202791,2.80202791,0.02291183,0.00011523,xyk_pool,ok,
2026-04-11 02:42:34,ROTTI,cw20,xyk,uluna,0.00008453,0.00008453,0.00000069,0.0000000035,xyk_pool,ok,
2026-04-11 02:42:34,SAYVE,cw20,xyk,uusd,0.00008041,0.00983373,0.00008041,0.00000040,xyk_pool,ok,
2026-04-11 02:42:34,SELE,cw20,xyk,uluna,283.76148573,283.76148573,2.32028193,0.01166958,xyk_pool,ok,
2026-04-11 02:42:34,SKI,cw20,xyk,uusd,0.01067704,1.30576036,0.01067704,0.00005368,xyk_pool,ok,
2026-04-11 02:42:34,SMF,cw20,xyk,uluna,0.53753235,0.53753235,0.00439533,0.00002211,xyk_pool,ok,
2026-04-11 02:42:34,SMT,cw20,xyk,uluna,1.61420282,1.61420282,0.01319913,0.00006638,xyk_pool,ok,
2026-04-11 02:42:34,Tbold,cw20,xyk,uluna,,,,,,error,Token reserve is zero for Tbold
2026-04-11 02:42:34,TCR,cw20,xyk,uluna,0.74711337,0.74711337,0.00610905,0.00003072,xyk_pool,ok,
2026-04-11 02:42:34,TEAI,cw20,xyk,uluna,0.00539041,0.00539041,0.00004408,0.00000022,xyk_pool,ok,
2026-04-11 02:42:34,TEST,cw20,xyk,uluna,1.05709550,1.05709550,0.00864374,0.00004347,xyk_pool,ok,
2026-04-11 02:42:34,TESTC,cw20,xyk,uusd,0.0000000000,0.0000000049,0.0000000000,0.0000000000,xyk_pool,ok,
2026-04-11 02:42:34,THC,cw20,xyk,uluna,0.01428738,0.01428738,0.00011683,0.00000059,xyk_pool,ok,
2026-04-11 02:42:34,TNEWS,cw20,xyk,uluna,0.36486527,0.36486527,0.00298346,0.00001500,xyk_pool,ok,
2026-04-11 02:42:34,ULC,cw20,xyk,uluna,0.01162415,0.01162415,0.00009505,0.00000048,xyk_pool,ok,
2026-04-11 02:42:34,USTRIX,cw20,xyk,uluna,6085.30544667,6085.30544667,49.75877628,0.25025578,xyk_pool,ok,
2026-04-11 02:42:34,UwU,cw20,xyk,uluna,0.44270946,0.44270946,0.00361998,0.00001821,xyk_pool,ok,
2026-04-11 02:42:34,VIMA,cw20,xyk,uluna,5.48845566,5.48845566,0.04487841,0.00022571,xyk_pool,ok,
2026-04-11 02:42:34,WAVAX,cw20,xyk,uusd,2338.72649720,286017.18439979,2338.72649720,11.75792387,xyk_pool,ok,
2026-04-11 02:42:34,WETH,cw20,xyk,uusd,259032.62647033,31678686.06246539,259032.62647033,1302.28391636,xyk_pool,ok,
