timestamp,USTC_per_TERRA,TERRA_usd,LUNC_per_FROG,FROG_usd,LUNC_per_ADDVOW,ADDVOW_usd,USTC_per_ALPHA,ALPHA_usd,USTC_per_ampLUNC,ampLUNC_usd,LUNC_per_ampNIP,ampNIP_usd,USTC_per_ART,ART_usd,USTC_per_ASTRO,ASTRO_usd,LUNC_per_BAKED,BAKED_usd,LUNC_per_BENANCE,BENANCE_usd,LUNC_per_BLAME,BLAME_usd,LUNC_per_BLEEVE,BLEEVE_usd,USTC_per_BLUNA,BLUNA_usd,LUNC_per_BOTS,BOTS_usd,USTC_per_BTUSD,BTUSD_usd,USTC_per_BULL,BULL_usd,USTC_per_BURNIX,BURNIX_usd,LUNC_per_CatWifHat,CatWifHat_usd,LUNC_per_CBFC,CBFC_usd,USTC_per_CL8Y-cb,CL8Y-cb_usd,LUNC_per_CNip,CNip_usd,LUNC_per_COFFEE,COFFEE_usd,LUNC_per_CRYSTAL,CRYSTAL_usd,USTC_per_CTX,CTX_usd,USTC_per_DO,DO_usd,USTC_per_DOGE,DOGE_usd,USTC_per_ELPACO,ELPACO_usd,LUNC_per_FIRE,FIRE_usd,LUNC_per_FLX,FLX_usd,LUNC_per_FOOD,FOOD_usd,LUNC_per_FRG,FRG_usd,LUNC_per_FUN,FUN_usd,USTC_per_Futureflare,Futureflare_usd,USTC_per_GRDX,GRDX_usd,LUNC_per_HOTL,HOTL_usd,LUNC_per_IDEV,IDEV_usd,LUNC_per_JURASS,JURASS_usd,LUNC_per_JURIS,JURIS_usd,LUNC_per_KENNY,KENNY_usd,LUNC_per_KNEEL,KNEEL_usd,LUNC_per_KRQ,KRQ_usd,LUNC_per_LCM,LCM_usd,LUNC_per_LCW,LCW_usd,LUNC_per_LEAPE,LEAPE_usd,LUNC_per_LennyL,LennyL_usd,LUNC_per_LENNYR,LENNYR_usd,LUNC_per_LIX,LIX_usd,USTC_per_LTK,LTK_usd,LUNC_per_LTRN,LTRN_usd,LUNC_per_MBA,MBA_usd,LUNC_per_MIOFF,MIOFF_usd,USTC_per_MIR,MIR_usd,LUNC_per_NHera,NHera_usd,LUNC_per_PoG,PoG_usd,LUNC_per_QUID,QUID_usd,LUNC_per_ROTTI,ROTTI_usd,USTC_per_SAYVE,SAYVE_usd,LUNC_per_SELE,SELE_usd,USTC_per_SKI,SKI_usd,LUNC_per_SMF,SMF_usd,LUNC_per_SMT,SMT_usd,LUNC_per_Tbold,Tbold_usd,LUNC_per_TCR,TCR_usd,LUNC_per_TEAI,TEAI_usd,LUNC_per_TEST,TEST_usd,USTC_per_TESTC,TESTC_usd,LUNC_per_THC,THC_usd,LUNC_per_TNEWS,TNEWS_usd,LUNC_per_ULC,ULC_usd,LUNC_per_USTRIX,USTRIX_usd,LUNC_per_UwU,UwU_usd,LUNC_per_VIMA,VIMA_usd,USTC_per_WAVAX,WAVAX_usd,USTC_per_WETH,WETH_usd
2026-04-09 21:21:26,0.29316637,0.00137824,0.20238534,0.00000753,0.26341281,0.00000980,0.00253795,0.00001193,0.01096247,0.00005154,0.00000000,0.00000000,0.00724466,0.00003406,0.08875710,0.00041727,115846.37364383,4.30832664,0.00000000,0.00000000,0.27582816,0.00001026,0.17872884,0.00000665,0.00806965,0.00003794,0.00086765,0.00000003,72.79569034,0.34222928,0.00170842,0.00000803,0.02482824,0.00011672,0.00043859,0.00000002,1.98589914,0.00007386,0.00000000,0.00000000,40.02865177,0.00148867,0.24459161,0.00000910,9.95216178,0.00037012,44.16406872,0.20762544,0.00000036,0.00000000,0.15093931,0.00070960,0.58861922,0.00276723,0.00009769,0.00000000,0.44289377,0.00001647,0.00703151,0.00000026,15.55638506,0.00057854,91174.46265152,3.39077827,0.11947228,0.00056167,0.26682969,0.00125443,1.70643012,0.00006346,13.25240018,0.00049286,0.01220348,0.00000045,0.07089611,0.00000264,0.00914286,0.00000034,12.88838666,0.00047932,0.00185513,0.00000007,0.00228361,0.00000008,6.65972529,0.00024768,0.00000271,0.00000000,0.00000772,0.00000000,0.00001453,0.00000000,0.22330884,0.00000830,1.25459269,0.00589813,0.00145535,0.00000005,0.12932449,0.00000481,0.00031889,0.00000001,1.12523439,0.00528999,0.00108587,0.00000004,0.00223621,0.00000008,2.80659183,0.00010438,0.00008603,0.00000000,0.00008041,0.00000038,341.62305775,0.01270496,0.01067704,0.00005020,0.53753235,0.00001999,1.61500800,0.00006006,0.00000000,0.00000000,0.74711337,0.00002779,0.00539403,0.00000020,1.05709550,0.00003931,0.00000000,0.00000000,0.01428738,0.00000053,0.35094313,0.00001305,0.01162415,0.00000043,6085.30544667,0.22631251,0.44270946,0.00001646,5.49247623,0.00020427,2338.72649720,10.99489117,259032.62647033,1217.77195454
2026-04-09 21:23:05,0.29316637,0.00137814,0.20238534,0.00000753,0.26341281,0.00000980,0.00253795,0.00001193,0.01096247,0.00005153,0.00000000,0.00000000,0.00724466,0.00003406,0.08875710,0.00041724,115846.37364383,4.30832664,0.00000000,0.00000000,0.27582816,0.00001026,0.17872884,0.00000665,0.00806965,0.00003793,0.00086765,0.00000003,72.79569034,0.34220380,0.00170842,0.00000803,0.02482824,0.00011671,0.00043859,0.00000002,1.98589914,0.00007386,0.00000000,0.00000000,40.02865177,0.00148867,0.24459161,0.00000910,9.95216178,0.00037012,44.16406872,0.20760999,0.00000036,0.00000000,0.15093931,0.00070955,0.58861922,0.00276703,0.00009769,0.00000000,0.44289377,0.00001647,0.00703151,0.00000026,15.55638506,0.00057854,91174.46265152,3.39077827,0.11947228,0.00056162,0.26682969,0.00125433,1.70643012,0.00006346,13.25240018,0.00049286,0.01220348,0.00000045,0.07089611,0.00000264,0.00914286,0.00000034,12.88838666,0.00047932,0.00185513,0.00000007,0.00228361,0.00000008,6.65972529,0.00024768,0.00000271,0.00000000,0.00000772,0.00000000,0.00001453,0.00000000,0.22330884,0.00000830,1.25459269,0.00589769,0.00145535,0.00000005,0.12932449,0.00000481,0.00031889,0.00000001,1.12523439,0.00528959,0.00108587,0.00000004,0.00223621,0.00000008,2.80659183,0.00010438,0.00008663,0.00000000,0.00008041,0.00000038,341.62305775,0.01270496,0.01067704,0.00005019,0.53753235,0.00001999,1.61500800,0.00006006,0.00000000,0.00000000,0.74711337,0.00002779,0.00539403,0.00000020,1.05709550,0.00003931,0.00000000,0.00000000,0.01428738,0.00000053,0.35094313,0.00001305,0.01162415,0.00000043,6085.30544667,0.22631251,0.44270946,0.00001646,5.49247623,0.00020427,2338.72649720,10.99407262,259032.62647033,1217.68129312
2026-04-09 21:28:12,0.29316637,0.00137725,0.20238534,0.00000752,0.26341281,0.00000979,0.00253795,0.00001192,0.01096247,0.00005150,0.00000000,0.00000000,0.00724466,0.00003403,0.08875710,0.00041697,115846.37364383,4.30716817,0.00000000,0.00000000,0.27582816,0.00001026,0.17872884,0.00000665,0.00806965,0.00003791,0.00086765,0.00000003,72.79569034,0.34198178,0.00170842,0.00000803,0.02482824,0.00011664,0.00043859,0.00000002,1.98589914,0.00007384,0.0000000002,0.0000000000,40.02865177,0.00148827,0.24459161,0.00000909,9.95216178,0.00037002,44.16406872,0.20747529,0.00000036,0.0000000017,0.15093931,0.00070909,0.58861922,0.00276523,0.00009769,0.0000000036,0.44289377,0.00001647,0.00703151,0.00000026,15.55638506,0.00057839,91433.58185047,3.39950057,0.11947228,0.00056126,0.26682969,0.00125352,1.70643012,0.00006345,13.25240018,0.00049272,0.01220348,0.00000045,0.07089611,0.00000264,0.00914286,0.00000034,12.88838666,0.00047919,0.00185513,0.00000007,0.00228361,0.00000008,6.65972529,0.00024761,0.00000271,0.0000000001,0.00000772,0.0000000003,0.00001453,0.0000000005,0.22330884,0.00000830,1.25459269,0.00589386,0.00145535,0.00000005,0.12932449,0.00000481,0.00031889,0.00000001,1.12523439,0.00528616,0.00108587,0.00000004,0.00223621,0.00000008,2.80659183,0.00010435,0.00008663,0.0000000032,0.00008041,0.00000038,341.62305775,0.01270155,0.01067704,0.00005016,0.53753235,0.00001999,1.61500800,0.00006005,0.00000000,0.00000000,0.74711337,0.00002778,0.00539403,0.00000020,1.05709550,0.00003930,0.0000000000,0.0000000000,0.01428738,0.00000053,0.35094313,0.00001305,0.01162415,0.00000043,6085.30544667,0.22625166,0.44270946,0.00001646,5.49247623,0.00020421,2338.72649720,10.98693950,259032.62647033,1216.89124361
2026-04-09 21:34:46,0.29316637,0.00137691,0.20238534,0.00000751,0.26341281,0.00000978,0.00253795,0.00001192,0.01096247,0.00005149,0.00000000,0.00000000,0.00724466,0.00003403,0.08875710,0.00041686,109812.95347698,4.07625683,0.00000000,0.00000000,0.27582816,0.00001024,0.17872884,0.00000663,0.00806965,0.00003790,0.00086765,0.00000003,72.79569034,0.34189879,0.00170842,0.00000802,0.02482824,0.00011661,0.00043859,0.00000002,1.98589914,0.00007372,0.0000000002,0.0000000000,40.02865177,0.00148586,0.24459161,0.00000908,9.95216178,0.00036942,44.16406872,0.20742494,0.00000036,0.0000000017,0.15093931,0.00070892,0.58861922,0.00276456,0.00009769,0.0000000036,0.44289377,0.00001644,0.00703151,0.00000026,15.55638506,0.00057745,91433.58185047,3.39401456,0.11947228,0.00056112,0.26682969,0.00125322,1.70643012,0.00006334,13.25240018,0.00049193,0.01220348,0.00000045,0.07089611,0.00000263,0.00914286,0.00000034,12.88838666,0.00047842,0.00185513,0.00000007,0.00228361,0.00000008,6.65972529,0.00024721,0.00000271,0.0000000001,0.00000772,0.0000000003,0.00001453,0.0000000005,0.22330884,0.00000829,1.25459269,0.00589243,0.00145535,0.00000005,0.12932449,0.00000480,0.00031889,0.00000001,1.12523439,0.00528488,0.00108587,0.00000004,0.00223621,0.00000008,2.80659183,0.00010418,0.00008663,0.0000000032,0.00008041,0.00000038,341.62305775,0.01268105,0.01067704,0.00005015,0.53753235,0.00001995,1.61500800,0.00005995,0.00000000,0.00000000,0.74711337,0.00002773,0.00539403,0.00000020,1.05709550,0.00003924,0.0000000000,0.0000000000,0.01428738,0.00000053,0.35094313,0.00001303,0.01162415,0.00000043,6085.30544667,0.22588654,0.44270946,0.00001643,5.49247623,0.00020388,2338.72649720,10.98427335,259032.62647033,1216.59594642
2026-04-09 21:41:21,0.29316637,0.00137272,0.20238534,0.00000751,0.26341281,0.00000978,0.00253795,0.00001188,0.01096247,0.00005133,0.00000000,0.00000000,0.00724466,0.00003392,0.08875710,0.00041559,109812.95347698,4.07515870,0.00000000,0.00000000,0.27582816,0.00001024,0.17872884,0.00000663,0.00806965,0.00003779,0.00086765,0.00000003,72.79569034,0.34085708,0.00170842,0.00000800,0.02482824,0.00011626,0.00043859,0.00000002,1.98589914,0.00007370,0.0000000002,0.0000000000,40.02865177,0.00148546,0.24459161,0.00000908,9.95216178,0.00036932,44.16406872,0.20679295,0.00000036,0.0000000017,0.15093931,0.00070676,0.58861922,0.00275614,0.00009769,0.0000000036,0.44289377,0.00001644,0.00703151,0.00000026,15.55638506,0.00057730,91433.58185047,3.39310022,0.11947228,0.00055941,0.26682969,0.00124940,1.70643012,0.00006333,13.25240018,0.00049180,0.01220348,0.00000045,0.07089611,0.00000263,0.00914286,0.00000034,12.88838666,0.00047829,0.00185513,0.00000007,0.00228361,0.00000008,6.65972529,0.00024714,0.00000271,0.0000000001,0.00000772,0.0000000003,0.00001453,0.0000000005,0.22330884,0.00000829,1.25459269,0.00587448,0.00145535,0.00000005,0.12932449,0.00000480,0.00031889,0.00000001,1.12523439,0.00526877,0.00108587,0.00000004,0.00223621,0.00000008,2.80659183,0.00010415,0.00008603,0.0000000032,0.00008041,0.00000038,341.62305775,0.01267763,0.01067704,0.00004999,0.53753235,0.00001995,1.61500800,0.00005993,0.00000000,0.00000000,0.74711337,0.00002773,0.00539403,0.00000020,1.05709550,0.00003923,0.0000000000,0.0000000000,0.01428738,0.00000053,0.35094313,0.00001302,0.01162415,0.00000043,6085.30544667,0.22582569,0.44270946,0.00001643,5.49247623,0.00020383,2338.72649720,10.95080618,259032.62647033,1212.88918953
2026-04-09 21:47:54,0.29316637,0.00137463,0.20238534,0.00000753,0.26341281,0.00000980,0.00253795,0.00001190,0.01096247,0.00005140,0.00000000,0.00000000,0.00724267,0.00003396,0.08875710,0.00041617,109812.95347698,4.08394374,0.00000000,0.00000000,0.27582816,0.00001026,0.17872884,0.00000665,0.00806965,0.00003784,0.00086765,0.00000003,72.79569034,0.34133171,0.00170842,0.00000801,0.02482824,0.00011642,0.00043859,0.00000002,1.98589914,0.00007386,0.0000000002,0.0000000000,40.02865177,0.00148867,0.24459161,0.00000910,9.95216178,0.00037012,44.16406872,0.20708090,0.00000036,0.0000000017,0.15093931,0.00070774,0.58861922,0.00275998,0.00009769,0.0000000036,0.44289377,0.00001647,0.00703151,0.00000026,15.55638506,0.00057854,91170.97899917,3.39064871,0.11947228,0.00056019,0.26682969,0.00125114,1.70643012,0.00006346,13.25240018,0.00049286,0.01220348,0.00000045,0.07089611,0.00000264,0.00914286,0.00000034,12.88838666,0.00047932,0.00185513,0.00000007,0.00228361,0.00000008,6.65972529,0.00024768,0.00000271,0.0000000001,0.00000772,0.0000000003,0.00001453,0.0000000005,0.22330884,0.00000830,1.25459269,0.00588266,0.00145535,0.00000005,0.12932449,0.00000481,0.00031889,0.00000001,1.12523439,0.00527611,0.00108587,0.00000004,0.00223621,0.00000008,2.80659183,0.00010438,0.00008603,0.0000000032,0.00008041,0.00000038,341.62305775,0.01270496,0.01067704,0.00005006,0.53753235,0.00001999,1.61487780,0.00006006,0.00000000,0.00000000,0.74711337,0.00002779,0.00539403,0.00000020,1.05709550,0.00003931,0.0000000000,0.0000000000,0.01428738,0.00000053,0.35094313,0.00001305,0.01162415,0.00000043,6085.30544667,0.22631251,0.44270946,0.00001646,5.49247623,0.00020427,2338.72649720,10.96605467,259032.62647033,1214.57808226
2026-04-09 21:54:28,0.29316637,0.00137677,0.20238534,0.00000754,0.26341281,0.00000981,0.00253795,0.00001192,0.01096247,0.00005148,0.00000000,0.00000000,0.00724267,0.00003401,0.08875710,0.00041682,109812.95347698,4.09053252,0.00000000,0.00000000,0.27582816,0.00001027,0.17872884,0.00000666,0.00806965,0.00003790,0.00086765,0.00000003,72.79569034,0.34186458,0.00170842,0.00000802,0.02482824,0.00011660,0.00043859,0.00000002,1.98589914,0.00007397,0.0000000002,0.0000000000,40.02865177,0.00149107,0.24459161,0.00000911,9.95216178,0.00037072,44.16406872,0.20740418,0.00000036,0.0000000017,0.15093931,0.00070884,0.58861922,0.00276429,0.00009769,0.0000000036,0.44289377,0.00001650,0.00703151,0.00000026,15.55638506,0.00057948,91170.97899917,3.39611897,0.11947228,0.00056107,0.26682969,0.00125309,1.70643012,0.00006356,13.25240018,0.00049365,0.01220348,0.00000045,0.07089611,0.00000264,0.00914286,0.00000034,12.88838666,0.00048009,0.00185513,0.00000007,0.00228361,0.00000009,6.65972529,0.00024807,0.00000271,0.0000000001,0.00000772,0.0000000003,0.00001453,0.0000000005,0.22330884,0.00000832,1.25459269,0.00589184,0.00145535,0.00000005,0.12932449,0.00000482,0.00031889,0.00000001,1.12523439,0.00528435,0.00108587,0.00000004,0.00223621,0.00000008,2.80659183,0.00010455,0.00008603,0.0000000032,0.00008041,0.00000038,341.62305775,0.01272546,0.01067704,0.00005014,0.53753235,0.00002002,1.61487780,0.00006015,0.00000000,0.00000000,0.74711337,0.00002783,0.00539403,0.00000020,1.05709550,0.00003938,0.0000000000,0.0000000000,0.01428738,0.00000053,0.35094313,0.00001307,0.01162415,0.00000043,6085.30544667,0.22667763,0.44270946,0.00001649,5.49247623,0.00020459,2338.72649720,10.98317415,259032.62647033,1216.47420108
2026-04-09 22:01:03,0.29316637,0.00137770,0.20238534,0.00000754,0.26341281,0.00000981,0.00253795,0.00001193,0.01096247,0.00005152,0.00000000,0.00000000,0.00724267,0.00003404,0.08875710,0.00041710,109812.95347698,4.09053252,0.00000000,0.00000000,0.27582816,0.00001027,0.17872884,0.00000666,0.00806965,0.00003792,0.00086765,0.00000003,72.79569034,0.34209388,0.00170842,0.00000803,0.02482824,0.00011668,0.00043859,0.00000002,1.98589914,0.00007397,0.0000000002,0.0000000000,40.02865177,0.00149107,0.24459161,0.00000911,9.95216178,0.00037072,44.16406872,0.20754330,0.00000036,0.0000000017,0.15093931,0.00070932,0.58861922,0.00276614,0.00009769,0.0000000036,0.44289377,0.00001650,0.00703151,0.00000026,15.55638506,0.00057948,91170.97899917,3.39611897,0.11947228,0.00056144,0.26682969,0.00125393,1.70643012,0.00006356,13.25240018,0.00049365,0.01220348,0.00000045,0.07089611,0.00000264,0.00914286,0.00000034,12.88838666,0.00048009,0.00185513,0.00000007,0.00228361,0.00000009,6.65972529,0.00024807,0.00000271,0.0000000001,0.00000772,0.0000000003,0.00001453,0.0000000005,0.22330884,0.00000832,1.25459269,0.00589580,0.00145535,0.00000005,0.12932449,0.00000482,0.00031889,0.00000001,1.12523439,0.00528789,0.00108587,0.00000004,0.00223621,0.00000008,2.80659183,0.00010455,0.00008603,0.0000000032,0.00008041,0.00000038,341.62305775,0.01272546,0.01067704,0.00005018,0.53753235,0.00002002,1.61487780,0.00006015,0.00000000,0.00000000,0.74711337,0.00002783,0.00539403,0.00000020,1.05709550,0.00003938,0.0000000000,0.0000000000,0.01428738,0.00000053,0.35094313,0.00001307,0.01162415,0.00000043,6085.30544667,0.22667763,0.44270946,0.00001649,5.49247623,0.00020459,2338.72649720,10.99054114,259032.62647033,1217.29015386
2026-04-09 22:07:37,0.29316637,0.00137597,0.20238534,0.00000754,0.26341281,0.00000982,0.00253795,0.00001191,0.01096247,0.00005145,0.00000000,0.00000000,0.00724267,0.00003399,0.08875710,0.00041658,109812.95347698,4.09272878,0.00000000,0.00000000,0.27582816,0.00001028,0.17872884,0.00000666,0.00806965,0.00003787,0.00086765,0.00000003,72.79569034,0.34166584,0.00170842,0.00000802,0.02482824,0.00011653,0.00043859,0.00000002,1.98589914,0.00007401,0.0000000002,0.0000000000,40.02865177,0.00149187,0.24459161,0.00000912,9.95216178,0.00037092,44.16406872,0.20728361,0.00000036,0.0000000017,0.15093931,0.00070843,0.58861922,0.00276268,0.00009769,0.0000000036,0.44289377,0.00001651,0.00703151,0.00000026,15.55638506,0.00057979,91170.97899917,3.39794239,0.11947228,0.00056074,0.26682969,0.00125236,1.70643012,0.00006360,13.25240018,0.00049392,0.01220348,0.00000045,0.07089611,0.00000264,0.00914286,0.00000034,12.88838666,0.00048035,0.00185513,0.00000007,0.00228361,0.00000009,6.65972529,0.00024821,0.00000271,0.0000000001,0.00000772,0.0000000003,0.00001453,0.0000000005,0.22330884,0.00000832,1.25459269,0.00588842,0.00145535,0.00000005,0.12932449,0.00000482,0.00031889,0.00000001,1.12523439,0.00528128,0.00108587,0.00000004,0.00223621,0.00000008,2.80659183,0.00010460,0.00008670,0.0000000032,0.00008041,0.00000038,341.62305775,0.01273229,0.01067704,0.00005011,0.53753235,0.00002003,1.61487780,0.00006019,0.00000000,0.00000000,0.74711337,0.00002784,0.00539403,0.00000020,1.05709550,0.00003940,0.0000000000,0.0000000000,0.01428738,0.00000053,0.35094313,0.00001308,0.01162415,0.00000043,6085.30544667,0.22679933,0.44270946,0.00001650,5.49247623,0.00020470,2338.72649720,10.97678943,259032.62647033,1215.76704201
2026-04-09 22:14:12,0.29316637,0.00137281,0.20238534,0.00000756,0.26341281,0.00000983,0.00253795,0.00001188,0.01096247,0.00005133,0.00000000,0.00000000,0.00724267,0.00003392,0.08875710,0.00041562,109812.95347698,4.09931755,0.00000000,0.00000000,0.27582816,0.00001030,0.17872884,0.00000667,0.00806965,0.00003779,0.00086765,0.00000003,72.79569034,0.34088038,0.00170842,0.00000800,0.02482824,0.00011626,0.00043859,0.00000002,1.98589914,0.00007413,0.0000000002,0.0000000000,40.02865177,0.00149427,0.24459161,0.00000913,9.95216178,0.00037151,44.16406872,0.20680708,0.00000036,0.0000000017,0.15093931,0.00070680,0.58861922,0.00275633,0.00009769,0.0000000036,0.35158079,0.00001312,0.00703151,0.00000026,15.55638506,0.00058072,91170.97899917,3.40341265,0.11947228,0.00055945,0.26682969,0.00124948,1.70643012,0.00006370,13.25240018,0.00049471,0.01220348,0.00000046,0.07089611,0.00000265,0.00914286,0.00000034,12.88838666,0.00048112,0.00185513,0.00000007,0.00228361,0.00000009,6.65972529,0.00024861,0.00000271,0.0000000001,0.00000772,0.0000000003,0.00001453,0.0000000005,0.22330884,0.00000834,1.25459269,0.00587488,0.00145535,0.00000005,0.12932449,0.00000483,0.00031889,0.00000001,1.12523439,0.00526914,0.00108587,0.00000004,0.00223621,0.00000008,2.80659183,0.00010477,0.00008670,0.0000000032,0.00008041,0.00000038,341.62305775,0.01275279,0.01067704,0.00005000,0.53753235,0.00002007,1.61487780,0.00006028,0.00000000,0.00000000,0.74711337,0.00002789,0.00539403,0.00000020,1.05709550,0.00003946,0.0000000000,0.0000000000,0.01428738,0.00000053,0.35094313,0.00001310,0.01162415,0.00000043,6085.30544667,0.22716445,0.44270946,0.00001653,5.49247623,0.00020503,2338.72649720,10.95155457,259032.62647033,1212.97207997
2026-04-09 22:20:47,0.29316637,0.00137691,0.20238534,0.00000758,0.26341281,0.00000986,0.00253795,0.00001192,0.01096247,0.00005149,0.00000000,0.00000000,0.00724267,0.00003402,0.08875710,0.00041686,109812.95347698,4.11139698,0.00000000,0.00000000,0.27582816,0.00001033,0.17872884,0.00000669,0.00806965,0.00003790,0.00086765,0.00000003,72.79569034,0.34189806,0.00170842,0.00000802,0.02482824,0.00011661,0.00043859,0.00000002,1.98589914,0.00007435,0.0000000002,0.0000000000,40.02865177,0.00149867,0.24459161,0.00000916,9.95216178,0.00037261,44.16406872,0.20742450,0.00000036,0.0000000017,0.15093931,0.00070891,0.58861922,0.00276456,0.00009769,0.0000000037,0.35158079,0.00001316,0.00703151,0.00000026,15.55638506,0.00058243,91170.97899917,3.41344145,0.11947228,0.00056112,0.26682969,0.00125321,1.70643012,0.00006389,13.25240018,0.00049617,0.01220348,0.00000046,0.07089611,0.00000265,0.00914286,0.00000034,12.88838666,0.00048254,0.00185513,0.00000007,0.00228361,0.00000009,6.65972529,0.00024934,0.00000271,0.0000000001,0.00000772,0.0000000003,0.00001453,0.0000000005,0.22330884,0.00000836,1.25459269,0.00589242,0.00145535,0.00000005,0.12932449,0.00000484,0.00031889,0.00000001,1.12523439,0.00528487,0.00108587,0.00000004,0.00223621,0.00000008,2.80659183,0.00010508,0.00008603,0.0000000032,0.00008041,0.00000038,341.62305775,0.01279037,0.01067704,0.00005015,0.53753235,0.00002013,1.61487780,0.00006046,0.00000000,0.00000000,0.74711337,0.00002797,0.00539403,0.00000020,1.05709550,0.00003958,0.0000000000,0.0000000000,0.01428738,0.00000053,0.35094313,0.00001314,0.01162415,0.00000044,6085.30544667,0.22783384,0.44270946,0.00001658,5.49247623,0.00020564,2338.72649720,10.98424996,259032.62647033,1216.59335609
2026-04-09 22:27:22,0.29316637,0.00138156,0.20238534,0.00000761,0.26341281,0.00000990,0.00253795,0.00001196,0.01096247,0.00005166,0.00000000,0.00000000,0.00724267,0.00003413,0.08875710,0.00041827,109812.95347698,4.12786892,0.00000000,0.00000000,0.27582816,0.00001037,0.17872884,0.00000672,0.00806965,0.00003803,0.00086765,0.00000003,72.79569034,0.34305187,0.00170842,0.00000805,0.02482824,0.00011700,0.00043859,0.00000002,1.98589914,0.00007465,0.0000000002,0.0000000000,40.02865177,0.00150468,0.24459161,0.00000919,9.95216178,0.00037410,44.16406872,0.20812450,0.00000036,0.0000000017,0.15093931,0.00071131,0.58861922,0.00277389,0.00009769,0.0000000037,0.35158079,0.00001322,0.00703151,0.00000026,15.55638506,0.00058476,91170.97899917,3.42711710,0.11947228,0.00056302,0.26682969,0.00125744,1.70643012,0.00006414,13.25240018,0.00049816,0.01220348,0.00000046,0.07092291,0.00000267,0.00914286,0.00000034,12.88838666,0.00048447,0.00185513,0.00000007,0.00228361,0.00000009,6.65972529,0.00025034,0.00000271,0.0000000001,0.00000772,0.0000000003,0.00001453,0.0000000005,0.22330884,0.00000839,1.25459269,0.00591231,0.00145535,0.00000005,0.12932449,0.00000486,0.00031889,0.00000001,1.12523439,0.00530270,0.00108587,0.00000004,0.00223621,0.00000008,2.80659183,0.00010550,0.00008603,0.0000000032,0.00008041,0.00000038,341.62305775,0.01284161,0.01067704,0.00005032,0.53753235,0.00002021,1.61487780,0.00006070,0.00000000,0.00000000,0.74711337,0.00002808,0.00539403,0.00000020,1.05709550,0.00003974,0.0000000000,0.0000000000,0.01428738,0.00000054,0.35094313,0.00001319,0.01162415,0.00000044,6085.30544667,0.22874663,0.44270946,0.00001664,5.49247623,0.00020646,2338.72649720,11.02131878,259032.62647033,1220.69902322
2026-04-09 22:33:57,0.29316637,0.00137957,0.20238534,0.00000761,0.26341281,0.00000990,0.00253795,0.00001194,0.01096247,0.00005159,0.00000000,0.00000000,0.00724267,0.00003408,0.08875710,0.00041767,109812.95347698,4.12786892,0.00000000,0.00000000,0.27582816,0.00001037,0.17872884,0.00000672,0.00806965,0.00003797,0.00086765,0.00000003,72.79569034,0.34255978,0.00170842,0.00000804,0.02482824,0.00011684,0.00043859,0.00000002,1.98589914,0.00007465,0.0000000002,0.0000000000,40.02865177,0.00150468,0.24459161,0.00000919,9.95216178,0.00037410,44.16406872,0.20782595,0.00000036,0.0000000017,0.15093931,0.00071029,0.58861922,0.00276991,0.00009769,0.0000000037,0.35158079,0.00001322,0.00703151,0.00000026,15.55638506,0.00058476,91170.97899917,3.42711710,0.11947228,0.00056221,0.26682969,0.00125564,1.70643012,0.00006414,13.25240018,0.00049816,0.01220348,0.00000046,0.07092291,0.00000267,0.00914286,0.00000034,12.88838666,0.00048447,0.00185513,0.00000007,0.00228361,0.00000009,6.65972529,0.00025034,0.00000271,0.0000000001,0.00000772,0.0000000003,0.00001453,0.0000000005,0.22330884,0.00000839,1.25459269,0.00590382,0.00145535,0.00000005,0.12932449,0.00000486,0.00031889,0.00000001,1.12523439,0.00529509,0.00108587,0.00000004,0.00223621,0.00000008,2.80659183,0.00010550,0.00008603,0.0000000032,0.00008041,0.00000038,341.62305775,0.01284161,0.01067704,0.00005024,0.53753235,0.00002021,1.61487780,0.00006070,0.00000000,0.00000000,0.74711337,0.00002808,0.00539403,0.00000020,1.05709550,0.00003974,0.0000000000,0.0000000000,0.01428738,0.00000054,0.35094313,0.00001319,0.01162415,0.00000044,6085.30544667,0.22874663,0.44270946,0.00001664,5.49247623,0.00020646,2338.72649720,11.00550899,259032.62647033,1218.94796267
2026-04-09 22:40:32,0.29316637,0.00137966,0.20238534,0.00000765,0.26341281,0.00000995,0.00253795,0.00001194,0.01096247,0.00005159,0.00000000,0.00000000,0.00724267,0.00003408,0.08875710,0.00041770,109812.95347698,4.14983151,0.00000000,0.00000000,0.27582816,0.00001042,0.17872884,0.00000675,0.00806965,0.00003798,0.00086765,0.00000003,72.79569034,0.34258016,0.00170842,0.00000804,0.02482824,0.00011684,0.00043859,0.00000002,1.98589914,0.00007505,0.0000000002,0.0000000000,40.02865177,0.00151268,0.24459161,0.00000924,9.95216178,0.00037609,44.16406872,0.20783832,0.00000036,0.0000000017,0.15093931,0.00071033,0.58861922,0.00277007,0.00009769,0.0000000037,0.35158079,0.00001329,0.00703151,0.00000027,15.55638506,0.00058788,91170.97899917,3.44535130,0.11947228,0.00056224,0.26682969,0.00125571,1.70643012,0.00006449,13.25240018,0.00050081,0.01220348,0.00000046,0.07093162,0.00000268,0.00914286,0.00000035,12.88838666,0.00048705,0.00185513,0.00000007,0.00228361,0.00000009,6.65972529,0.00025167,0.00000271,0.0000000001,0.00000772,0.0000000003,0.00001453,0.0000000005,0.22330884,0.00000844,1.25459269,0.00590418,0.00145535,0.00000005,0.12932449,0.00000489,0.00031889,0.00000001,1.12523439,0.00529541,0.00108587,0.00000004,0.00223621,0.00000008,2.80659183,0.00010606,0.00008603,0.0000000033,0.00008041,0.00000038,341.62305775,0.01290994,0.01067704,0.00005025,0.53753235,0.00002031,1.61487780,0.00006103,0.00000000,0.00000000,0.74711337,0.00002823,0.00539403,0.00000020,1.05709550,0.00003995,0.0000000000,0.0000000000,0.01428738,0.00000054,0.35094313,0.00001326,0.01162415,0.00000044,6085.30544667,0.22996369,0.44270946,0.00001673,5.49247623,0.00020756,2338.72649720,11.00616383,259032.62647033,1219.02049180
2026-04-09 22:47:06,0.29316637,0.00137999,0.20238534,0.00000764,0.26341281,0.00000994,0.00253795,0.00001195,0.01096247,0.00005160,0.00000000,0.00000000,0.00724267,0.00003409,0.08875710,0.00041780,109812.95347698,4.14543899,0.00000000,0.00000000,0.27582816,0.00001041,0.17872884,0.00000675,0.00806965,0.00003799,0.00086765,0.00000003,72.79569034,0.34266387,0.00170842,0.00000804,0.02482824,0.00011687,0.00043859,0.00000002,1.98589914,0.00007497,0.0000000002,0.0000000000,40.02865177,0.00151108,0.24459161,0.00000923,9.95216178,0.00037569,44.16406872,0.20788910,0.00000036,0.0000000017,0.15093931,0.00071050,0.58861922,0.00277075,0.00009769,0.0000000037,0.35158079,0.00001327,0.00703151,0.00000027,15.55638506,0.00058725,91170.97899917,3.44170446,0.11947228,0.00056238,0.26682969,0.00125602,1.70643012,0.00006442,13.25240018,0.00050028,0.01220348,0.00000046,0.07092019,0.00000268,0.00914286,0.00000035,12.88838666,0.00048654,0.00185513,0.00000007,0.00228361,0.00000009,6.65972529,0.00025140,0.00000271,0.0000000001,0.00000772,0.0000000003,0.00001453,0.0000000005,0.22330884,0.00000843,1.25459269,0.00590562,0.00145535,0.00000005,0.12932449,0.00000488,0.00031889,0.00000001,1.12523439,0.00529670,0.00108587,0.00000004,0.00223621,0.00000008,2.80659183,0.00010595,0.00008672,0.0000000033,0.00008041,0.00000038,341.62305775,0.01289627,0.01067704,0.00005026,0.53753235,0.00002029,1.61487780,0.00006096,0.00000000,0.00000000,0.74711337,0.00002820,0.00539403,0.00000020,1.05709550,0.00003991,0.0000000000,0.0000000000,0.01428738,0.00000054,0.35094313,0.00001325,0.01162415,0.00000044,6085.30544667,0.22972028,0.44270946,0.00001671,5.49247623,0.00020734,2338.72649720,11.00885337,259032.62647033,1219.31837932
2026-04-09 22:53:40,0.29316637,0.00139024,0.20238534,0.00000765,0.26341281,0.00000996,0.00253795,0.00001204,0.01096247,0.00005199,0.00000000,0.00000000,0.00724267,0.00003435,0.08875710,0.00042090,109817.37504774,4.15109678,0.00000000,0.00000000,0.27582816,0.00001043,0.17872884,0.00000676,0.00806965,0.00003827,0.00086765,0.00000003,72.79569034,0.34520881,0.00170842,0.00000810,0.02482824,0.00011774,0.00043859,0.00000002,1.98589914,0.00007507,0.0000000002,0.0000000000,40.02865177,0.00151308,0.24459161,0.00000925,9.95216178,0.00037619,44.16406872,0.20943308,0.00000036,0.0000000017,0.15093931,0.00071578,0.58861922,0.00279133,0.00009769,0.0000000037,0.35158079,0.00001329,0.00703151,0.00000027,15.55638506,0.00058803,91170.97899917,3.44626301,0.11947228,0.00056656,0.26682969,0.00126535,1.70643012,0.00006450,13.25240018,0.00050094,0.01220348,0.00000046,0.07093120,0.00000268,0.00914286,0.00000035,12.88838666,0.00048718,0.00185513,0.00000007,0.00228361,0.00000009,6.65972529,0.00025174,0.00000271,0.0000000001,0.00000772,0.0000000003,0.00001453,0.0000000005,0.22330884,0.00000844,1.25459269,0.00594948,0.00145535,0.00000006,0.12932449,0.00000489,0.00031889,0.00000001,1.12523439,0.00533604,0.00108587,0.00000004,0.00223621,0.00000008,2.80659183,0.00010609,0.00008672,0.0000000033,0.00008041,0.00000038,341.62305775,0.01291335,0.01067704,0.00005063,0.53753235,0.00002032,1.61487780,0.00006104,0.00000000,0.00000000,0.74711337,0.00002824,0.00539403,0.00000020,1.05709550,0.00003996,0.0000000000,0.0000000000,0.01428738,0.00000054,0.35094313,0.00001327,0.01162415,0.00000044,6085.30544667,0.23002455,0.44270946,0.00001673,5.49247623,0.00020762,2338.72649720,11.09061525,259032.62647033,1228.37415994
2026-04-09 23:00:15,0.29316637,0.00139116,0.20238534,0.00000764,0.26341281,0.00000995,0.00253795,0.00001204,0.01096247,0.00005202,0.00000000,0.00000000,0.00724267,0.00003437,0.08875710,0.00042118,109817.37504774,4.14780226,0.00000000,0.00000000,0.27582816,0.00001042,0.17872884,0.00000675,0.00806965,0.00003829,0.00086765,0.00000003,72.79569034,0.34543593,0.00170842,0.00000811,0.02482824,0.00011782,0.00043859,0.00000002,1.98589914,0.00007501,0.0000000002,0.0000000000,40.02865177,0.00151188,0.24459161,0.00000924,9.95216178,0.00037589,44.16406872,0.20957087,0.00000036,0.0000000017,0.15093931,0.00071625,0.58861922,0.00279316,0.00009769,0.0000000037,0.35158079,0.00001328,0.00703151,0.00000027,15.55638506,0.00058756,91170.97899917,3.44352788,0.11947228,0.00056693,0.26682969,0.00126618,1.70643012,0.00006445,13.25240018,0.00050054,0.01220348,0.00000046,0.07093120,0.00000268,0.00914286,0.00000035,12.88838666,0.00048679,0.00185513,0.00000007,0.00228361,0.00000009,6.65972529,0.00025154,0.00000271,0.0000000001,0.00000772,0.0000000003,0.00001453,0.0000000005,0.22330884,0.00000843,1.25459269,0.00595339,0.00145535,0.00000005,0.12932449,0.00000488,0.00031889,0.00000001,1.12523439,0.00533955,0.00108587,0.00000004,0.00223621,0.00000008,2.80659183,0.00010600,0.00008604,0.0000000032,0.00008041,0.00000038,341.62305775,0.01290310,0.01067704,0.00005067,0.53753235,0.00002030,1.61487780,0.00006099,0.00000000,0.00000000,0.74711337,0.00002822,0.00539403,0.00000020,1.05709550,0.00003993,0.0000000000,0.0000000000,0.01428738,0.00000054,0.35094313,0.00001326,0.01162415,0.00000044,6085.30544667,0.22984199,0.44270946,0.00001672,5.49247623,0.00020745,2338.72649720,11.09791207,259032.62647033,1229.18234174
2026-04-09 23:06:49,0.29316637,0.00138709,0.20238534,0.00000763,0.26341281,0.00000993,0.00253795,0.00001201,0.01096247,0.00005187,0.00000000,0.00000000,0.00724267,0.00003427,0.08875710,0.00041995,109817.37504774,4.13901687,0.00000000,0.00000000,0.27582816,0.00001040,0.17872884,0.00000674,0.00806965,0.00003818,0.00086765,0.00000003,72.79569034,0.34442626,0.00170842,0.00000808,0.02482824,0.00011747,0.00043859,0.00000002,1.98589914,0.00007485,0.0000000002,0.0000000000,40.02865177,0.00150868,0.24459161,0.00000922,9.95216178,0.00037510,44.16406872,0.20895832,0.00000036,0.0000000017,0.15093931,0.00071416,0.58861922,0.00278500,0.00009769,0.0000000037,0.35158079,0.00001325,0.00703151,0.00000027,15.55638506,0.00058632,91170.97899917,3.43623420,0.11947228,0.00056527,0.26682969,0.00126248,1.70643012,0.00006432,13.25240018,0.00049948,0.01220348,0.00000046,0.07093120,0.00000267,0.00914286,0.00000034,12.88838666,0.00048576,0.00185513,0.00000007,0.00228361,0.00000009,6.65972529,0.00025101,0.00000271,0.0000000001,0.00000772,0.0000000003,0.00001453,0.0000000005,0.22330884,0.00000842,1.25459269,0.00593599,0.00145535,0.00000005,0.12932449,0.00000487,0.00031889,0.00000001,1.12523439,0.00532395,0.00108587,0.00000004,0.00223621,0.00000008,2.80659183,0.00010578,0.00008604,0.0000000032,0.00008041,0.00000038,341.62305775,0.01287577,0.01067704,0.00005052,0.53753235,0.00002026,1.61487780,0.00006086,0.00000000,0.00000000,0.74711337,0.00002816,0.00539403,0.00000020,1.05709550,0.00003984,0.0000000000,0.0000000000,0.01428738,0.00000054,0.35094313,0.00001323,0.01162415,0.00000044,6085.30544667,0.22935516,0.44270946,0.00001669,5.49247623,0.00020701,2338.72649720,11.06547394,259032.62647033,1225.58955921
2026-04-09 23:13:24,0.29316637,0.00138423,0.20238534,0.00000765,0.26341281,0.00000995,0.00253795,0.00001198,0.01096247,0.00005176,0.00000000,0.00000000,0.00724267,0.00003420,0.08875710,0.00041908,109817.37504774,4.14999860,0.00000000,0.00000000,0.27582816,0.00001042,0.17872884,0.00000675,0.00806965,0.00003810,0.00086765,0.00000003,72.79569034,0.34371504,0.00170842,0.00000807,0.02482824,0.00011723,0.00043859,0.00000002,1.98589914,0.00007505,0.0000000002,0.0000000000,40.02865177,0.00151268,0.24459161,0.00000924,9.95216178,0.00037609,44.16406872,0.20852683,0.00000036,0.0000000017,0.15093931,0.00071268,0.58861922,0.00277925,0.00009769,0.0000000037,0.35158079,0.00001329,0.00703151,0.00000027,15.55638506,0.00058788,91170.97899917,3.44535130,0.11947228,0.00056411,0.26682969,0.00125987,1.70643012,0.00006449,13.25240018,0.00050081,0.01220348,0.00000046,0.07093120,0.00000268,0.00914286,0.00000035,12.88838666,0.00048705,0.00185513,0.00000007,0.00228361,0.00000009,6.65972529,0.00025167,0.00000271,0.0000000001,0.00000772,0.0000000003,0.00001453,0.0000000005,0.22330884,0.00000844,1.25459269,0.00592374,0.00145535,0.00000005,0.12932449,0.00000489,0.00031889,0.00000001,1.12523439,0.00531295,0.00108587,0.00000004,0.00223621,0.00000008,2.80659183,0.00010606,0.00008604,0.0000000033,0.00008041,0.00000038,341.62305775,0.01290994,0.01067704,0.00005041,0.53753235,0.00002031,1.61487780,0.00006103,0.00000000,0.00000000,0.74711337,0.00002823,0.00539403,0.00000020,1.05709550,0.00003995,0.0000000000,0.0000000000,0.01428738,0.00000054,0.35094313,0.00001326,0.01162415,0.00000044,6085.30544667,0.22996369,0.44270946,0.00001673,5.49247623,0.00020756,2338.72649720,11.04262458,259032.62647033,1223.05881045
2026-04-09 23:19:59,0.29316637,0.00137942,0.20238534,0.00000762,0.26341281,0.00000992,0.00253795,0.00001194,0.01096247,0.00005158,0.00000000,0.00000000,0.00724267,0.00003408,0.08875710,0.00041763,109817.37504774,4.13682052,0.00000000,0.00000000,0.27582816,0.00001039,0.17872884,0.00000673,0.00806965,0.00003797,0.00086765,0.00000003,72.79569034,0.34252265,0.00170842,0.00000804,0.02482824,0.00011682,0.00043859,0.00000002,1.98589914,0.00007481,0.0000000002,0.0000000000,40.02865177,0.00150788,0.24459161,0.00000921,9.95216178,0.00037490,44.16406872,0.20780343,0.00000036,0.0000000017,0.15093931,0.00071021,0.58861922,0.00276961,0.00009769,0.0000000037,0.35158079,0.00001324,0.00703151,0.00000026,15.55638506,0.00058601,91170.97899917,3.43441078,0.11947228,0.00056215,0.26682969,0.00125550,1.70643012,0.00006428,13.25240018,0.00049922,0.01220348,0.00000046,0.07093120,0.00000267,0.00914286,0.00000034,12.88838666,0.00048551,0.00185513,0.00000007,0.00228361,0.00000009,6.65972529,0.00025087,0.00000271,0.0000000001,0.00000772,0.0000000003,0.00001453,0.0000000005,0.22330884,0.00000841,1.25459269,0.00590318,0.00145535,0.00000005,0.12932449,0.00000487,0.00031889,0.00000001,1.12523439,0.00529452,0.00108587,0.00000004,0.00223621,0.00000008,2.80659183,0.00010572,0.00008604,0.0000000032,0.00008041,0.00000038,341.62305775,0.01286894,0.01067704,0.00005024,0.53753235,0.00002025,1.61487780,0.00006083,0.00000000,0.00000000,0.74711337,0.00002814,0.00539403,0.00000020,1.05709550,0.00003982,0.0000000000,0.0000000000,0.01428738,0.00000054,0.35094313,0.00001322,0.01162415,0.00000044,6085.30544667,0.22923346,0.44270946,0.00001668,5.49247623,0.00020690,2338.72649720,11.00431624,259032.62647033,1218.81585603
2026-04-09 23:26:34,0.29316637,0.00138022,0.20238534,0.00000763,0.26341281,0.00000993,0.00253795,0.00001195,0.01096247,0.00005161,0.00000000,0.00000000,0.00724267,0.00003410,0.08875710,0.00041787,109817.37504774,4.14121321,0.00000000,0.00000000,0.27582816,0.00001040,0.17872884,0.00000674,0.00806965,0.00003799,0.00086765,0.00000003,72.79569034,0.34272065,0.00170842,0.00000804,0.02482824,0.00011689,0.00043859,0.00000002,1.98589914,0.00007489,0.0000000002,0.0000000000,40.02865177,0.00150948,0.24459161,0.00000922,9.95216178,0.00037530,44.16406872,0.20792355,0.00000036,0.0000000017,0.15093931,0.00071062,0.58861922,0.00277121,0.00009769,0.0000000037,0.35158079,0.00001326,0.00703151,0.00000027,15.55638506,0.00058663,91170.97899917,3.43805762,0.11947228,0.00056247,0.26682969,0.00125623,1.70643012,0.00006435,13.25240018,0.00049975,0.01220348,0.00000046,0.07093120,0.00000267,0.00914286,0.00000034,12.88838666,0.00048602,0.00185513,0.00000007,0.00228361,0.00000009,6.65972529,0.00025114,0.00000271,0.0000000001,0.00000772,0.0000000003,0.00001453,0.0000000005,0.22330884,0.00000842,1.25459269,0.00590660,0.00145535,0.00000005,0.12932449,0.00000488,0.00031889,0.00000001,1.12523439,0.00529758,0.00108587,0.00000004,0.00223621,0.00000008,2.80659183,0.00010584,0.00008604,0.0000000032,0.00008041,0.00000038,341.62305775,0.01288261,0.01067704,0.00005027,0.53753235,0.00002027,1.61487780,0.00006090,0.00000000,0.00000000,0.74711337,0.00002817,0.00539403,0.00000020,1.05709550,0.00003986,0.0000000000,0.0000000000,0.01428738,0.00000054,0.35094313,0.00001323,0.01162415,0.00000044,6085.30544667,0.22947687,0.44270946,0.00001669,5.49247623,0.00020712,2338.72649720,11.01067757,259032.62647033,1219.52042477
2026-04-09 23:33:09,0.29316637,0.00137766,0.20238534,0.00000763,0.26341281,0.00000993,0.00253795,0.00001193,0.01096247,0.00005152,0.00000000,0.00000000,0.00724267,0.00003403,0.08875710,0.00041709,109817.37504774,4.13791869,0.00000000,0.00000000,0.27582816,0.00001039,0.17872884,0.00000673,0.00806965,0.00003792,0.00086765,0.00000003,72.79569034,0.34208369,0.00170842,0.00000803,0.02482824,0.00011667,0.00043859,0.00000002,1.98589914,0.00007483,0.0000000002,0.0000000000,40.02865177,0.00150828,0.24459161,0.00000922,9.95216178,0.00037500,44.16406872,0.20753712,0.00000036,0.0000000017,0.15093931,0.00070930,0.58861922,0.00276606,0.00009769,0.0000000037,0.35158079,0.00001325,0.00703151,0.00000026,15.55638506,0.00058616,91170.97899917,3.43532249,0.11947228,0.00056143,0.26682969,0.00125389,1.70643012,0.00006430,13.25240018,0.00049935,0.01220348,0.00000046,0.07093120,0.00000267,0.00914286,0.00000034,12.88838666,0.00048563,0.00185513,0.00000007,0.00228361,0.00000009,6.65972529,0.00025094,0.00000271,0.0000000001,0.00000772,0.0000000003,0.00001453,0.0000000005,0.22330884,0.00000841,1.25459269,0.00589562,0.00145535,0.00000005,0.12932449,0.00000487,0.00031889,0.00000001,1.12523439,0.00528774,0.00108587,0.00000004,0.00223621,0.00000008,2.80659183,0.00010575,0.00008604,0.0000000032,0.00008041,0.00000038,341.51657129,0.01286834,0.01067704,0.00005017,0.53753235,0.00002025,1.61487780,0.00006085,0.00000000,0.00000000,0.74711337,0.00002815,0.00539403,0.00000020,1.05709550,0.00003983,0.0000000000,0.0000000000,0.01428738,0.00000054,0.35094313,0.00001322,0.01162415,0.00000044,6085.30544667,0.22929431,0.44270946,0.00001668,5.49247623,0.00020696,2338.72649720,10.99021372,259032.62647033,1217.25388929
2026-04-09 23:39:43,0.29316637,0.00137833,0.20238534,0.00000762,0.26341281,0.00000991,0.00253795,0.00001193,0.01096247,0.00005154,0.00000000,0.00000000,0.00724267,0.00003405,0.08875710,0.00041730,109817.37504774,4.13352600,0.00000000,0.00000000,0.27582816,0.00001038,0.17872884,0.00000673,0.00806965,0.00003794,0.00086765,0.00000003,72.79569034,0.34225185,0.00170842,0.00000803,0.02482824,0.00011673,0.00043859,0.00000002,1.98589914,0.00007475,0.0000000002,0.0000000000,40.02865177,0.00150668,0.24459161,0.00000921,9.95216178,0.00037460,44.16406872,0.20763914,0.00000036,0.0000000017,0.15093931,0.00070965,0.58861922,0.00276742,0.00009769,0.0000000037,0.35158079,0.00001323,0.00703151,0.00000026,15.55638506,0.00058554,91170.97899917,3.43167565,0.11947228,0.00056170,0.26682969,0.00125451,1.70643012,0.00006423,13.25240018,0.00049882,0.01220348,0.00000046,0.07093120,0.00000267,0.00914286,0.00000034,12.88838666,0.00048512,0.00185513,0.00000007,0.00228361,0.00000009,6.65972529,0.00025067,0.00000271,0.0000000001,0.00000772,0.0000000003,0.00001453,0.0000000005,0.22330884,0.00000841,1.25459269,0.00589852,0.00145535,0.00000005,0.12932449,0.00000487,0.00031889,0.00000001,1.12523439,0.00529033,0.00108587,0.00000004,0.00223621,0.00000008,2.80659183,0.00010564,0.00008604,0.0000000032,0.00008041,0.00000038,341.51657129,0.01285468,0.01067704,0.00005020,0.53753235,0.00002023,1.61487780,0.00006078,0.00000000,0.00000000,0.74711337,0.00002812,0.00539403,0.00000020,1.05709550,0.00003979,0.0000000000,0.0000000000,0.01428738,0.00000054,0.35094313,0.00001321,0.01162415,0.00000044,6085.30544667,0.22905090,0.44270946,0.00001666,5.49247623,0.00020674,2338.72649720,10.99561618,259032.62647033,1217.85225466
2026-04-09 23:46:17,0.29316637,0.00137644,0.20238534,0.00000762,0.26341281,0.00000992,0.00253795,0.00001192,0.01096247,0.00005147,0.00000000,0.00000000,0.00724267,0.00003400,0.08875710,0.00041672,109817.37504774,4.13682052,0.00000000,0.00000000,0.27582816,0.00001039,0.17872884,0.00000673,0.00806965,0.00003789,0.00086765,0.00000003,72.79569034,0.34178086,0.00170842,0.00000802,0.02482824,0.00011657,0.00043859,0.00000002,1.98589914,0.00007481,0.0000000002,0.0000000000,40.02865177,0.00150788,0.24459161,0.00000921,9.95216178,0.00037490,44.16406872,0.20735339,0.00000036,0.0000000017,0.15093931,0.00070867,0.58861922,0.00276361,0.00009769,0.0000000037,0.35158079,0.00001324,0.00703151,0.00000026,15.55638506,0.00058601,91170.97899917,3.43441078,0.11947228,0.00056093,0.26682969,0.00125278,1.70643012,0.00006428,13.25240018,0.00049922,0.01220348,0.00000046,0.07097195,0.00000267,0.00914286,0.00000034,12.88838666,0.00048551,0.00185513,0.00000007,0.00228361,0.00000009,6.65972529,0.00025087,0.00000271,0.0000000001,0.00000772,0.0000000003,0.00001453,0.0000000005,0.22330884,0.00000841,1.25459269,0.00589040,0.00145535,0.00000005,0.12932449,0.00000487,0.00031889,0.00000001,1.12523439,0.00528305,0.00108587,0.00000004,0.00223621,0.00000008,2.80659183,0.00010572,0.00008604,0.0000000032,0.00008041,0.00000038,341.51657129,0.01286493,0.01067704,0.00005013,0.53753235,0.00002025,1.61487780,0.00006083,0.00000000,0.00000000,0.74711337,0.00002814,0.00539403,0.00000020,1.05709550,0.00003982,0.0000000000,0.0000000000,0.01428738,0.00000054,0.35094313,0.00001322,0.01162415,0.00000044,6085.30544667,0.22923346,0.44270946,0.00001668,5.49247623,0.00020690,2338.72649720,10.98048462,259032.62647033,1216.17631356
2026-04-09 23:52:51,0.29316637,0.00137518,0.20238534,0.00000762,0.26341281,0.00000992,0.00253795,0.00001190,0.01096247,0.00005142,0.00000000,0.00000000,0.00724267,0.00003397,0.08875710,0.00041634,109817.37504774,4.13572234,0.00000000,0.00000000,0.27582816,0.00001039,0.17872884,0.00000673,0.00806965,0.00003785,0.00086765,0.00000003,72.79569034,0.34146930,0.00170842,0.00000801,0.02482824,0.00011646,0.00043859,0.00000002,1.98589914,0.00007479,0.0000000002,0.0000000000,40.02865177,0.00150748,0.24459161,0.00000921,9.95216178,0.00037480,44.16406872,0.20716437,0.00000036,0.0000000017,0.15093931,0.00070802,0.58861922,0.00276109,0.00009769,0.0000000037,0.35158079,0.00001324,0.00703151,0.00000026,15.55638506,0.00058585,91170.97899917,3.43349907,0.11947228,0.00056042,0.26682969,0.00125164,1.70643012,0.00006426,13.25240018,0.00049909,0.01220348,0.00000046,0.07098330,0.00000267,0.00914286,0.00000034,12.88838666,0.00048538,0.00185513,0.00000007,0.00228361,0.00000009,6.65972529,0.00025081,0.00000271,0.0000000001,0.00000772,0.0000000003,0.00001453,0.0000000005,0.22330884,0.00000841,1.25459269,0.00588503,0.00145535,0.00000005,0.12932449,0.00000487,0.00031889,0.00000001,1.12523439,0.00527824,0.00108587,0.00000004,0.00223621,0.00000008,2.80659183,0.00010570,0.00008604,0.0000000032,0.00008041,0.00000038,341.51657129,0.01286151,0.01067704,0.00005008,0.53753235,0.00002024,1.61487780,0.00006082,0.00000000,0.00000000,0.74711337,0.00002814,0.00539403,0.00000020,1.05709550,0.00003981,0.0000000000,0.0000000000,0.01428738,0.00000054,0.35094313,0.00001322,0.01162415,0.00000044,6085.30544667,0.22917260,0.44270946,0.00001667,5.49247623,0.00020685,2338.72649720,10.97047487,259032.62647033,1215.06765392
2026-04-09 23:59:26,0.29316637,0.00137654,0.20238534,0.00000762,0.26341281,0.00000992,0.00253795,0.00001192,0.01096247,0.00005147,0.00000000,0.00000000,0.00724267,0.00003401,0.08875710,0.00041675,109817.37504774,4.13462417,0.00000000,0.00000000,0.27582816,0.00001038,0.17872884,0.00000673,0.00806965,0.00003789,0.00086765,0.00000003,72.79569034,0.34180561,0.00170842,0.00000802,0.02482824,0.00011658,0.00043859,0.00000002,1.98589914,0.00007477,0.0000000002,0.0000000000,40.02865177,0.00150708,0.24459161,0.00000921,9.95216178,0.00037470,44.16406872,0.20736841,0.00000036,0.0000000017,0.15093931,0.00070872,0.58861922,0.00276381,0.00009769,0.0000000037,0.35158079,0.00001324,0.00703151,0.00000026,15.55638506,0.00058570,91170.97899917,3.43258736,0.11947228,0.00056097,0.26682969,0.00125287,1.70643012,0.00006425,13.25240018,0.00049895,0.01220348,0.00000046,0.07098330,0.00000267,0.00914286,0.00000034,12.88838666,0.00048525,0.00185513,0.00000007,0.00228361,0.00000009,6.65972529,0.00025074,0.00000271,0.0000000001,0.00000772,0.0000000003,0.00001453,0.0000000005,0.22330884,0.00000841,1.25459269,0.00589083,0.00145535,0.00000005,0.12932449,0.00000487,0.00031889,0.00000001,1.12523439,0.00528344,0.00108587,0.00000004,0.00223621,0.00000008,2.80659183,0.00010567,0.00008604,0.0000000032,0.00008041,0.00000038,341.51657129,0.01285810,0.01067704,0.00005013,0.53753235,0.00002024,1.61487780,0.00006080,0.00000000,0.00000000,0.74711337,0.00002813,0.00539403,0.00000020,1.05709550,0.00003980,0.0000000000,0.0000000000,0.01428738,0.00000054,0.35094313,0.00001321,0.01162415,0.00000044,6085.30544667,0.22911175,0.44270946,0.00001667,5.49247623,0.00020679,2338.72649720,10.98127978,259032.62647033,1216.26438466
2026-04-10 00:06:01,0.29316637,0.00138810,0.20238534,0.00000762,0.26341281,0.00000992,0.00253795,0.00001202,0.01096247,0.00005191,0.00000000,0.00000000,0.00724267,0.00003429,0.08875710,0.00042025,109817.37504774,4.13462417,0.00000000,0.00000000,0.27582816,0.00001038,0.17872884,0.00000673,0.00806965,0.00003821,0.00086765,0.00000003,72.79569034,0.34467740,0.00170842,0.00000809,0.02482824,0.00011756,0.00043859,0.00000002,1.98589914,0.00007477,0.0000000002,0.0000000000,40.02865177,0.00150708,0.24459161,0.00000921,9.95216178,0.00037470,44.16406872,0.20911068,0.00000036,0.0000000017,0.15093931,0.00071468,0.58861922,0.00278703,0.00009769,0.0000000037,0.35158079,0.00001324,0.00703151,0.00000026,15.55638506,0.00058570,91170.97899917,3.43258736,0.11947228,0.00056568,0.26682969,0.00126340,1.70643012,0.00006425,13.25240018,0.00049895,0.01220348,0.00000046,0.07097159,0.00000267,0.00914286,0.00000034,12.88838666,0.00048525,0.00185513,0.00000007,0.00228361,0.00000009,6.65972529,0.00025074,0.00000271,0.0000000001,0.00000772,0.0000000003,0.00001453,0.0000000005,0.22330884,0.00000841,1.25459269,0.00594032,0.00145535,0.00000005,0.12932449,0.00000487,0.00031889,0.00000001,1.12523439,0.00532783,0.00108587,0.00000004,0.00223621,0.00000008,2.80659183,0.00010567,0.00008604,0.0000000032,0.00008041,0.00000038,341.51657129,0.01285810,0.01067704,0.00005055,0.53753235,0.00002024,1.61487780,0.00006080,0.00000000,0.00000000,0.74711337,0.00002813,0.00539403,0.00000020,1.05709550,0.00003980,0.0000000000,0.0000000000,0.01428738,0.00000054,0.35094313,0.00001321,0.01162415,0.00000044,6085.30544667,0.22911175,0.44270946,0.00001667,5.49247623,0.00020679,2338.72649720,11.07354254,259032.62647033,1226.48322177
2026-04-10 00:12:35,0.29169019,0.00137875,0.20238534,0.00000759,0.26341281,0.00000988,0.00253795,0.00001200,0.01096247,0.00005182,0.00000000,0.00000000,0.00724267,0.00003423,0.08875710,0.00041953,109817.37504774,4.11815156,0.00000000,0.00000000,0.27582816,0.00001034,0.17872884,0.00000670,0.00806965,0.00003814,0.00086765,0.00000003,72.79569034,0.34408703,0.00170842,0.00000808,0.02482824,0.00011736,0.00043859,0.00000002,1.98589914,0.00007447,0.0000000002,0.0000000000,40.02865177,0.00150107,0.24459161,0.00000917,9.95216178,0.00037321,44.16406872,0.20875251,0.00000036,0.0000000017,0.15093931,0.00071345,0.58861922,0.00278226,0.00009769,0.0000000037,0.35158079,0.00001318,0.00703151,0.00000026,15.55638506,0.00058336,91170.97899917,3.41891171,0.11947228,0.00056472,0.26682969,0.00126124,1.70643012,0.00006399,13.25240018,0.00049697,0.01220348,0.00000046,0.07097159,0.00000266,0.00914286,0.00000034,12.88838666,0.00048331,0.00185513,0.00000007,0.00228361,0.00000009,6.65972529,0.00024974,0.00000271,0.0000000001,0.00000772,0.0000000003,0.00001453,0.0000000005,0.22330884,0.00000837,1.25459269,0.00593015,0.00145535,0.00000005,0.12932449,0.00000485,0.00031889,0.00000001,1.12523439,0.00531870,0.00108587,0.00000004,0.00223621,0.00000008,2.80659183,0.00010525,0.00008604,0.0000000032,0.00008041,0.00000038,341.51657129,0.01280687,0.01067704,0.00005047,0.53753235,0.00002016,1.61487780,0.00006056,0.00000000,0.00000000,0.74711337,0.00002802,0.00539403,0.00000020,1.05709550,0.00003964,0.0000000000,0.0000000000,0.01428738,0.00000054,0.35094313,0.00001316,0.01162415,0.00000044,6085.30544667,0.22819895,0.44270946,0.00001660,5.49247623,0.00020597,2338.72649720,11.05457547,259032.62647033,1224.38246717
2026-04-10 00:19:10,0.29169019,0.00137935,0.20238534,0.00000758,0.26341281,0.00000986,0.00253795,0.00001200,0.01096247,0.00005184,0.00000000,0.00000000,0.00724267,0.00003425,0.08875710,0.00041972,109817.37504774,4.11266070,0.00000000,0.00000000,0.27582816,0.00001033,0.17872884,0.00000669,0.00806965,0.00003816,0.00086765,0.00000003,72.79569034,0.34423772,0.00170842,0.00000808,0.02482824,0.00011741,0.00043859,0.00000002,1.98589914,0.00007437,0.0000000002,0.0000000000,40.02865177,0.00149907,0.24459161,0.00000916,9.95216178,0.00037271,44.16406872,0.20884393,0.00000036,0.0000000017,0.15093931,0.00071376,0.58861922,0.00278347,0.00009769,0.0000000037,0.35158079,0.00001317,0.00703151,0.00000026,15.55638506,0.00058259,91170.97899917,3.41435316,0.11947228,0.00056496,0.26682969,0.00126179,1.70643012,0.00006391,13.25240018,0.00049630,0.01220348,0.00000046,0.07099560,0.00000266,0.00914286,0.00000034,12.88838666,0.00048267,0.00185513,0.00000007,0.00228361,0.00000009,6.65972529,0.00024941,0.00000271,0.0000000001,0.00000772,0.0000000003,0.00001453,0.0000000005,0.22330884,0.00000836,1.25459269,0.00593274,0.00145535,0.00000005,0.12932449,0.00000484,0.00031889,0.00000001,1.12523439,0.00532103,0.00108587,0.00000004,0.00223621,0.00000008,2.80659183,0.00010511,0.00008604,0.0000000032,0.00008041,0.00000038,341.51657129,0.01278980,0.01067704,0.00005049,0.53753235,0.00002013,1.61487780,0.00006048,0.00000000,0.00000000,0.74711337,0.00002798,0.00539403,0.00000020,1.05709550,0.00003959,0.0000000000,0.0000000000,0.01428738,0.00000054,0.35274404,0.00001321,0.01162415,0.00000044,6085.30544667,0.22789469,0.44270946,0.00001658,5.49247623,0.00020569,2338.72649720,11.05941663,259032.62647033,1224.91866471
2026-04-10 00:25:45,0.29169019,0.00137735,0.20238534,0.00000757,0.26341281,0.00000985,0.00253795,0.00001198,0.01096247,0.00005176,0.00000000,0.00000000,0.00724267,0.00003420,0.08875710,0.00041911,109817.37504774,4.10497348,0.00000000,0.00000000,0.27582816,0.00001031,0.17872884,0.00000668,0.00806965,0.00003810,0.00086765,0.00000003,72.79569034,0.34373834,0.00170842,0.00000807,0.02482824,0.00011724,0.00043859,0.00000002,1.98589914,0.00007423,0.0000000002,0.0000000000,40.02865177,0.00149627,0.24459161,0.00000914,9.95216178,0.00037201,44.16406872,0.20854097,0.00000036,0.0000000017,0.15093931,0.00071273,0.58861922,0.00277944,0.00009769,0.0000000037,0.35158079,0.00001314,0.00703151,0.00000026,15.55638506,0.00058150,91170.97899917,3.40797119,0.11947228,0.00056414,0.26682969,0.00125996,1.70643012,0.00006379,13.25240018,0.00049537,0.01220348,0.00000046,0.07099560,0.00000265,0.00914286,0.00000034,12.88838666,0.00048177,0.00185513,0.00000007,0.00228361,0.00000009,6.65972529,0.00024894,0.00000271,0.0000000001,0.00000772,0.0000000003,0.00001453,0.0000000005,0.22330884,0.00000835,1.25459269,0.00592414,0.00145535,0.00000005,0.12932449,0.00000483,0.00031889,0.00000001,1.12523439,0.00531331,0.00108587,0.00000004,0.00223621,0.00000008,2.80659183,0.00010491,0.00008604,0.0000000032,0.00008041,0.00000038,341.51657129,0.01276589,0.01067704,0.00005042,0.53753235,0.00002009,1.61487780,0.00006036,0.00000000,0.00000000,0.74711337,0.00002793,0.00539403,0.00000020,1.05709550,0.00003951,0.0000000000,0.0000000000,0.01428738,0.00000053,0.35274404,0.00001319,0.01162415,0.00000043,6085.30544667,0.22746872,0.44270946,0.00001655,5.49247623,0.00020531,2338.72649720,11.04337297,259032.62647033,1223.14170089
2026-04-10 00:32:21,0.29169019,0.00137545,0.20238534,0.00000757,0.26341281,0.00000985,0.00253795,0.00001197,0.01096247,0.00005169,0.00000000,0.00000000,0.00724267,0.00003415,0.08875710,0.00041853,109817.37504774,4.10497348,0.00000000,0.00000000,0.27582816,0.00001031,0.17872884,0.00000668,0.00806965,0.00003805,0.00086765,0.00000003,72.79569034,0.34326444,0.00170842,0.00000806,0.02482824,0.00011708,0.00043859,0.00000002,1.98589914,0.00007423,0.0000000002,0.0000000000,40.02865177,0.00149627,0.24453787,0.00000914,9.95216178,0.00037201,44.16406872,0.20825346,0.00000036,0.0000000017,0.15093931,0.00071175,0.58861922,0.00277560,0.00009769,0.0000000037,0.35774061,0.00001337,0.00703151,0.00000026,15.55638506,0.00058150,91170.97899917,3.40797119,0.11947228,0.00056337,0.26682969,0.00125822,1.70643012,0.00006379,13.25240018,0.00049537,0.01220348,0.00000046,0.07098426,0.00000265,0.00914286,0.00000034,12.88520761,0.00048165,0.00185513,0.00000007,0.00228361,0.00000009,6.65972529,0.00024894,0.00000271,0.0000000001,0.00000772,0.0000000003,0.00001453,0.0000000005,0.22330884,0.00000835,1.25459269,0.00591597,0.00145535,0.00000005,0.12932449,0.00000483,0.00031889,0.00000001,1.12523439,0.00530599,0.00108587,0.00000004,0.00223621,0.00000008,2.80659183,0.00010491,0.00008604,0.0000000032,0.00008041,0.00000038,341.51657129,0.01276589,0.01067704,0.00005035,0.53753235,0.00002009,1.61487780,0.00006036,0.00000000,0.00000000,0.74711337,0.00002793,0.00539403,0.00000020,1.05709550,0.00003951,0.0000000000,0.0000000000,0.01428738,0.00000053,0.35274404,0.00001319,0.01162415,0.00000043,6085.30544667,0.22746872,0.44270946,0.00001655,5.49247623,0.00020531,2338.72649720,11.02814786,259032.62647033,1221.45539849
2026-04-10 00:38:55,0.29169019,0.00137855,0.20238534,0.00000761,0.26341281,0.00000990,0.00253795,0.00001199,0.01096247,0.00005181,0.00000000,0.00000000,0.00724267,0.00003423,0.08875710,0.00041947,109817.37504774,4.12803513,0.00000000,0.00000000,0.27582816,0.00001037,0.17872884,0.00000672,0.00806965,0.00003814,0.00086765,0.00000003,72.79569034,0.34403826,0.00170842,0.00000807,0.02482824,0.00011734,0.00043859,0.00000002,1.98589914,0.00007465,0.0000000002,0.0000000000,40.02865177,0.00150468,0.24453787,0.00000919,9.95216178,0.00037410,44.16406872,0.20872292,0.00000036,0.0000000017,0.15093931,0.00071335,0.58861922,0.00278186,0.00009769,0.0000000037,0.36144739,0.00001359,0.00703151,0.00000026,15.55638506,0.00058476,91170.97899917,3.42711710,0.11947228,0.00056464,0.26682969,0.00126106,1.70643012,0.00006414,13.25240018,0.00049816,0.01220348,0.00000046,0.07098426,0.00000267,0.00914286,0.00000034,12.88520761,0.00048435,0.00185513,0.00000007,0.00228361,0.00000009,6.65972529,0.00025034,0.00000271,0.0000000001,0.00000772,0.0000000003,0.00001453,0.0000000005,0.22330884,0.00000839,1.25459269,0.00592931,0.00145535,0.00000005,0.12932449,0.00000486,0.00031889,0.00000001,1.12523439,0.00531795,0.00108587,0.00000004,0.00223621,0.00000008,2.80659183,0.00010550,0.00008604,0.0000000032,0.00008041,0.00000038,341.51657129,0.01283761,0.01067704,0.00005046,0.53753235,0.00002021,1.61487780,0.00006070,0.00000000,0.00000000,0.74711337,0.00002808,0.00539403,0.00000020,1.05709550,0.00003974,0.0000000000,0.0000000000,0.01428738,0.00000054,0.35274404,0.00001326,0.01162415,0.00000044,6085.30544667,0.22874663,0.44270946,0.00001664,5.49247623,0.00020646,2338.72649720,11.05300852,259032.62647033,1224.20891531
2026-04-10 00:45:29,0.29169019,0.00138329,0.20238534,0.00000765,0.26341281,0.00000996,0.00253795,0.00001204,0.01096247,0.00005199,0.00000000,0.00000000,0.00724267,0.00003435,0.08875710,0.00042091,109817.37504774,4.15219495,0.00000000,0.00000000,0.27582816,0.00001043,0.17872884,0.00000676,0.00806965,0.00003827,0.00086765,0.00000003,72.79569034,0.34521973,0.00170842,0.00000810,0.02482824,0.00011774,0.00043859,0.00000002,1.98589914,0.00007509,0.0000000002,0.0000000000,40.02865177,0.00151348,0.24453787,0.00000925,9.95216178,0.00037629,44.16406872,0.20943970,0.00000036,0.0000000017,0.15093931,0.00071580,0.58861922,0.00279141,0.00009769,0.0000000037,0.36157177,0.00001367,0.00703151,0.00000027,15.55638506,0.00058819,91166.38037850,3.44700084,0.11947228,0.00056657,0.26682969,0.00126539,1.70643012,0.00006452,13.25240018,0.00050107,0.01220348,0.00000046,0.07098426,0.00000268,0.00914286,0.00000035,12.88520761,0.00048719,0.00185513,0.00000007,0.00228361,0.00000009,6.65972529,0.00025180,0.00000271,0.0000000001,0.00000772,0.0000000003,0.00001453,0.0000000005,0.22330884,0.00000844,1.25218789,0.00593826,0.00145535,0.00000006,0.12932449,0.00000489,0.00031889,0.00000001,1.12523439,0.00533621,0.00108587,0.00000004,0.00223621,0.00000008,2.80659183,0.00010612,0.00008604,0.0000000033,0.00008041,0.00000038,341.51657129,0.01291274,0.01067704,0.00005063,0.53753235,0.00002032,1.61487780,0.00006106,0.00000000,0.00000000,0.74711337,0.00002825,0.00539403,0.00000020,1.05709550,0.00003997,0.0000000000,0.0000000000,0.01428738,0.00000054,0.35274404,0.00001334,0.01162415,0.00000044,6085.30544667,0.23008540,0.44270946,0.00001674,5.49247623,0.00020767,2338.72649720,11.09096605,259032.62647033,1228.41301484
