timestamp,lunc_price_usd,ustc_price_usd
2026-03-26 00:02:50,0.00003866,0.00475828
2026-03-26 00:09:00,0.00003870,0.00476637
2026-03-26 00:15:10,0.00003867,0.00477149
2026-03-26 00:21:21,0.00003866,0.00476857
2026-03-26 00:27:31,0.00003860,0.00476789
2026-03-26 00:33:41,0.00003845,0.00477398
2026-03-26 00:39:51,0.00003839,0.00477526
2026-03-26 00:46:01,0.00003840,0.00477209
2026-03-26 00:52:11,0.00003839,0.00477288
2026-03-26 00:58:21,0.00003838,0.00476774
2026-03-26 01:04:31,0.00003838,0.00477438
2026-03-26 01:10:41,0.00003832,0.00477085
2026-03-26 01:16:51,0.00003831,0.00476182
2026-03-26 01:23:01,0.00003825,0.00475945
2026-03-26 01:29:12,0.00003829,0.00476476
2026-03-26 01:35:22,0.00003830,0.00475918
2026-03-26 01:41:32,0.00003834,0.00476127
2026-03-26 01:47:42,0.00003832,0.00476785
2026-03-26 01:53:52,0.00003830,0.00475551
2026-03-26 02:00:02,0.00003828,0.00475828
2026-03-26 02:06:13,0.00003822,0.00475723
2026-03-26 02:12:23,0.00003820,0.00475363
2026-03-26 02:18:33,0.00003820,0.00474652
2026-03-26 02:24:43,0.00003818,0.00474280
2026-03-26 02:30:53,0.00003813,0.00473746
2026-03-26 02:37:03,0.00003800,0.00473606
2026-03-26 02:43:13,0.00003798,0.00473542
2026-03-26 02:49:23,0.00003799,0.00473341
2026-03-26 02:55:33,0.00003801,0.00473338
2026-03-26 03:01:44,0.00003803,0.00473338
2026-03-26 03:07:54,0.00003798,0.00473342
2026-03-26 03:14:05,0.00003796,0.00473272
2026-03-26 03:20:15,0.00003796,0.00473935
2026-03-26 03:26:25,0.00003795,0.00473035
2026-03-26 03:32:36,0.00003797,0.00472743
2026-03-26 03:38:46,0.00003802,0.00472528
2026-03-26 03:44:56,0.00003807,0.00473651
2026-03-26 03:51:06,0.00003809,0.00472334
2026-03-26 03:57:16,0.00003809,0.00473229
2026-03-26 04:03:26,0.00003807,0.00472553
2026-03-26 04:09:37,0.00003807,0.00472317
2026-03-26 04:15:47,0.00003807,0.00472235
2026-03-26 04:21:57,0.00003805,0.00472415
2026-03-26 04:28:09,0.00003808,0.00472688
2026-03-26 04:34:19,0.00003812,0.00472969
2026-03-26 04:40:29,0.00003815,0.00472627
2026-03-26 04:46:39,0.00003820,0.00472601
2026-03-26 04:52:49,0.00003829,0.00472595
2026-03-26 04:58:59,0.00003832,0.00472210
2026-03-26 05:05:10,0.00003827,0.00472901
2026-03-26 05:11:20,0.00003816,0.00472076
2026-03-26 05:17:30,0.00003810,0.00470778
2026-03-26 05:23:40,0.00003813,0.00471713
2026-03-26 05:29:51,0.00003812,0.00471910
2026-03-26 05:36:01,0.00003816,0.00471695
2026-03-26 05:42:11,0.00003814,0.00471710
2026-03-26 05:48:22,0.00003805,0.00471672
2026-03-26 05:54:32,0.00003790,0.00470998
2026-03-26 06:00:42,0.00003785,0.00470876
2026-03-26 06:06:52,0.00003782,0.00470692
2026-03-26 06:13:02,0.00003784,0.00471324
2026-03-26 06:19:13,0.00003785,0.00470397
2026-03-26 06:25:23,0.00003774,0.00470185
2026-03-26 06:31:33,0.00003772,0.00470033
2026-03-26 06:37:44,0.00003772,0.00470091
2026-03-26 06:43:54,0.00003775,0.00470445
2026-03-26 06:50:04,0.00003776,0.00469843
2026-03-26 06:56:14,0.00003777,0.00469813
2026-03-26 07:02:25,0.00003777,0.00469607
2026-03-26 07:08:36,0.00003777,0.00470694
2026-03-26 07:14:45,0.00003778,0.00470658
2026-03-26 07:20:56,0.00003776,0.00470991
2026-03-26 07:27:06,0.00003776,0.00470969
2026-03-26 07:33:17,0.00003772,0.00470168
2026-03-26 07:39:27,0.00003771,0.00470122
2026-03-26 07:45:37,0.00003771,0.00470152
2026-03-26 07:51:47,0.00003767,0.00469543
2026-03-26 07:57:57,0.00003770,0.00470321
2026-03-26 08:04:07,0.00003770,0.00470871
2026-03-26 08:10:18,0.00003772,0.00470943
2026-03-26 08:16:28,0.00003772,0.00469994
2026-03-26 08:22:38,0.00003784,0.00469868
2026-03-26 08:28:49,0.00003783,0.00470355
2026-03-26 08:34:59,0.00003783,0.00470187
2026-03-26 08:41:09,0.00003781,0.00470221
2026-03-26 08:47:19,0.00003782,0.00470254
2026-03-26 08:53:30,0.00003782,0.00469873
2026-03-26 08:59:40,0.00003783,0.00469872
2026-03-26 09:05:50,0.00003786,0.00469818
2026-03-26 09:12:00,0.00003786,0.00470050
2026-03-26 09:18:11,0.00003774,0.00469431
2026-03-26 09:24:21,0.00003768,0.00470372
2026-03-26 09:30:32,0.00003768,0.00470489
2026-03-26 09:36:43,0.00003747,0.00468518
2026-03-26 09:42:53,0.00003745,0.00468658
2026-03-26 09:49:04,0.00003738,0.00468604
2026-03-26 09:55:14,0.00003742,0.00468485
2026-03-26 10:01:25,0.00003748,0.00468521
2026-03-26 10:07:35,0.00003744,0.00467455
2026-03-26 10:13:46,0.00003745,0.00467392
2026-03-26 10:19:56,0.00003749,0.00467328
2026-03-26 10:26:07,0.00003745,0.00466894
2026-03-26 10:32:17,0.00003746,0.00467612
2026-03-26 10:38:27,0.00003742,0.00467371
2026-03-26 10:44:38,0.00003739,0.00467820
2026-03-26 10:50:48,0.00003735,0.00467832
2026-03-26 10:56:59,0.00003734,0.00467091
2026-03-26 11:03:09,0.00003739,0.00467335
2026-03-26 11:09:21,0.00003737,0.00467148
2026-03-26 11:15:31,0.00003733,0.00467179
2026-03-26 11:21:41,0.00003731,0.00466550
2026-03-26 11:27:52,0.00003731,0.00465950
2026-03-26 11:34:02,0.00003729,0.00466567
2026-03-26 11:40:12,0.00003736,0.00466619
2026-03-26 11:46:23,0.00003737,0.00465872
2026-03-26 11:52:33,0.00003732,0.00466502
2026-03-26 11:58:44,0.00003731,0.00465399
2026-03-26 12:04:54,0.00003735,0.00466656
2026-03-26 12:11:04,0.00003733,0.00465427
2026-03-26 12:17:15,0.00003735,0.00466265
2026-03-26 12:23:26,0.00003739,0.00465333
2026-03-26 12:29:36,0.00003740,0.00465992
2026-03-26 12:35:46,0.00003740,0.00465982
2026-03-26 12:41:56,0.00003744,0.00465098
2026-03-26 12:48:06,0.00003745,0.00464981
2026-03-26 12:54:17,0.00003746,0.00464914
2026-03-26 13:00:27,0.00003745,0.00465412
2026-03-26 13:06:38,0.00003749,0.00465643
2026-03-26 13:12:49,0.00003749,0.00466648
2026-03-26 13:18:59,0.00003751,0.00466898
2026-03-26 13:25:09,0.00003748,0.00466180
2026-03-26 13:31:20,0.00003740,0.00466257
2026-03-26 13:37:31,0.00003737,0.00466677
2026-03-26 13:43:42,0.00003737,0.00467531
2026-03-26 13:49:53,0.00003748,0.00468236
2026-03-26 13:56:05,0.00003753,0.00469735
2026-03-26 14:02:16,0.00003749,0.00469819
2026-03-26 14:08:27,0.00003748,0.00469752
2026-03-26 14:14:38,0.00003746,0.00469805
2026-03-26 14:20:48,0.00003746,0.00470695
2026-03-26 14:26:59,0.00003746,0.00470166
2026-03-26 14:33:11,0.00003750,0.00470637
2026-03-26 14:39:22,0.00003753,0.00470526
2026-03-26 14:45:32,0.00003752,0.00470482
2026-03-26 14:51:43,0.00003750,0.00470383
2026-03-26 14:57:54,0.00003747,0.00470652
2026-03-26 15:04:06,0.00003751,0.00470247
2026-03-26 15:10:17,0.00003749,0.00469834
2026-03-26 15:16:28,0.00003742,0.00469092
2026-03-26 15:22:38,0.00003738,0.00469090
2026-03-26 15:28:49,0.00003745,0.00469272
2026-03-26 15:35:00,0.00003745,0.00469824
2026-03-26 15:41:11,0.00003754,0.00469826
2026-03-26 15:47:29,0.00003772,0.00470109
2026-03-26 15:53:39,0.00003775,0.00470653
2026-03-26 15:59:49,0.00003768,0.00470094
2026-03-26 16:06:00,0.00003772,0.00469548
2026-03-26 16:12:10,0.00003778,0.00469358
2026-03-26 16:18:21,0.00003774,0.00469258
2026-03-26 16:24:31,0.00003778,0.00468456
2026-03-26 16:30:41,0.00003778,0.00467610
2026-03-26 16:36:52,0.00003781,0.00467437
2026-03-26 16:43:03,0.00003778,0.00466655
2026-03-26 16:49:14,0.00003782,0.00467363
2026-03-26 16:55:25,0.00003787,0.00467429
2026-03-26 17:01:36,0.00003791,0.00467698
2026-03-26 17:07:47,0.00003791,0.00468584
2026-03-26 17:13:57,0.00003788,0.00468135
2026-03-26 17:20:08,0.00003786,0.00467970
2026-03-26 17:26:19,0.00003785,0.00467862
2026-03-26 17:32:29,0.00003792,0.00467924
2026-03-26 17:38:40,0.00003795,0.00468005
2026-03-26 17:44:51,0.00003799,0.00467944
2026-03-26 17:51:01,0.00003795,0.00467193
2026-03-26 17:57:12,0.00003786,0.00466417
2026-03-26 18:03:24,0.00003799,0.00466431
2026-03-26 18:09:35,0.00003805,0.00465858
2026-03-26 18:15:45,0.00003808,0.00466219
2026-03-26 18:21:55,0.00003794,0.00465254
2026-03-26 18:28:07,0.00003789,0.00464937
2026-03-26 18:34:17,0.00003786,0.00463646
2026-03-26 18:40:28,0.00003793,0.00463686
2026-03-26 18:46:38,0.00003792,0.00463804
2026-03-26 18:52:49,0.00003790,0.00462823
2026-03-26 18:59:00,0.00003793,0.00463830
2026-03-26 19:05:11,0.00003801,0.00463830
2026-03-26 19:11:21,0.00003808,0.00464729
2026-03-26 19:17:32,0.00003807,0.00464711
2026-03-26 19:23:46,0.00003808,0.00464756
2026-03-26 19:29:56,0.00003804,0.00464808
2026-03-26 19:36:07,0.00003798,0.00463079
2026-03-26 19:42:23,0.00003797,0.00464390
2026-03-26 19:48:34,0.00003790,0.00463766
2026-03-26 19:54:44,0.00003787,0.00463563
2026-03-26 20:00:54,0.00003788,0.00463593
2026-03-26 20:07:05,0.00003791,0.00463592
2026-03-26 20:13:15,0.00003806,0.00466109
2026-03-26 20:19:26,0.00003837,0.00466917
2026-03-26 20:25:36,0.00003834,0.00468652
2026-03-26 20:31:47,0.00003834,0.00469783
2026-03-26 20:37:58,0.00003821,0.00468716
2026-03-26 20:44:08,0.00003823,0.00468641
2026-03-26 20:50:19,0.00003822,0.00467834
2026-03-26 20:56:30,0.00003814,0.00466968
2026-03-26 21:02:40,0.00003813,0.00466724
2026-03-26 21:08:51,0.00003810,0.00466861
2026-03-26 21:15:02,0.00003808,0.00467080
2026-03-26 21:21:12,0.00003811,0.00467712
2026-03-26 21:27:22,0.00003809,0.00468604
2026-03-26 21:33:32,0.00003813,0.00469503
2026-03-26 21:39:43,0.00003817,0.00468243
2026-03-26 21:45:53,0.00003824,0.00469798
2026-03-26 21:52:03,0.00003826,0.00470268
2026-03-26 21:58:14,0.00003827,0.00469274
2026-03-26 22:04:24,0.00003823,0.00469024
2026-03-26 22:10:34,0.00003822,0.00469311
2026-03-26 22:16:45,0.00003822,0.00469486
2026-03-26 22:22:54,0.00003822,0.00469469
2026-03-26 22:29:05,0.00003824,0.00468946
2026-03-26 22:35:15,0.00003827,0.00469002
2026-03-26 22:41:26,0.00003829,0.00469030
2026-03-26 22:47:36,0.00003848,0.00468691
2026-03-26 22:53:46,0.00003854,0.00469020
2026-03-26 22:59:57,0.00003853,0.00468635
2026-03-26 23:06:07,0.00003859,0.00469353
2026-03-26 23:12:17,0.00003846,0.00469625
2026-03-26 23:18:27,0.00003838,0.00468533
2026-03-26 23:24:37,0.00003834,0.00468798
2026-03-26 23:30:48,0.00003834,0.00467940
2026-03-26 23:36:58,0.00003833,0.00467768
2026-03-26 23:43:08,0.00003836,0.00467682
2026-03-26 23:49:18,0.00003842,0.00467669
2026-03-26 23:55:28,0.00003840,0.00467678
2026-03-27 00:01:38,0.00003836,0.00467702
2026-03-27 00:07:49,0.00003836,0.00467605
2026-03-27 00:13:59,0.00003836,0.00467957
2026-03-27 00:20:10,0.00003834,0.00468082
2026-03-27 00:26:20,0.00003847,0.00467630
2026-03-27 00:32:30,0.00003855,0.00467768
2026-03-27 00:38:41,0.00003859,0.00467281
2026-03-27 00:44:51,0.00003853,0.00467164
2026-03-27 00:51:16,0.00003854,0.00466562
2026-03-27 00:57:26,0.00003861,0.00467115
2026-03-27 01:03:37,0.00003866,0.00467197
2026-03-27 01:09:47,0.00003866,0.00467821
2026-03-27 01:15:57,0.00003851,0.00468092
2026-03-27 01:22:08,0.00003827,0.00468248
2026-03-27 01:28:19,0.00003820,0.00468358
2026-03-27 01:34:29,0.00003820,0.00468195
2026-03-27 01:40:39,0.00003819,0.00468228
2026-03-27 01:46:49,0.00003821,0.00468194
2026-03-27 01:52:59,0.00003817,0.00468282
2026-03-27 01:59:10,0.00003819,0.00468277
2026-03-27 02:05:20,0.00003821,0.00468974
2026-03-27 02:11:30,0.00003820,0.00469412
2026-03-27 02:17:40,0.00003816,0.00469222
2026-03-27 02:23:50,0.00003812,0.00469326
2026-03-27 02:30:01,0.00003811,0.00468767
2026-03-27 02:36:11,0.00003813,0.00469044
2026-03-27 02:42:22,0.00003810,0.00468943
2026-03-27 02:48:32,0.00003811,0.00468781
2026-03-27 02:54:43,0.00003811,0.00468397
2026-03-27 03:00:53,0.00003811,0.00468587
2026-03-27 03:07:04,0.00003802,0.00468740
2026-03-27 03:13:14,0.00003797,0.00467999
2026-03-27 03:19:24,0.00003799,0.00467873
2026-03-27 03:25:34,0.00003801,0.00467934
2026-03-27 03:31:44,0.00003799,0.00467909
2026-03-27 03:37:54,0.00003796,0.00468330
2026-03-27 03:44:04,0.00003793,0.00467836
2026-03-27 03:50:13,0.00003791,0.00467917
2026-03-27 03:56:24,0.00003793,0.00467900
2026-03-27 04:02:34,0.00003791,0.00466381
2026-03-27 04:08:44,0.00003791,0.00465689
2026-03-27 04:14:54,0.00003793,0.00465335
2026-03-27 04:21:04,0.00003801,0.00465982
2026-03-27 04:27:14,0.00003801,0.00466537
2026-03-27 04:33:24,0.00003806,0.00467220
2026-03-27 04:39:34,0.00003809,0.00467339
2026-03-27 04:45:44,0.00003806,0.00467822
2026-03-27 04:51:53,0.00003808,0.00468509
2026-03-27 04:58:03,0.00003807,0.00467215
2026-03-27 05:04:13,0.00003804,0.00466915
2026-03-27 05:10:24,0.00003808,0.00467879
2026-03-27 05:16:33,0.00003811,0.00469123
2026-03-27 05:22:44,0.00003819,0.00469946
2026-03-27 05:28:53,0.00003820,0.00469511
2026-03-27 05:35:03,0.00003819,0.00469494
2026-03-27 05:41:14,0.00003820,0.00469545
2026-03-27 05:47:23,0.00003820,0.00470202
2026-03-27 05:53:33,0.00003821,0.00470303
2026-03-27 05:59:43,0.00003823,0.00469821
2026-03-27 06:05:53,0.00003822,0.00470534
2026-03-27 06:12:05,0.00003820,0.00469659
2026-03-27 06:18:16,0.00003814,0.00470139
2026-03-27 06:24:25,0.00003808,0.00469584
2026-03-27 06:30:35,0.00003808,0.00469587
2026-03-27 06:36:46,0.00003802,0.00469562
2026-03-27 06:42:56,0.00003800,0.00468834
2026-03-27 06:49:06,0.00003803,0.00469757
2026-03-27 06:55:16,0.00003813,0.00469960
2026-03-27 07:01:27,0.00003818,0.00469642
2026-03-27 07:07:36,0.00003818,0.00469181
2026-03-27 07:13:46,0.00003815,0.00469059
2026-03-27 07:19:57,0.00003811,0.00469550
2026-03-27 07:26:08,0.00003814,0.00469457
2026-03-27 07:32:19,0.00003817,0.00470596
2026-03-27 07:38:29,0.00003813,0.00470524
2026-03-27 07:44:39,0.00003810,0.00472009
2026-03-27 07:50:49,0.00003814,0.00472158
2026-03-27 07:56:59,0.00003815,0.00471991
2026-03-27 08:03:09,0.00003814,0.00470865
2026-03-27 08:09:19,0.00003816,0.00469882
2026-03-27 08:15:29,0.00003815,0.00470338
2026-03-27 08:21:39,0.00003815,0.00469804
2026-03-27 08:27:49,0.00003818,0.00469720
2026-03-27 08:33:59,0.00003818,0.00469995
2026-03-27 08:40:10,0.00003791,0.00465766
2026-03-27 08:46:20,0.00003789,0.00465676
2026-03-27 08:52:30,0.00003792,0.00466658
2026-03-27 08:58:40,0.00003790,0.00465861
2026-03-27 09:04:50,0.00003780,0.00465844
2026-03-27 09:11:01,0.00003760,0.00464730
2026-03-27 09:17:11,0.00003757,0.00464293
2026-03-27 09:23:21,0.00003757,0.00463967
2026-03-27 09:29:31,0.00003769,0.00465473
2026-03-27 09:35:40,0.00003769,0.00465041
2026-03-27 09:41:50,0.00003768,0.00463644
2026-03-27 09:48:01,0.00003764,0.00464273
2026-03-27 09:54:11,0.00003762,0.00463416
2026-03-27 10:00:20,0.00003759,0.00464346
2026-03-27 10:06:30,0.00003754,0.00464248
2026-03-27 10:12:40,0.00003752,0.00464171
2026-03-27 10:18:50,0.00003751,0.00464948
2026-03-27 10:25:00,0.00003751,0.00464762
2026-03-27 10:31:10,0.00003756,0.00465080
2026-03-27 10:37:20,0.00003757,0.00466055
2026-03-27 10:43:30,0.00003717,0.00451089
2026-03-27 10:49:41,0.00003696,0.00448719
2026-03-27 10:55:51,0.00003678,0.00444873
2026-03-27 11:02:02,0.00003668,0.00443258
2026-03-27 11:08:12,0.00003681,0.00445548
2026-03-27 11:14:23,0.00003688,0.00446186
2026-03-27 11:20:32,0.00003689,0.00446885
2026-03-27 11:26:42,0.00003691,0.00446935
2026-03-27 11:32:52,0.00003691,0.00448084
2026-03-27 11:39:02,0.00003689,0.00449167
2026-03-27 11:45:13,0.00003691,0.00449996
2026-03-27 11:51:24,0.00003684,0.00449805
2026-03-27 11:57:34,0.00003678,0.00449458
2026-03-27 12:03:44,0.00003671,0.00448599
2026-03-27 12:09:55,0.00003663,0.00447995
2026-03-27 12:16:05,0.00003656,0.00447570
2026-03-27 12:22:15,0.00003656,0.00448643
2026-03-27 12:28:25,0.00003655,0.00449125
2026-03-27 12:34:36,0.00003650,0.00448616
2026-03-27 12:40:46,0.00003653,0.00449336
2026-03-27 12:46:56,0.00003658,0.00448787
2026-03-27 12:53:06,0.00003658,0.00448713
2026-03-27 12:59:16,0.00003661,0.00449195
2026-03-27 13:05:26,0.00003665,0.00450695
2026-03-27 13:11:37,0.00003666,0.00452394
2026-03-27 13:17:47,0.00003669,0.00450548
2026-03-27 13:23:57,0.00003671,0.00450059
2026-03-27 13:30:08,0.00003675,0.00451726
2026-03-27 13:36:18,0.00003669,0.00450013
2026-03-27 13:42:29,0.00003674,0.00449495
2026-03-27 13:48:40,0.00003678,0.00449738
2026-03-27 13:54:50,0.00003683,0.00450214
2026-03-27 14:01:01,0.00003688,0.00449598
2026-03-27 14:07:11,0.00003689,0.00450208
2026-03-27 14:13:22,0.00003692,0.00449702
2026-03-27 14:19:32,0.00003690,0.00450520
2026-03-27 14:25:43,0.00003674,0.00450237
2026-03-27 14:31:54,0.00003666,0.00448786
2026-03-27 14:38:04,0.00003670,0.00449128
2026-03-27 14:44:16,0.00003676,0.00449210
2026-03-27 14:50:27,0.00003674,0.00449472
2026-03-27 14:56:38,0.00003677,0.00450017
2026-03-27 15:02:48,0.00003681,0.00450327
2026-03-27 15:08:59,0.00003681,0.00449886
2026-03-27 15:15:10,0.00003679,0.00451135
2026-03-27 15:21:20,0.00003674,0.00450410
2026-03-27 15:27:31,0.00003665,0.00450912
2026-03-27 15:33:42,0.00003673,0.00451965
2026-03-27 15:39:52,0.00003677,0.00453171
2026-03-27 15:46:04,0.00003676,0.00452637
2026-03-27 15:52:14,0.00003673,0.00452570
2026-03-27 15:58:25,0.00003665,0.00451459
2026-03-27 16:04:36,0.00003654,0.00449831
2026-03-27 16:10:46,0.00003654,0.00448082
2026-03-27 16:16:57,0.00003656,0.00447434
2026-03-27 16:23:07,0.00003667,0.00447406
2026-03-27 16:29:18,0.00003661,0.00446721
2026-03-27 16:35:28,0.00003662,0.00446381
2026-03-27 16:41:39,0.00003662,0.00445581
2026-03-27 16:47:49,0.00003673,0.00445695
2026-03-27 16:53:59,0.00003672,0.00445612
2026-03-27 17:00:10,0.00003664,0.00445675
2026-03-27 17:06:21,0.00003667,0.00445686
2026-03-27 17:12:31,0.00003672,0.00447891
2026-03-27 17:18:42,0.00003676,0.00448388
2026-03-27 17:24:53,0.00003671,0.00447699
2026-03-27 17:31:03,0.00003662,0.00447533
2026-03-27 17:37:14,0.00003660,0.00448146
2026-03-27 17:43:24,0.00003659,0.00447564
2026-03-27 17:49:35,0.00003652,0.00446122
2026-03-27 17:55:45,0.00003649,0.00445333
2026-03-27 18:01:56,0.00003649,0.00445318
2026-03-27 18:08:06,0.00003647,0.00445236
2026-03-27 18:14:16,0.00003637,0.00445044
2026-03-27 18:20:27,0.00003638,0.00444540
2026-03-27 18:26:38,0.00003627,0.00443482
2026-03-27 18:32:48,0.00003624,0.00443626
2026-03-27 18:38:59,0.00003625,0.00443549
2026-03-27 18:45:09,0.00003630,0.00443535
2026-03-27 18:51:20,0.00003638,0.00444723
2026-03-27 18:57:31,0.00003636,0.00444833
2026-03-27 19:03:41,0.00003636,0.00445167
2026-03-27 19:09:52,0.00003634,0.00444500
2026-03-27 19:16:03,0.00003633,0.00444180
2026-03-27 19:22:13,0.00003637,0.00444272
2026-03-27 19:28:24,0.00003638,0.00444994
2026-03-27 19:34:34,0.00003645,0.00445410
2026-03-27 19:40:44,0.00003646,0.00446182
2026-03-27 19:46:55,0.00003645,0.00446251
2026-03-27 19:53:05,0.00003645,0.00446285
2026-03-27 19:59:16,0.00003648,0.00446707
2026-03-27 20:05:26,0.00003651,0.00447068
2026-03-27 20:11:37,0.00003649,0.00447823
2026-03-27 20:17:48,0.00003646,0.00448034
2026-03-27 20:23:58,0.00003642,0.00448060
2026-03-27 20:30:08,0.00003634,0.00447575
2026-03-27 20:36:18,0.00003630,0.00447529
2026-03-27 20:42:29,0.00003632,0.00447490
2026-03-27 20:48:40,0.00003638,0.00447519
2026-03-27 20:54:50,0.00003643,0.00447524
2026-03-27 21:01:00,0.00003644,0.00447566
2026-03-27 21:07:11,0.00003645,0.00448123
2026-03-27 21:13:21,0.00003646,0.00448327
2026-03-27 21:19:31,0.00003641,0.00449551
2026-03-27 21:25:41,0.00003642,0.00449608
2026-03-27 21:31:51,0.00003644,0.00449555
2026-03-27 21:38:01,0.00003645,0.00449657
2026-03-27 21:44:11,0.00003645,0.00449875
2026-03-27 21:50:21,0.00003647,0.00449208
2026-03-27 21:56:31,0.00003646,0.00449188
2026-03-27 22:02:41,0.00003636,0.00448646
2026-03-27 22:08:52,0.00003632,0.00447332
2026-03-27 22:15:02,0.00003632,0.00447979
2026-03-27 22:21:12,0.00003628,0.00448140
2026-03-27 22:27:23,0.00003625,0.00446893
2026-03-27 22:33:33,0.00003628,0.00446647
2026-03-27 22:39:43,0.00003625,0.00446474
2026-03-27 22:45:54,0.00003627,0.00446380
2026-03-27 22:52:04,0.00003627,0.00446352
2026-03-27 22:58:14,0.00003625,0.00446954
2026-03-27 23:04:24,0.00003628,0.00446511
2026-03-27 23:10:34,0.00003629,0.00445562
2026-03-27 23:16:44,0.00003629,0.00444832
2026-03-27 23:22:54,0.00003632,0.00444588
2026-03-27 23:29:04,0.00003640,0.00445438
2026-03-27 23:35:14,0.00003639,0.00445585
2026-03-27 23:41:24,0.00003641,0.00445546
2026-03-27 23:47:34,0.00003641,0.00446154
2026-03-27 23:53:44,0.00003644,0.00446310
2026-03-27 23:59:55,0.00003644,0.00446282
2026-03-28 00:06:05,0.00003651,0.00446221
2026-03-28 00:12:16,0.00003648,0.00446278
2026-03-28 00:18:26,0.00003654,0.00445987
2026-03-28 00:24:36,0.00003653,0.00446062
2026-03-28 00:30:45,0.00003652,0.00446768
2026-03-28 00:36:55,0.00003651,0.00446858
2026-03-28 00:43:05,0.00003654,0.00447088
2026-03-28 00:49:16,0.00003653,0.00446391
2026-03-28 00:55:25,0.00003652,0.00446626
2026-03-28 01:01:36,0.00003654,0.00446970
2026-03-28 01:07:46,0.00003655,0.00446414
2026-03-28 01:13:56,0.00003649,0.00445566
2026-03-28 01:20:06,0.00003643,0.00444555
2026-03-28 01:26:16,0.00003645,0.00444359
2026-03-28 01:32:26,0.00003646,0.00444325
2026-03-28 01:38:36,0.00003638,0.00442676
2026-03-28 01:44:46,0.00003645,0.00441819
2026-03-28 01:50:56,0.00003648,0.00442214
2026-03-28 01:57:06,0.00003653,0.00442339
2026-03-28 02:03:16,0.00003656,0.00442528
2026-03-28 02:09:26,0.00003650,0.00443938
2026-03-28 02:15:36,0.00003647,0.00443941
2026-03-28 02:21:46,0.00003646,0.00443434
2026-03-28 02:27:56,0.00003646,0.00443190
2026-03-28 02:34:06,0.00003646,0.00442120
2026-03-28 02:40:16,0.00003644,0.00441844
2026-03-28 02:46:27,0.00003646,0.00442387
2026-03-28 02:52:37,0.00003647,0.00443115
2026-03-28 02:58:47,0.00003650,0.00443159
2026-03-28 03:04:57,0.00003653,0.00442368
2026-03-28 03:11:07,0.00003650,0.00442420
2026-03-28 03:17:17,0.00003650,0.00442895
2026-03-28 03:23:27,0.00003649,0.00443035
2026-03-28 03:29:37,0.00003653,0.00443244
2026-03-28 03:35:47,0.00003656,0.00443258
2026-03-28 03:41:57,0.00003654,0.00442498
2026-03-28 03:48:08,0.00003645,0.00442561
2026-03-28 03:54:18,0.00003640,0.00443218
2026-03-28 04:00:28,0.00003640,0.00443016
2026-03-28 04:06:38,0.00003641,0.00443031
2026-03-28 04:12:48,0.00003638,0.00442288
2026-03-28 04:18:58,0.00003641,0.00442791
2026-03-28 04:25:09,0.00003641,0.00443157
2026-03-28 04:31:19,0.00003641,0.00443197
2026-03-28 04:37:29,0.00003641,0.00442493
2026-03-28 04:43:39,0.00003642,0.00442475
2026-03-28 04:49:50,0.00003640,0.00443051
2026-03-28 04:56:00,0.00003642,0.00443148
2026-03-28 05:02:10,0.00003641,0.00442425
2026-03-28 05:08:20,0.00003636,0.00441555
2026-03-28 05:14:30,0.00003632,0.00441829
2026-03-28 05:20:41,0.00003635,0.00442330
2026-03-28 05:26:51,0.00003639,0.00442846
2026-03-28 05:33:01,0.00003638,0.00442341
2026-03-28 05:39:11,0.00003639,0.00442465
2026-03-28 05:45:21,0.00003638,0.00441576
2026-03-28 05:51:31,0.00003640,0.00442192
2026-03-28 05:57:42,0.00003639,0.00442383
2026-03-28 06:03:52,0.00003638,0.00442384
2026-03-28 06:10:02,0.00003636,0.00442531
2026-03-28 06:16:14,0.00003639,0.00442746
2026-03-28 06:22:24,0.00003649,0.00444824
2026-03-28 06:28:34,0.00003650,0.00445902
2026-03-28 06:34:44,0.00003650,0.00445730
2026-03-28 06:40:54,0.00003654,0.00445626
2026-03-28 06:47:05,0.00003653,0.00445666
2026-03-28 06:53:15,0.00003656,0.00445633
2026-03-28 06:59:25,0.00003656,0.00445600
2026-03-28 07:05:35,0.00003655,0.00444813
2026-03-28 07:11:45,0.00003655,0.00444626
2026-03-28 07:17:55,0.00003656,0.00444520
2026-03-28 07:24:05,0.00003656,0.00445438
2026-03-28 07:30:15,0.00003656,0.00444984
2026-03-28 07:36:25,0.00003656,0.00444866
2026-03-28 07:42:35,0.00003655,0.00444714
2026-03-28 07:48:45,0.00003658,0.00444749
2026-03-28 07:54:55,0.00003661,0.00446171
2026-03-28 08:01:06,0.00003662,0.00446065
2026-03-28 08:07:16,0.00003666,0.00445572
2026-03-28 08:13:26,0.00003668,0.00446131
2026-03-28 08:19:37,0.00003667,0.00446279
2026-03-28 08:25:48,0.00003669,0.00446862
2026-03-28 08:31:58,0.00003661,0.00447135
2026-03-28 08:38:08,0.00003660,0.00446918
2026-03-28 08:44:18,0.00003661,0.00446324
2026-03-28 08:50:28,0.00003663,0.00446267
2026-03-28 08:56:38,0.00003663,0.00446589
2026-03-28 09:02:48,0.00003664,0.00445821
2026-03-28 09:08:58,0.00003665,0.00445512
2026-03-28 09:15:08,0.00003665,0.00445402
2026-03-28 09:21:19,0.00003665,0.00445555
2026-03-28 09:27:30,0.00003666,0.00445574
2026-03-28 09:33:40,0.00003662,0.00445571
2026-03-28 09:39:51,0.00003658,0.00444775
2026-03-28 09:46:01,0.00003651,0.00444587
2026-03-28 09:52:11,0.00003648,0.00443918
2026-03-28 09:58:21,0.00003650,0.00443870
2026-03-28 10:04:31,0.00003650,0.00443967
2026-03-28 10:10:41,0.00003657,0.00444716
2026-03-28 10:16:51,0.00003654,0.00444411
2026-03-28 10:23:02,0.00003647,0.00443244
2026-03-28 10:29:12,0.00003641,0.00442247
2026-03-28 10:35:23,0.00003641,0.00442910
2026-03-28 10:41:33,0.00003640,0.00442817
2026-03-28 10:47:43,0.00003641,0.00442894
2026-03-28 10:53:53,0.00003641,0.00442977
2026-03-28 11:00:04,0.00003640,0.00442598
2026-03-28 11:06:14,0.00003643,0.00442689
2026-03-28 11:12:24,0.00003647,0.00442677
2026-03-28 11:18:34,0.00003643,0.00443389
2026-03-28 11:24:44,0.00003644,0.00443577
2026-03-28 11:30:54,0.00003646,0.00442341
2026-03-28 11:37:04,0.00003646,0.00442497
2026-03-28 11:43:14,0.00003646,0.00442507
2026-03-28 11:49:24,0.00003647,0.00443181
2026-03-28 11:55:34,0.00003648,0.00443287
2026-03-28 12:01:44,0.00003649,0.00444006
2026-03-28 12:07:54,0.00003649,0.00444484
2026-03-28 12:14:04,0.00003649,0.00444057
2026-03-28 12:20:15,0.00003655,0.00444935
2026-03-28 12:26:25,0.00003661,0.00444701
2026-03-28 12:32:35,0.00003658,0.00445302
2026-03-28 12:38:44,0.00003661,0.00444424
2026-03-28 12:44:54,0.00003658,0.00444284
2026-03-28 12:51:04,0.00003661,0.00444345
2026-03-28 12:57:15,0.00003660,0.00444764
2026-03-28 13:03:25,0.00003659,0.00445011
2026-03-28 13:09:35,0.00003661,0.00444491
2026-03-28 13:15:45,0.00003665,0.00446046
2026-03-28 13:21:55,0.00003672,0.00445770
2026-03-28 13:28:05,0.00003667,0.00444780
2026-03-28 13:34:15,0.00003672,0.00446309
2026-03-28 13:40:25,0.00003688,0.00448791
2026-03-28 13:46:35,0.00003694,0.00448855
2026-03-28 13:52:45,0.00003694,0.00449050
2026-03-28 13:58:57,0.00003691,0.00449012
2026-03-28 14:05:08,0.00003683,0.00448964
2026-03-28 14:11:18,0.00003690,0.00448192
2026-03-28 14:17:29,0.00003694,0.00447729
2026-03-28 14:23:40,0.00003702,0.00447433
2026-03-28 14:29:51,0.00003704,0.00447325
2026-03-28 14:36:02,0.00003705,0.00448549
2026-03-28 14:42:12,0.00003710,0.00448674
2026-03-28 14:48:23,0.00003714,0.00448904
2026-03-28 14:54:33,0.00003703,0.00449082
2026-03-28 15:00:44,0.00003696,0.00448804
2026-03-28 15:06:54,0.00003700,0.00448704
2026-03-28 15:13:04,0.00003706,0.00449411
2026-03-28 15:19:15,0.00003722,0.00449026
2026-03-28 15:25:25,0.00003731,0.00449617
2026-03-28 15:31:36,0.00003729,0.00448773
2026-03-28 15:37:46,0.00003730,0.00449054
2026-03-28 15:43:57,0.00003728,0.00449574
2026-03-28 15:50:07,0.00003725,0.00448462
2026-03-28 15:56:18,0.00003723,0.00448461
2026-03-28 16:02:28,0.00003725,0.00448966
2026-03-28 16:08:38,0.00003724,0.00449165
2026-03-28 16:14:49,0.00003720,0.00449864
2026-03-28 16:21:00,0.00003714,0.00450417
2026-03-28 16:27:10,0.00003715,0.00449971
2026-03-28 16:33:21,0.00003714,0.00449738
2026-03-28 16:39:31,0.00003709,0.00449358
2026-03-28 16:45:41,0.00003703,0.00446947
2026-03-28 16:51:51,0.00003704,0.00444793
2026-03-28 16:58:01,0.00003701,0.00445759
2026-03-28 17:04:11,0.00003703,0.00447104
2026-03-28 17:10:21,0.00003703,0.00447496
2026-03-28 17:16:32,0.00003700,0.00448327
2026-03-28 17:22:41,0.00003695,0.00447962
2026-03-28 17:28:52,0.00003690,0.00447758
2026-03-28 17:35:02,0.00003686,0.00447642
2026-03-28 17:41:12,0.00003688,0.00447449
2026-03-28 17:47:22,0.00003692,0.00448185
2026-03-28 17:53:32,0.00003690,0.00448681
2026-03-28 17:59:42,0.00003692,0.00448714
2026-03-28 18:05:52,0.00003700,0.00448620
2026-03-28 18:12:02,0.00003704,0.00448946
2026-03-28 18:18:13,0.00003712,0.00449588
2026-03-28 18:24:23,0.00003711,0.00449219
2026-03-28 18:30:33,0.00003713,0.00448745
2026-03-28 18:36:43,0.00003715,0.00449587
2026-03-28 18:42:53,0.00003717,0.00449282
2026-03-28 18:49:04,0.00003720,0.00450155
2026-03-28 18:55:14,0.00003720,0.00449742
2026-03-28 19:01:23,0.00003720,0.00448932
2026-03-28 19:07:33,0.00003721,0.00449808
2026-03-28 19:13:43,0.00003717,0.00449886
2026-03-28 19:19:54,0.00003718,0.00449896
2026-03-28 19:26:04,0.00003717,0.00449087
2026-03-28 19:32:14,0.00003717,0.00449059
2026-03-28 19:38:24,0.00003711,0.00449055
2026-03-28 19:44:34,0.00003703,0.00448354
2026-03-28 19:50:44,0.00003695,0.00448691
2026-03-28 19:56:54,0.00003698,0.00448120
2026-03-28 20:03:04,0.00003696,0.00448586
2026-03-28 20:09:15,0.00003698,0.00449505
2026-03-28 20:15:25,0.00003701,0.00449608
2026-03-28 20:21:35,0.00003699,0.00449643
2026-03-28 20:27:45,0.00003698,0.00449134
2026-03-28 20:33:55,0.00003696,0.00449555
2026-03-28 20:40:05,0.00003695,0.00447799
2026-03-28 20:46:15,0.00003694,0.00447470
2026-03-28 20:52:25,0.00003694,0.00447493
2026-03-28 20:58:35,0.00003693,0.00447622
2026-03-28 21:04:45,0.00003694,0.00447987
2026-03-28 21:10:55,0.00003693,0.00447889
2026-03-28 21:17:05,0.00003690,0.00448069
2026-03-28 21:23:15,0.00003678,0.00447589
2026-03-28 21:29:25,0.00003676,0.00447963
2026-03-28 21:35:35,0.00003672,0.00448578
2026-03-28 21:41:45,0.00003667,0.00448525
2026-03-28 21:47:55,0.00003668,0.00448506
2026-03-28 21:54:05,0.00003658,0.00448166
2026-03-28 22:00:15,0.00003659,0.00447544
2026-03-28 22:06:26,0.00003658,0.00447025
2026-03-28 22:12:36,0.00003655,0.00446805
2026-03-28 22:18:46,0.00003656,0.00447074
2026-03-28 22:24:56,0.00003665,0.00447206
2026-03-28 22:31:06,0.00003668,0.00447934
2026-03-28 22:37:16,0.00003668,0.00448493
2026-03-28 22:43:26,0.00003664,0.00446771
2026-03-28 22:49:36,0.00003668,0.00446926
2026-03-28 22:55:47,0.00003664,0.00447414
2026-03-28 23:01:57,0.00003663,0.00447566
2026-03-28 23:08:07,0.00003658,0.00446291
2026-03-28 23:14:17,0.00003642,0.00444674
2026-03-28 23:20:27,0.00003633,0.00443976
2026-03-28 23:26:37,0.00003631,0.00443153
2026-03-28 23:32:47,0.00003631,0.00442940
2026-03-28 23:38:57,0.00003631,0.00442518
2026-03-28 23:45:07,0.00003630,0.00442036
2026-03-28 23:51:18,0.00003630,0.00441651
2026-03-28 23:57:28,0.00003631,0.00441895
2026-03-29 00:03:38,0.00003630,0.00441679
2026-03-29 00:09:48,0.00003629,0.00439515
2026-03-29 00:15:59,0.00003626,0.00438954
2026-03-29 00:22:09,0.00003619,0.00438520
2026-03-29 00:28:19,0.00003615,0.00439507
2026-03-29 00:34:28,0.00003622,0.00440697
2026-03-29 00:40:39,0.00003620,0.00440284
2026-03-29 00:46:49,0.00003617,0.00439835
2026-03-29 00:52:59,0.00003619,0.00439153
2026-03-29 00:59:09,0.00003622,0.00438755
2026-03-29 01:05:20,0.00003626,0.00440346
2026-03-29 01:11:30,0.00003633,0.00441286
2026-03-29 01:17:40,0.00003632,0.00441084
2026-03-29 01:23:50,0.00003635,0.00441577
2026-03-29 01:30:00,0.00003635,0.00442416
2026-03-29 01:36:10,0.00003634,0.00442547
2026-03-29 01:42:20,0.00003630,0.00442668
2026-03-29 01:48:31,0.00003627,0.00442662
2026-03-29 01:54:41,0.00003631,0.00443142
2026-03-29 02:00:51,0.00003629,0.00443160
2026-03-29 02:07:01,0.00003626,0.00443078
2026-03-29 02:13:11,0.00003618,0.00443510
2026-03-29 02:19:21,0.00003617,0.00443144
2026-03-29 02:25:31,0.00003622,0.00443703
2026-03-29 02:31:41,0.00003630,0.00443383
2026-03-29 02:37:51,0.00003620,0.00443779
2026-03-29 02:44:02,0.00003619,0.00444304
2026-03-29 02:50:12,0.00003622,0.00444201
2026-03-29 02:56:22,0.00003628,0.00443712
2026-03-29 03:02:32,0.00003627,0.00444213
2026-03-29 03:08:42,0.00003627,0.00443427
2026-03-29 03:14:52,0.00003628,0.00443633
2026-03-29 03:21:02,0.00003643,0.00444163
2026-03-29 03:27:13,0.00003642,0.00444130
2026-03-29 03:33:23,0.00003640,0.00444630
2026-03-29 03:39:33,0.00003641,0.00444511
2026-03-29 03:45:43,0.00003642,0.00444003
2026-03-29 03:51:53,0.00003641,0.00444400
2026-03-29 03:58:03,0.00003643,0.00445215
2026-03-29 04:04:13,0.00003640,0.00445017
2026-03-29 04:10:24,0.00003640,0.00444381
2026-03-29 04:16:34,0.00003637,0.00444496
2026-03-29 04:22:44,0.00003634,0.00444753
2026-03-29 04:28:54,0.00003633,0.00444705
2026-03-29 04:35:04,0.00003632,0.00444266
2026-03-29 04:41:14,0.00003632,0.00444287
2026-03-29 04:47:24,0.00003633,0.00444618
2026-03-29 04:53:34,0.00003634,0.00444708
2026-03-29 04:59:44,0.00003635,0.00444678
2026-03-29 05:05:54,0.00003632,0.00444184
2026-03-29 05:12:04,0.00003631,0.00443354
2026-03-29 05:18:14,0.00003628,0.00442806
2026-03-29 05:24:24,0.00003631,0.00442472
2026-03-29 05:30:34,0.00003629,0.00441612
2026-03-29 05:36:44,0.00003628,0.00440904
2026-03-29 05:42:54,0.00003631,0.00440354
2026-03-29 05:49:04,0.00003631,0.00440355
2026-03-29 05:55:15,0.00003636,0.00440853
2026-03-29 06:01:25,0.00003640,0.00441610
2026-03-29 06:07:35,0.00003643,0.00442490
2026-03-29 06:13:45,0.00003643,0.00442403
2026-03-29 06:19:55,0.00003648,0.00442346
2026-03-29 06:26:06,0.00003646,0.00441825
2026-03-29 06:32:16,0.00003647,0.00442650
2026-03-29 06:38:25,0.00003647,0.00442646
2026-03-29 06:44:36,0.00003647,0.00442190
2026-03-29 06:50:46,0.00003655,0.00441437
2026-03-29 06:56:57,0.00003656,0.00441380
2026-03-29 07:03:07,0.00003656,0.00441487
2026-03-29 07:09:17,0.00003655,0.00441656
2026-03-29 07:15:27,0.00003658,0.00441448
2026-03-29 07:21:37,0.00003660,0.00441338
2026-03-29 07:27:47,0.00003670,0.00441485
2026-03-29 07:33:57,0.00003669,0.00441781
2026-03-29 07:40:08,0.00003670,0.00441346
2026-03-29 07:46:18,0.00003675,0.00440943
2026-03-29 07:52:29,0.00003677,0.00441636
2026-03-29 07:58:39,0.00003688,0.00441659
2026-03-29 08:04:49,0.00003684,0.00441730
2026-03-29 08:11:00,0.00003679,0.00441786
2026-03-29 08:17:10,0.00003673,0.00441802
2026-03-29 08:23:20,0.00003673,0.00441821
2026-03-29 08:29:30,0.00003677,0.00441772
2026-03-29 08:35:40,0.00003679,0.00442422
2026-03-29 08:41:50,0.00003681,0.00442649
2026-03-29 08:48:01,0.00003683,0.00442695
2026-03-29 08:54:11,0.00003684,0.00442340
2026-03-29 09:00:21,0.00003684,0.00442383
2026-03-29 09:06:32,0.00003687,0.00441856
2026-03-29 09:12:42,0.00003681,0.00442681
2026-03-29 09:18:51,0.00003679,0.00442655
2026-03-29 09:25:02,0.00003673,0.00442684
2026-03-29 09:31:12,0.00003671,0.00442238
2026-03-29 09:37:22,0.00003671,0.00441635
2026-03-29 09:43:33,0.00003672,0.00442116
2026-03-29 09:49:43,0.00003671,0.00442572
2026-03-29 09:55:53,0.00003671,0.00442573
2026-03-29 10:02:03,0.00003662,0.00441511
2026-03-29 10:08:13,0.00003656,0.00439091
2026-03-29 10:14:24,0.00003646,0.00437941
2026-03-29 10:20:34,0.00003643,0.00437915
2026-03-29 10:26:44,0.00003639,0.00437254
2026-03-29 10:32:54,0.00003637,0.00436386
2026-03-29 10:39:04,0.00003636,0.00435618
2026-03-29 10:45:14,0.00003641,0.00436212
2026-03-29 10:51:24,0.00003640,0.00436306
2026-03-29 10:57:34,0.00003640,0.00435915
2026-03-29 11:03:45,0.00003644,0.00436232
2026-03-29 11:09:55,0.00003655,0.00437672
2026-03-29 11:16:05,0.00003657,0.00438606
2026-03-29 11:22:15,0.00003652,0.00437842
2026-03-29 11:28:25,0.00003645,0.00437690
2026-03-29 11:34:36,0.00003647,0.00437182
2026-03-29 11:40:46,0.00003659,0.00437601
2026-03-29 11:46:56,0.00003663,0.00438313
2026-03-29 11:53:07,0.00003659,0.00437100
2026-03-29 11:59:17,0.00003656,0.00436906
2026-03-29 12:05:27,0.00003652,0.00437276
2026-03-29 12:11:36,0.00003650,0.00436538
2026-03-29 12:17:47,0.00003645,0.00436098
2026-03-29 12:23:57,0.00003642,0.00435664
2026-03-29 12:30:08,0.00003642,0.00435122
2026-03-29 12:36:18,0.00003638,0.00434513
2026-03-29 12:42:28,0.00003632,0.00433801
2026-03-29 12:48:39,0.00003631,0.00433029
2026-03-29 12:54:49,0.00003634,0.00433546
2026-03-29 13:01:00,0.00003634,0.00434047
2026-03-29 13:07:10,0.00003629,0.00435449
2026-03-29 13:13:20,0.00003625,0.00434848
2026-03-29 13:19:29,0.00003621,0.00434873
2026-03-29 13:25:40,0.00003626,0.00435331
2026-03-29 13:31:50,0.00003628,0.00435754
2026-03-29 13:38:00,0.00003629,0.00436352
2026-03-29 13:44:10,0.00003627,0.00436751
2026-03-29 13:50:21,0.00003626,0.00436487
2026-03-29 13:56:31,0.00003613,0.00436020
2026-03-29 14:02:41,0.00003607,0.00435814
2026-03-29 14:08:52,0.00003608,0.00434823
2026-03-29 14:15:02,0.00003620,0.00435705
2026-03-29 14:21:13,0.00003628,0.00436673
2026-03-29 14:27:23,0.00003626,0.00436937
2026-03-29 14:33:33,0.00003626,0.00437611
2026-03-29 14:39:43,0.00003628,0.00437022
2026-03-29 14:45:53,0.00003631,0.00436405
2026-03-29 14:52:03,0.00003629,0.00436637
2026-03-29 14:58:14,0.00003629,0.00436059
2026-03-29 15:04:24,0.00003628,0.00436517
2026-03-29 15:10:34,0.00003631,0.00437706
2026-03-29 15:16:44,0.00003630,0.00437138
2026-03-29 15:22:54,0.00003627,0.00438095
2026-03-29 15:29:04,0.00003630,0.00437333
2026-03-29 15:35:15,0.00003632,0.00437390
2026-03-29 15:41:25,0.00003629,0.00438483
2026-03-29 15:47:35,0.00003630,0.00438841
2026-03-29 15:53:46,0.00003626,0.00438643
2026-03-29 15:59:57,0.00003632,0.00438519
2026-03-29 16:06:07,0.00003633,0.00438654
2026-03-29 16:12:17,0.00003632,0.00438457
2026-03-29 16:18:28,0.00003630,0.00438456
2026-03-29 16:24:38,0.00003637,0.00439759
2026-03-29 16:30:49,0.00003635,0.00439919
2026-03-29 16:36:59,0.00003630,0.00438016
2026-03-29 16:43:09,0.00003625,0.00437330
2026-03-29 16:49:19,0.00003622,0.00435924
2026-03-29 16:55:29,0.00003619,0.00435707
2026-03-29 17:01:40,0.00003619,0.00435977
2026-03-29 17:07:50,0.00003621,0.00436060
2026-03-29 17:14:00,0.00003616,0.00436058
2026-03-29 17:20:11,0.00003614,0.00434952
2026-03-29 17:26:21,0.00003609,0.00434542
2026-03-29 17:32:31,0.00003611,0.00435628
2026-03-29 17:38:41,0.00003612,0.00436026
2026-03-29 17:44:52,0.00003616,0.00436671
2026-03-29 17:51:02,0.00003616,0.00437457
2026-03-29 17:57:12,0.00003611,0.00437700
2026-03-29 18:03:23,0.00003605,0.00437388
2026-03-29 18:09:33,0.00003590,0.00437316
2026-03-29 18:15:43,0.00003592,0.00437188
2026-03-29 18:21:53,0.00003588,0.00437356
2026-03-29 18:28:03,0.00003588,0.00437576
2026-03-29 18:34:13,0.00003592,0.00437578
2026-03-29 18:40:24,0.00003596,0.00439250
2026-03-29 18:46:34,0.00003597,0.00440210
2026-03-29 18:52:44,0.00003592,0.00440662
2026-03-29 18:58:54,0.00003598,0.00439667
2026-03-29 19:05:04,0.00003601,0.00439780
2026-03-29 19:11:15,0.00003616,0.00439155
2026-03-29 19:17:25,0.00003621,0.00437976
2026-03-29 19:23:35,0.00003621,0.00438111
2026-03-29 19:29:45,0.00003617,0.00438035
2026-03-29 19:35:55,0.00003620,0.00437622
2026-03-29 19:42:05,0.00003617,0.00438069
2026-03-29 19:48:15,0.00003619,0.00438618
2026-03-29 19:54:25,0.00003619,0.00438917
2026-03-29 20:00:35,0.00003625,0.00439649
2026-03-29 20:06:45,0.00003632,0.00439950
2026-03-29 20:12:56,0.00003637,0.00439950
2026-03-29 20:19:06,0.00003637,0.00440202
2026-03-29 20:25:16,0.00003642,0.00441175
2026-03-29 20:31:26,0.00003648,0.00442434
2026-03-29 20:37:36,0.00003646,0.00442695
2026-03-29 20:43:46,0.00003642,0.00442561
2026-03-29 20:49:57,0.00003639,0.00442167
2026-03-29 20:56:07,0.00003640,0.00442279
2026-03-29 21:02:17,0.00003646,0.00443251
2026-03-29 21:08:27,0.00003647,0.00443410
2026-03-29 21:14:37,0.00003641,0.00443546
2026-03-29 21:20:47,0.00003634,0.00443500
2026-03-29 21:26:57,0.00003633,0.00444360
2026-03-29 21:33:08,0.00003630,0.00444033
2026-03-29 21:39:18,0.00003629,0.00444652
2026-03-29 21:45:29,0.00003628,0.00445310
2026-03-29 21:51:38,0.00003628,0.00444171
2026-03-29 21:57:49,0.00003630,0.00442866
2026-03-29 22:03:59,0.00003625,0.00442832
2026-03-29 22:10:09,0.00003625,0.00441637
2026-03-29 22:16:18,0.00003625,0.00441322
2026-03-29 22:22:29,0.00003631,0.00442206
2026-03-29 22:28:38,0.00003628,0.00441983
2026-03-29 22:34:49,0.00003625,0.00440969
2026-03-29 22:40:59,0.00003617,0.00441268
2026-03-29 22:47:09,0.00003577,0.00433826
2026-03-29 22:53:19,0.00003557,0.00431334
2026-03-29 22:59:29,0.00003575,0.00434080
2026-03-29 23:05:39,0.00003591,0.00435082
2026-03-29 23:11:49,0.00003594,0.00435580
2026-03-29 23:17:59,0.00003595,0.00435232
2026-03-29 23:24:10,0.00003597,0.00434739
2026-03-29 23:30:20,0.00003590,0.00434389
2026-03-29 23:36:31,0.00003585,0.00434144
2026-03-29 23:42:41,0.00003582,0.00434380
2026-03-29 23:48:51,0.00003589,0.00434225
2026-03-29 23:55:01,0.00003588,0.00434190
2026-03-30 00:01:11,0.00003588,0.00434245
2026-03-30 00:07:21,0.00003586,0.00433714
2026-03-30 00:13:32,0.00003587,0.00434939
2026-03-30 00:19:42,0.00003602,0.00436581
2026-03-30 00:25:51,0.00003618,0.00438750
2026-03-30 00:32:02,0.00003625,0.00439666
2026-03-30 00:38:12,0.00003613,0.00438949
2026-03-30 00:44:22,0.00003609,0.00438367
2026-03-30 00:50:32,0.00003617,0.00438183
2026-03-30 00:56:43,0.00003612,0.00438748
2026-03-30 01:02:53,0.00003616,0.00439922
2026-03-30 01:09:03,0.00003618,0.00440149
2026-03-30 01:15:14,0.00003617,0.00440691
2026-03-30 01:21:24,0.00003616,0.00441262
2026-03-30 01:27:34,0.00003616,0.00441810
2026-03-30 01:33:44,0.00003626,0.00442163
2026-03-30 01:39:54,0.00003626,0.00442334
2026-03-30 01:46:04,0.00003629,0.00442485
2026-03-30 01:52:14,0.00003628,0.00442312
2026-03-30 01:58:25,0.00003625,0.00442277
2026-03-30 02:04:35,0.00003631,0.00442347
2026-03-30 02:10:45,0.00003633,0.00442487
2026-03-30 02:16:55,0.00003637,0.00443194
2026-03-30 02:23:06,0.00003636,0.00442736
2026-03-30 02:29:16,0.00003635,0.00442563
2026-03-30 02:35:26,0.00003635,0.00443083
2026-03-30 02:41:36,0.00003634,0.00442404
2026-03-30 02:47:46,0.00003650,0.00444123
2026-03-30 02:53:56,0.00003655,0.00445496
2026-03-30 03:00:06,0.00003651,0.00444973
2026-03-30 03:06:16,0.00003645,0.00444516
2026-03-30 03:12:26,0.00003643,0.00443993
2026-03-30 03:18:35,0.00003643,0.00444561
2026-03-30 03:24:45,0.00003634,0.00444313
2026-03-30 03:30:55,0.00003634,0.00444280
2026-03-30 03:37:05,0.00003636,0.00444188
2026-03-30 03:43:14,0.00003631,0.00444171
2026-03-30 03:49:24,0.00003634,0.00445084
2026-03-30 03:55:33,0.00003637,0.00445535
2026-03-30 04:01:43,0.00003635,0.00445576
2026-03-30 04:07:52,0.00003638,0.00445156
2026-03-30 04:14:02,0.00003636,0.00444740
2026-03-30 04:20:11,0.00003636,0.00445597
2026-03-30 04:26:21,0.00003637,0.00445224
2026-03-30 04:32:31,0.00003640,0.00445759
2026-03-30 04:38:41,0.00003637,0.00446536
2026-03-30 04:44:50,0.00003634,0.00446172
2026-03-30 04:50:59,0.00003630,0.00445948
2026-03-30 04:57:09,0.00003633,0.00445900
2026-03-30 05:03:19,0.00003637,0.00445519
2026-03-30 05:09:29,0.00003639,0.00446034
2026-03-30 05:15:38,0.00003640,0.00446282
2026-03-30 05:21:49,0.00003639,0.00447587
2026-03-30 05:27:58,0.00003639,0.00447169
2026-03-30 05:34:08,0.00003638,0.00446975
2026-03-30 05:40:18,0.00003634,0.00446933
2026-03-30 05:46:28,0.00003631,0.00445590
2026-03-30 05:52:37,0.00003635,0.00445489
2026-03-30 05:58:47,0.00003640,0.00445842
2026-03-30 06:04:57,0.00003642,0.00446422
2026-03-30 06:11:06,0.00003644,0.00446687
2026-03-30 06:17:17,0.00003643,0.00446491
2026-03-30 06:23:26,0.00003640,0.00445995
2026-03-30 06:29:36,0.00003640,0.00445945
2026-03-30 06:35:46,0.00003642,0.00445996
2026-03-30 06:41:55,0.00003640,0.00445603
2026-03-30 06:48:05,0.00003643,0.00446207
2026-03-30 06:54:15,0.00003643,0.00446230
2026-03-30 07:00:25,0.00003642,0.00446256
2026-03-30 07:06:35,0.00003651,0.00446026
2026-03-30 07:12:45,0.00003656,0.00447090
2026-03-30 07:18:54,0.00003659,0.00447112
2026-03-30 07:25:04,0.00003651,0.00446519
2026-03-30 07:31:14,0.00003649,0.00446399
2026-03-30 07:37:24,0.00003646,0.00446013
2026-03-30 07:43:34,0.00003646,0.00446823
2026-03-30 07:49:43,0.00003653,0.00447247
2026-03-30 07:55:53,0.00003662,0.00448563
2026-03-30 08:02:03,0.00003668,0.00449623
2026-03-30 08:08:13,0.00003674,0.00450451
2026-03-30 08:14:23,0.00003682,0.00450148
2026-03-30 08:20:33,0.00003685,0.00450214
2026-03-30 08:26:43,0.00003689,0.00449803
2026-03-30 08:32:53,0.00003687,0.00449475
2026-03-30 08:39:03,0.00003685,0.00449702
2026-03-30 08:45:14,0.00003682,0.00449707
2026-03-30 08:51:25,0.00003681,0.00448635
2026-03-30 08:57:35,0.00003676,0.00448933
2026-03-30 09:03:45,0.00003672,0.00448099
2026-03-30 09:09:55,0.00003674,0.00447928
2026-03-30 09:16:05,0.00003672,0.00447836
2026-03-30 09:22:15,0.00003673,0.00447157
2026-03-30 09:28:25,0.00003672,0.00446431
2026-03-30 09:34:35,0.00003674,0.00446656
2026-03-30 09:40:45,0.00003676,0.00446543
2026-03-30 09:46:55,0.00003686,0.00446739
2026-03-30 09:53:05,0.00003685,0.00446978
2026-03-30 09:59:15,0.00003682,0.00446234
2026-03-30 10:05:25,0.00003680,0.00445990
2026-03-30 10:11:35,0.00003678,0.00446149
2026-03-30 10:17:44,0.00003679,0.00446105
2026-03-30 10:23:54,0.00003681,0.00445470
2026-03-30 10:30:04,0.00003681,0.00445819
2026-03-30 10:36:14,0.00003685,0.00445860
2026-03-30 10:42:24,0.00003689,0.00445783
2026-03-30 10:48:34,0.00003689,0.00445741
2026-03-30 10:54:44,0.00003694,0.00445852
2026-03-30 11:00:54,0.00003695,0.00446745
2026-03-30 11:07:04,0.00003692,0.00446479
2026-03-30 11:13:14,0.00003694,0.00447077
2026-03-30 11:19:24,0.00003691,0.00447841
2026-03-30 11:25:34,0.00003692,0.00447506
2026-03-30 11:31:44,0.00003682,0.00447696
2026-03-30 11:37:54,0.00003681,0.00448363
2026-03-30 11:44:04,0.00003682,0.00447527
2026-03-30 11:50:14,0.00003686,0.00448009
2026-03-30 11:56:24,0.00003688,0.00447839
2026-03-30 12:02:34,0.00003689,0.00448263
2026-03-30 12:08:43,0.00003684,0.00447838
2026-03-30 12:14:53,0.00003683,0.00447942
2026-03-30 12:21:04,0.00003682,0.00448068
2026-03-30 12:27:14,0.00003679,0.00447022
2026-03-30 12:33:24,0.00003677,0.00447052
2026-03-30 12:39:33,0.00003676,0.00447671
2026-03-30 12:45:43,0.00003677,0.00447061
2026-03-30 12:51:53,0.00003680,0.00447092
2026-03-30 12:58:04,0.00003682,0.00447274
2026-03-30 13:04:14,0.00003680,0.00447439
2026-03-30 13:10:24,0.00003677,0.00447968
2026-03-30 13:16:34,0.00003676,0.00448468
2026-03-30 13:22:45,0.00003679,0.00447562
2026-03-30 13:28:56,0.00003676,0.00448370
2026-03-30 13:35:06,0.00003675,0.00448515
2026-03-30 13:41:16,0.00003676,0.00447621
2026-03-30 13:47:27,0.00003675,0.00448333
2026-03-30 13:53:37,0.00003675,0.00447832
2026-03-30 13:59:47,0.00003670,0.00447751
2026-03-30 14:05:57,0.00003673,0.00446601
2026-03-30 14:12:07,0.00003671,0.00446694
2026-03-30 14:18:18,0.00003669,0.00446770
2026-03-30 14:24:29,0.00003666,0.00446877
2026-03-30 14:30:39,0.00003667,0.00445287
2026-03-30 14:36:49,0.00003662,0.00444623
2026-03-30 14:42:59,0.00003661,0.00444193
2026-03-30 14:49:10,0.00003662,0.00444053
2026-03-30 14:55:21,0.00003663,0.00444769
2026-03-30 15:01:32,0.00003668,0.00446044
2026-03-30 15:07:43,0.00003661,0.00445785
2026-03-30 15:13:53,0.00003657,0.00445547
2026-03-30 15:20:04,0.00003654,0.00445486
2026-03-30 15:26:15,0.00003653,0.00445259
2026-03-30 15:32:26,0.00003656,0.00445793
2026-03-30 15:38:37,0.00003661,0.00446298
2026-03-30 15:44:47,0.00003660,0.00446480
2026-03-30 15:50:57,0.00003659,0.00446492
2026-03-30 15:57:08,0.00003658,0.00445877
2026-03-30 16:03:18,0.00003657,0.00447021
2026-03-30 16:09:28,0.00003657,0.00447552
2026-03-30 16:15:38,0.00003658,0.00447080
2026-03-30 16:21:48,0.00003660,0.00446892
2026-03-30 16:27:59,0.00003659,0.00446357
2026-03-30 16:34:09,0.00003657,0.00445769
2026-03-30 16:40:19,0.00003658,0.00445946
2026-03-30 16:46:29,0.00003654,0.00446040
2026-03-30 16:52:39,0.00003655,0.00445689
2026-03-30 16:58:50,0.00003651,0.00445526
2026-03-30 17:05:00,0.00003650,0.00445491
2026-03-30 17:11:11,0.00003648,0.00445355
2026-03-30 17:17:22,0.00003647,0.00445805
2026-03-30 17:23:32,0.00003641,0.00444835
2026-03-30 17:29:42,0.00003626,0.00443329
2026-03-30 17:35:53,0.00003621,0.00442667
2026-03-30 17:42:04,0.00003620,0.00443179
2026-03-30 17:48:15,0.00003635,0.00452174
2026-03-30 17:54:25,0.00003640,0.00451635
2026-03-30 18:00:35,0.00003638,0.00453464
2026-03-30 18:06:45,0.00003638,0.00451879
2026-03-30 18:12:55,0.00003637,0.00451020
2026-03-30 18:19:05,0.00003640,0.00450575
2026-03-30 18:25:16,0.00003644,0.00448665
2026-03-30 18:31:26,0.00003644,0.00447199
2026-03-30 18:37:36,0.00003653,0.00447465
2026-03-30 18:43:47,0.00003651,0.00446004
2026-03-30 18:49:57,0.00003648,0.00446088
2026-03-30 18:56:07,0.00003644,0.00444957
2026-03-30 19:02:17,0.00003644,0.00445303
2026-03-30 19:08:27,0.00003637,0.00445613
2026-03-30 19:14:37,0.00003632,0.00443940
2026-03-30 19:20:47,0.00003630,0.00443077
2026-03-30 19:26:57,0.00003629,0.00442766
2026-03-30 19:33:07,0.00003628,0.00442751
2026-03-30 19:39:17,0.00003624,0.00442254
2026-03-30 19:45:27,0.00003617,0.00442236
2026-03-30 19:51:37,0.00003618,0.00442217
2026-03-30 19:57:47,0.00003619,0.00443188
2026-03-30 20:03:57,0.00003620,0.00443337
2026-03-30 20:10:07,0.00003618,0.00442165
2026-03-30 20:16:18,0.00003616,0.00442033
2026-03-30 20:22:28,0.00003620,0.00442121
2026-03-30 20:28:38,0.00003625,0.00441837
2026-03-30 20:34:49,0.00003628,0.00442183
2026-03-30 20:41:00,0.00003626,0.00441616
2026-03-30 20:47:11,0.00003626,0.00441599
2026-03-30 20:53:21,0.00003626,0.00442079
2026-03-30 20:59:31,0.00003627,0.00443020
2026-03-30 21:05:41,0.00003626,0.00443256
2026-03-30 21:11:51,0.00003631,0.00444016
2026-03-30 21:18:01,0.00003636,0.00444247
2026-03-30 21:24:11,0.00003639,0.00444193
2026-03-30 21:30:22,0.00003638,0.00444519
2026-03-30 21:36:32,0.00003636,0.00444552
2026-03-30 21:42:41,0.00003641,0.00444027
2026-03-30 21:48:52,0.00003640,0.00444284
2026-03-30 21:55:02,0.00003645,0.00444486
2026-03-30 22:01:12,0.00003642,0.00443512
2026-03-30 22:07:22,0.00003639,0.00443570
2026-03-30 22:13:32,0.00003636,0.00442942
2026-03-30 22:19:42,0.00003633,0.00442780
2026-03-30 22:25:51,0.00003632,0.00442844
2026-03-30 22:32:01,0.00003631,0.00442854
2026-03-30 22:38:11,0.00003631,0.00443475
2026-03-30 22:44:22,0.00003632,0.00443195
2026-03-30 22:50:32,0.00003629,0.00442634
2026-03-30 22:56:42,0.00003629,0.00443185
2026-03-30 23:02:52,0.00003622,0.00442341
2026-03-30 23:09:02,0.00003609,0.00440628
2026-03-30 23:15:12,0.00003604,0.00440253
2026-03-30 23:21:22,0.00003606,0.00439621
2026-03-30 23:27:31,0.00003609,0.00440570
2026-03-30 23:33:42,0.00003612,0.00440670
2026-03-30 23:39:51,0.00003616,0.00441051
2026-03-30 23:46:02,0.00003614,0.00441225
2026-03-30 23:52:12,0.00003613,0.00441199
2026-03-30 23:58:22,0.00003613,0.00441219
2026-03-31 00:04:31,0.00003614,0.00441654
2026-03-31 00:10:41,0.00003617,0.00441727
2026-03-31 00:16:51,0.00003619,0.00441766
2026-03-31 00:23:01,0.00003620,0.00441919
2026-03-31 00:29:11,0.00003624,0.00441792
2026-03-31 00:35:20,0.00003623,0.00441465
2026-03-31 00:41:31,0.00003627,0.00441522
2026-03-31 00:47:42,0.00003634,0.00442697
2026-03-31 00:53:52,0.00003634,0.00442392
2026-03-31 01:00:03,0.00003632,0.00442411
2026-03-31 01:06:13,0.00003627,0.00442842
2026-03-31 01:12:23,0.00003628,0.00442398
2026-03-31 01:18:33,0.00003632,0.00442941
2026-03-31 01:24:43,0.00003639,0.00444534
2026-03-31 01:30:53,0.00003655,0.00445996
2026-03-31 01:37:03,0.00003672,0.00447244
2026-03-31 01:43:13,0.00003675,0.00446487
2026-03-31 01:49:22,0.00003669,0.00445069
2026-03-31 01:55:33,0.00003671,0.00444849
2026-03-31 02:01:43,0.00003675,0.00445882
2026-03-31 02:07:53,0.00003674,0.00445471
2026-03-31 02:14:02,0.00003673,0.00446297
2026-03-31 02:20:12,0.00003679,0.00447013
2026-03-31 02:26:22,0.00003681,0.00446991
2026-03-31 02:32:32,0.00003684,0.00447053
2026-03-31 02:38:42,0.00003682,0.00447050
2026-03-31 02:44:52,0.00003676,0.00446560
2026-03-31 02:51:02,0.00003677,0.00446534
2026-03-31 02:57:12,0.00003677,0.00446458
2026-03-31 03:03:22,0.00003670,0.00445913
2026-03-31 03:09:32,0.00003661,0.00445558
2026-03-31 03:15:42,0.00003661,0.00445485
2026-03-31 03:21:52,0.00003659,0.00444644
2026-03-31 03:28:01,0.00003656,0.00444167
2026-03-31 03:34:11,0.00003657,0.00443578
2026-03-31 03:40:21,0.00003654,0.00443567
2026-03-31 03:46:31,0.00003655,0.00444481
2026-03-31 03:52:41,0.00003655,0.00443587
2026-03-31 03:58:51,0.00003657,0.00444183
2026-03-31 04:05:01,0.00003657,0.00444046
2026-03-31 04:11:11,0.00003658,0.00444260
2026-03-31 04:17:21,0.00003666,0.00444437
2026-03-31 04:23:31,0.00003672,0.00444498
2026-03-31 04:29:41,0.00003665,0.00444518
2026-03-31 04:35:51,0.00003669,0.00443716
2026-03-31 04:42:00,0.00003672,0.00443846
2026-03-31 04:48:10,0.00003675,0.00444343
2026-03-31 04:54:20,0.00003673,0.00444809
2026-03-31 05:00:30,0.00003665,0.00444986
2026-03-31 05:06:40,0.00003664,0.00444553
2026-03-31 05:12:50,0.00003662,0.00445314
2026-03-31 05:19:00,0.00003669,0.00445275
2026-03-31 05:25:10,0.00003671,0.00445618
2026-03-31 05:31:20,0.00003676,0.00445918
2026-03-31 05:37:29,0.00003678,0.00445117
2026-03-31 05:43:39,0.00003678,0.00445656
2026-03-31 05:49:49,0.00003677,0.00445052
2026-03-31 05:55:59,0.00003675,0.00445623
2026-03-31 06:02:09,0.00003672,0.00444108
2026-03-31 06:08:19,0.00003666,0.00444565
2026-03-31 06:14:29,0.00003665,0.00444304
2026-03-31 06:20:39,0.00003664,0.00444529
2026-03-31 06:26:49,0.00003661,0.00444019
2026-03-31 06:32:59,0.00003662,0.00443828
2026-03-31 06:39:09,0.00003661,0.00444108
2026-03-31 06:45:19,0.00003661,0.00443562
2026-03-31 06:51:30,0.00003667,0.00444335
2026-03-31 06:57:40,0.00003672,0.00444382
2026-03-31 07:03:50,0.00003670,0.00443959
2026-03-31 07:10:00,0.00003667,0.00443822
2026-03-31 07:16:11,0.00003661,0.00443679
2026-03-31 07:22:21,0.00003658,0.00442542
2026-03-31 07:28:31,0.00003661,0.00443005
2026-03-31 07:34:41,0.00003662,0.00443092
2026-03-31 07:40:51,0.00003663,0.00443553
2026-03-31 07:47:02,0.00003665,0.00443657
2026-03-31 07:53:12,0.00003663,0.00444082
2026-03-31 07:59:22,0.00003665,0.00444849
2026-03-31 08:05:32,0.00003665,0.00444693
2026-03-31 08:11:42,0.00003668,0.00444956
2026-03-31 08:17:52,0.00003673,0.00445420
2026-03-31 08:24:02,0.00003675,0.00446516
2026-03-31 08:30:13,0.00003674,0.00446733
2026-03-31 08:36:23,0.00003671,0.00446872
2026-03-31 08:42:33,0.00003659,0.00445163
2026-03-31 08:48:44,0.00003642,0.00444685
2026-03-31 08:54:53,0.00003635,0.00445280
2026-03-31 09:01:04,0.00003634,0.00444118
2026-03-31 09:07:14,0.00003635,0.00444220
2026-03-31 09:13:24,0.00003634,0.00444538
2026-03-31 09:19:34,0.00003630,0.00444033
2026-03-31 09:25:44,0.00003629,0.00442877
2026-03-31 09:31:54,0.00003618,0.00442037
2026-03-31 09:38:04,0.00003621,0.00441496
2026-03-31 09:44:14,0.00003625,0.00441435
2026-03-31 09:50:24,0.00003623,0.00442357
2026-03-31 09:56:34,0.00003613,0.00439858
2026-03-31 10:02:44,0.00003615,0.00438932
2026-03-31 10:08:54,0.00003615,0.00439053
2026-03-31 10:15:05,0.00003621,0.00439739
2026-03-31 10:21:15,0.00003619,0.00439409
2026-03-31 10:27:27,0.00003610,0.00439413
2026-03-31 10:33:37,0.00003610,0.00440357
2026-03-31 10:39:47,0.00003599,0.00439986
2026-03-31 10:45:57,0.00003601,0.00440368
2026-03-31 10:52:07,0.00003605,0.00439899
2026-03-31 10:58:17,0.00003601,0.00439499
2026-03-31 11:04:27,0.00003600,0.00440579
2026-03-31 11:10:37,0.00003597,0.00439877
2026-03-31 11:16:47,0.00003608,0.00441391
2026-03-31 11:22:57,0.00003609,0.00440847
2026-03-31 11:29:07,0.00003610,0.00440901
2026-03-31 11:35:17,0.00003611,0.00440996
2026-03-31 11:41:27,0.00003611,0.00441094
2026-03-31 11:47:37,0.00003612,0.00441797
2026-03-31 11:53:47,0.00003612,0.00441851
2026-03-31 11:59:57,0.00003613,0.00441574
2026-03-31 12:06:08,0.00003614,0.00442071
2026-03-31 12:12:17,0.00003611,0.00442401
2026-03-31 12:18:28,0.00003606,0.00441261
2026-03-31 12:24:38,0.00003609,0.00441444
2026-03-31 12:30:48,0.00003612,0.00441582
2026-03-31 12:36:58,0.00003614,0.00441844
2026-03-31 12:43:09,0.00003611,0.00441827
2026-03-31 12:49:19,0.00003604,0.00441505
2026-03-31 12:55:29,0.00003605,0.00440765
2026-03-31 13:01:40,0.00003605,0.00441217
2026-03-31 13:07:49,0.00003609,0.00441385
2026-03-31 13:14:00,0.00003614,0.00441512
2026-03-31 13:20:10,0.00003613,0.00441696
2026-03-31 13:26:20,0.00003613,0.00441707
2026-03-31 13:32:30,0.00003619,0.00442031
2026-03-31 13:38:41,0.00003620,0.00442202
2026-03-31 13:44:51,0.00003622,0.00441641
2026-03-31 13:51:02,0.00003629,0.00441952
2026-03-31 13:57:13,0.00003639,0.00442110
2026-03-31 14:03:22,0.00003642,0.00443192
2026-03-31 14:09:32,0.00003639,0.00443055
2026-03-31 14:15:43,0.00003645,0.00444054
2026-03-31 14:21:54,0.00003650,0.00444833
2026-03-31 14:28:11,0.00003653,0.00444988
2026-03-31 14:34:21,0.00003655,0.00444738
2026-03-31 14:40:32,0.00003651,0.00443996
2026-03-31 14:46:43,0.00003652,0.00442826
2026-03-31 14:52:53,0.00003642,0.00440943
2026-03-31 14:59:04,0.00003634,0.00441537
2026-03-31 15:05:14,0.00003636,0.00441513
2026-03-31 15:11:24,0.00003646,0.00442505
2026-03-31 15:17:35,0.00003652,0.00443435
2026-03-31 15:23:46,0.00003650,0.00443542
2026-03-31 15:29:56,0.00003639,0.00444152
2026-03-31 15:36:07,0.00003631,0.00443989
2026-03-31 15:42:16,0.00003630,0.00442858
2026-03-31 15:48:27,0.00003627,0.00442192
2026-03-31 15:54:37,0.00003625,0.00442568
2026-03-31 16:00:46,0.00003620,0.00442097
2026-03-31 16:06:57,0.00003618,0.00441675
2026-03-31 16:13:07,0.00003616,0.00441718
2026-03-31 16:19:17,0.00003616,0.00443186
2026-03-31 16:25:27,0.00003619,0.00442150
2026-03-31 16:31:38,0.00003619,0.00441963
2026-03-31 16:37:48,0.00003616,0.00442527
2026-03-31 16:43:58,0.00003634,0.00444361
2026-03-31 16:50:08,0.00003638,0.00445056
2026-03-31 16:56:19,0.00003639,0.00443902
2026-03-31 17:02:29,0.00003642,0.00443973
2026-03-31 17:08:39,0.00003642,0.00443901
2026-03-31 17:14:49,0.00003651,0.00444961
2026-03-31 17:21:00,0.00003660,0.00445640
2026-03-31 17:27:10,0.00003666,0.00445509
2026-03-31 17:33:20,0.00003666,0.00445049
2026-03-31 17:39:30,0.00003666,0.00444107
2026-03-31 17:45:40,0.00003667,0.00443364
2026-03-31 17:51:50,0.00003667,0.00444412
2026-03-31 17:58:01,0.00003666,0.00444531
2026-03-31 18:04:10,0.00003676,0.00444363
2026-03-31 18:10:21,0.00003682,0.00445096
2026-03-31 18:16:30,0.00003690,0.00445329
2026-03-31 18:22:40,0.00003688,0.00445648
2026-03-31 18:28:50,0.00003689,0.00445028
2026-03-31 18:35:00,0.00003687,0.00445598
2026-03-31 18:41:11,0.00003682,0.00445881
2026-03-31 18:47:21,0.00003683,0.00445702
2026-03-31 18:53:32,0.00003677,0.00447016
2026-03-31 18:59:42,0.00003677,0.00446403
2026-03-31 19:05:53,0.00003680,0.00446465
2026-03-31 19:12:03,0.00003687,0.00446655
2026-03-31 19:18:14,0.00003685,0.00447259
2026-03-31 19:24:25,0.00003680,0.00446623
2026-03-31 19:30:35,0.00003676,0.00446501
2026-03-31 19:36:45,0.00003677,0.00446390
2026-03-31 19:42:56,0.00003672,0.00445713
2026-03-31 19:49:06,0.00003673,0.00445683
2026-03-31 19:55:17,0.00003673,0.00445049
2026-03-31 20:01:27,0.00003671,0.00446289
2026-03-31 20:07:37,0.00003672,0.00445759
2026-03-31 20:13:48,0.00003675,0.00446390
2026-03-31 20:19:58,0.00003677,0.00446419
2026-03-31 20:26:08,0.00003674,0.00447090
2026-03-31 20:32:18,0.00003671,0.00445891
2026-03-31 20:38:29,0.00003669,0.00446262
2026-03-31 20:44:40,0.00003668,0.00446282
2026-03-31 20:50:49,0.00003667,0.00446986
2026-03-31 20:57:00,0.00003666,0.00446669
2026-03-31 21:03:10,0.00003662,0.00446600
2026-03-31 21:09:21,0.00003659,0.00445446
2026-03-31 21:15:31,0.00003655,0.00445622
2026-03-31 21:21:42,0.00003654,0.00445041
2026-03-31 21:27:52,0.00003659,0.00445645
2026-03-31 21:34:02,0.00003660,0.00445679
2026-03-31 21:40:13,0.00003660,0.00446956
2026-03-31 21:46:24,0.00003658,0.00447012
2026-03-31 21:52:34,0.00003656,0.00447049
2026-03-31 21:58:44,0.00003660,0.00447797
2026-03-31 22:04:54,0.00003655,0.00446180
2026-03-31 22:11:04,0.00003656,0.00445905
2026-03-31 22:17:14,0.00003657,0.00447042
2026-03-31 22:23:24,0.00003662,0.00447070
2026-03-31 22:29:34,0.00003662,0.00447172
2026-03-31 22:35:45,0.00003658,0.00445950
2026-03-31 22:41:55,0.00003663,0.00446284
2026-03-31 22:48:04,0.00003664,0.00446405
2026-03-31 22:54:14,0.00003665,0.00446371
2026-03-31 23:00:24,0.00003664,0.00445776
2026-03-31 23:06:36,0.00003665,0.00445664
2026-03-31 23:12:46,0.00003669,0.00445037
2026-03-31 23:18:56,0.00003678,0.00445663
2026-03-31 23:25:06,0.00003681,0.00445763
2026-03-31 23:31:16,0.00003684,0.00445784
2026-03-31 23:37:25,0.00003686,0.00445782
2026-03-31 23:43:35,0.00003689,0.00446350
2026-03-31 23:49:45,0.00003691,0.00446374
2026-03-31 23:55:55,0.00003692,0.00446331
2026-04-01 00:02:05,0.00003691,0.00446372
2026-04-01 00:08:16,0.00003687,0.00446561
2026-04-01 00:14:25,0.00003685,0.00446252
2026-04-01 00:20:36,0.00003687,0.00446219
2026-04-01 00:26:46,0.00003685,0.00446610
2026-04-01 00:32:56,0.00003683,0.00446589
2026-04-01 00:39:05,0.00003677,0.00444455
2026-04-01 00:45:15,0.00003674,0.00444590
2026-04-01 00:51:25,0.00003675,0.00444324
2026-04-01 00:57:35,0.00003678,0.00444477
2026-04-01 01:03:44,0.00003677,0.00445299
2026-04-01 01:09:54,0.00003674,0.00444818
2026-04-01 01:16:04,0.00003673,0.00445958
2026-04-01 01:22:13,0.00003671,0.00446127
2026-04-01 01:28:23,0.00003670,0.00446686
2026-04-01 01:34:33,0.00003661,0.00446222
2026-04-01 01:40:42,0.00003654,0.00445383
2026-04-01 01:46:52,0.00003654,0.00445213
2026-04-01 01:53:02,0.00003651,0.00445231
2026-04-01 01:59:13,0.00003649,0.00445201
2026-04-01 02:05:22,0.00003649,0.00444626
2026-04-01 02:11:32,0.00003643,0.00444609
2026-04-01 02:17:42,0.00003643,0.00445189
2026-04-01 02:23:52,0.00003637,0.00445174
2026-04-01 02:30:02,0.00003636,0.00445124
2026-04-01 02:36:12,0.00003634,0.00444141
2026-04-01 02:42:22,0.00003636,0.00443964
2026-04-01 02:48:32,0.00003640,0.00443952
2026-04-01 02:54:42,0.00003641,0.00444048
2026-04-01 03:00:51,0.00003643,0.00444006
2026-04-01 03:07:01,0.00003645,0.00443613
2026-04-01 03:13:10,0.00003653,0.00445927
2026-04-01 03:19:20,0.00003654,0.00444749
2026-04-01 03:25:30,0.00003652,0.00444660
2026-04-01 03:31:40,0.00003648,0.00445012
2026-04-01 03:37:50,0.00003648,0.00445022
2026-04-01 03:44:00,0.00003650,0.00444475
2026-04-01 03:50:09,0.00003654,0.00446444
2026-04-01 03:56:19,0.00003655,0.00446155
2026-04-01 04:02:29,0.00003657,0.00446238
2026-04-01 04:08:39,0.00003659,0.00446703
2026-04-01 04:14:49,0.00003659,0.00446283
2026-04-01 04:20:59,0.00003659,0.00446184
2026-04-01 04:27:09,0.00003662,0.00446934
2026-04-01 04:33:19,0.00003665,0.00446495
2026-04-01 04:39:29,0.00003666,0.00446457
2026-04-01 04:45:39,0.00003672,0.00446635
2026-04-01 04:51:50,0.00003676,0.00447713
2026-04-01 04:58:00,0.00003672,0.00447202
2026-04-01 05:04:10,0.00003669,0.00447005
2026-04-01 05:10:20,0.00003664,0.00446970
2026-04-01 05:16:30,0.00003668,0.00447414
2026-04-01 05:22:39,0.00003676,0.00447222
2026-04-01 05:28:49,0.00003683,0.00448520
2026-04-01 05:34:59,0.00003685,0.00448281
2026-04-01 05:41:09,0.00003682,0.00447686
2026-04-01 05:47:18,0.00003681,0.00447941
2026-04-01 05:53:31,0.00003682,0.00448011
2026-04-01 05:59:41,0.00003681,0.00448717
2026-04-01 06:05:50,0.00003678,0.00448773
2026-04-01 06:12:00,0.00003686,0.00450475
2026-04-01 06:18:10,0.00003692,0.00450805
2026-04-01 06:24:20,0.00003695,0.00450855
2026-04-01 06:30:30,0.00003695,0.00451444
2026-04-01 06:36:40,0.00003706,0.00451581
2026-04-01 06:42:50,0.00003703,0.00452549
2026-04-01 06:49:00,0.00003701,0.00452032
2026-04-01 06:55:10,0.00003697,0.00451414
2026-04-01 07:01:20,0.00003701,0.00452485
2026-04-01 07:07:30,0.00003699,0.00452636
2026-04-01 07:13:40,0.00003698,0.00453446
2026-04-01 07:19:50,0.00003701,0.00452706
2026-04-01 07:26:00,0.00003698,0.00452665
2026-04-01 07:32:10,0.00003698,0.00452555
2026-04-01 07:38:20,0.00003701,0.00452244
2026-04-01 07:44:30,0.00003702,0.00452158
2026-04-01 07:50:39,0.00003707,0.00451598
2026-04-01 07:56:49,0.00003715,0.00451983
2026-04-01 08:03:00,0.00003722,0.00451380
2026-04-01 08:09:09,0.00003719,0.00450809
2026-04-01 08:15:20,0.00003713,0.00451644
2026-04-01 08:21:30,0.00003709,0.00451202
2026-04-01 08:27:40,0.00003710,0.00451162
2026-04-01 08:33:50,0.00003711,0.00451831
2026-04-01 08:40:00,0.00003707,0.00450553
2026-04-01 08:46:10,0.00003704,0.00450581
2026-04-01 08:52:20,0.00003702,0.00450777
2026-04-01 08:58:29,0.00003695,0.00450049
2026-04-01 09:04:39,0.00003693,0.00449578
2026-04-01 09:10:49,0.00003690,0.00448318
2026-04-01 09:17:00,0.00003685,0.00448411
2026-04-01 09:23:10,0.00003687,0.00447866
2026-04-01 09:29:21,0.00003690,0.00447287
2026-04-01 09:35:31,0.00003694,0.00447913
2026-04-01 09:41:41,0.00003690,0.00448192
2026-04-01 09:47:51,0.00003689,0.00447585
2026-04-01 09:54:02,0.00003693,0.00448096
2026-04-01 10:00:12,0.00003695,0.00448174
2026-04-01 10:06:22,0.00003692,0.00449447
2026-04-01 10:12:32,0.00003692,0.00449603
2026-04-01 10:18:42,0.00003693,0.00449291
2026-04-01 10:24:52,0.00003697,0.00449794
2026-04-01 10:31:02,0.00003695,0.00449261
2026-04-01 10:37:12,0.00003695,0.00448675
2026-04-01 10:43:22,0.00003697,0.00449232
2026-04-01 10:49:33,0.00003697,0.00448942
2026-04-01 10:55:42,0.00003693,0.00449223
2026-04-01 11:01:52,0.00003693,0.00449051
2026-04-01 11:08:02,0.00003690,0.00448216
2026-04-01 11:14:13,0.00003690,0.00448312
2026-04-01 11:20:23,0.00003691,0.00448399
2026-04-01 11:26:33,0.00003686,0.00448864
2026-04-01 11:32:43,0.00003679,0.00448556
2026-04-01 11:38:54,0.00003676,0.00448578
2026-04-01 11:45:04,0.00003674,0.00448996
2026-04-01 11:51:14,0.00003676,0.00448902
2026-04-01 11:57:25,0.00003681,0.00449121
2026-04-01 12:03:35,0.00003684,0.00448674
2026-04-01 12:09:45,0.00003684,0.00449278
2026-04-01 12:15:55,0.00003683,0.00449203
2026-04-01 12:22:05,0.00003684,0.00448696
2026-04-01 12:28:15,0.00003689,0.00448634
2026-04-01 12:34:25,0.00003692,0.00448640
2026-04-01 12:40:35,0.00003682,0.00448953
2026-04-01 12:46:46,0.00003690,0.00448876
2026-04-01 12:52:56,0.00003691,0.00449784
2026-04-01 12:59:07,0.00003689,0.00449928
2026-04-01 13:05:18,0.00003683,0.00448634
2026-04-01 13:11:29,0.00003680,0.00448462
2026-04-01 13:17:39,0.00003685,0.00448443
2026-04-01 13:23:50,0.00003688,0.00449375
2026-04-01 13:30:00,0.00003687,0.00449502
2026-04-01 13:36:10,0.00003681,0.00449500
2026-04-01 13:42:21,0.00003674,0.00448226
2026-04-01 13:48:31,0.00003664,0.00447116
2026-04-01 13:54:41,0.00003667,0.00446752
2026-04-01 14:00:52,0.00003672,0.00448015
2026-04-01 14:07:03,0.00003673,0.00448496
2026-04-01 14:13:13,0.00003673,0.00448626
2026-04-01 14:19:24,0.00003677,0.00448113
2026-04-01 14:25:35,0.00003679,0.00449093
2026-04-01 14:31:45,0.00003679,0.00448580
2026-04-01 14:37:55,0.00003675,0.00447954
2026-04-01 14:44:07,0.00003681,0.00447681
2026-04-01 14:50:18,0.00003684,0.00447746
2026-04-01 14:56:28,0.00003683,0.00448811
2026-04-01 15:02:39,0.00003684,0.00448947
2026-04-01 15:08:50,0.00003687,0.00449832
2026-04-01 15:15:01,0.00003683,0.00449375
2026-04-01 15:21:12,0.00003685,0.00449820
2026-04-01 15:27:22,0.00003688,0.00449992
2026-04-01 15:33:32,0.00003687,0.00449764
2026-04-01 15:39:42,0.00003686,0.00450227
2026-04-01 15:45:52,0.00003684,0.00450028
2026-04-01 15:52:03,0.00003685,0.00450118
2026-04-01 15:58:14,0.00003685,0.00449731
2026-04-01 16:04:25,0.00003686,0.00450334
2026-04-01 16:10:35,0.00003685,0.00450309
2026-04-01 16:16:46,0.00003684,0.00450463
2026-04-01 16:22:56,0.00003693,0.00451488
2026-04-01 16:29:06,0.00003697,0.00452164
2026-04-01 16:35:16,0.00003703,0.00451488
2026-04-01 16:41:26,0.00003703,0.00450960
2026-04-01 16:47:36,0.00003704,0.00450380
2026-04-01 16:53:47,0.00003700,0.00450805
2026-04-01 16:59:57,0.00003698,0.00450779
2026-04-01 17:06:08,0.00003705,0.00450954
2026-04-01 17:12:18,0.00003704,0.00451304
2026-04-01 17:18:29,0.00003704,0.00450703
2026-04-01 17:24:39,0.00003701,0.00449998
2026-04-01 17:30:49,0.00003697,0.00450124
2026-04-01 17:36:59,0.00003696,0.00449957
2026-04-01 17:43:09,0.00003698,0.00450002
2026-04-01 17:49:19,0.00003699,0.00449893
2026-04-01 17:55:29,0.00003695,0.00449878
2026-04-01 18:01:39,0.00003691,0.00449906
2026-04-01 18:07:49,0.00003685,0.00448051
2026-04-01 18:13:59,0.00003687,0.00448536
2026-04-01 18:20:10,0.00003689,0.00448138
2026-04-01 18:26:20,0.00003689,0.00447636
2026-04-01 18:32:30,0.00003688,0.00447999
2026-04-01 18:38:42,0.00003688,0.00447466
2026-04-01 18:44:52,0.00003689,0.00448582
2026-04-01 18:51:02,0.00003688,0.00447047
2026-04-01 18:57:12,0.00003684,0.00445910
2026-04-01 19:03:22,0.00003681,0.00446752
2026-04-01 19:09:33,0.00003684,0.00447050
2026-04-01 19:15:42,0.00003685,0.00447112
2026-04-01 19:21:52,0.00003686,0.00446958
2026-04-01 19:28:03,0.00003688,0.00447303
2026-04-01 19:34:13,0.00003693,0.00448598
2026-04-01 19:40:23,0.00003699,0.00447655
2026-04-01 19:46:34,0.00003700,0.00447648
2026-04-01 19:52:44,0.00003698,0.00448693
2026-04-01 19:58:54,0.00003697,0.00448297
2026-04-01 20:05:04,0.00003690,0.00448246
2026-04-01 20:11:16,0.00003686,0.00448204
2026-04-01 20:17:26,0.00003683,0.00448173
2026-04-01 20:23:36,0.00003681,0.00448650
2026-04-01 20:29:46,0.00003684,0.00448790
2026-04-01 20:35:57,0.00003685,0.00448773
2026-04-01 20:42:09,0.00003685,0.00448007
2026-04-01 20:48:19,0.00003685,0.00447537
2026-04-01 20:54:29,0.00003690,0.00448277
2026-04-01 21:00:38,0.00003691,0.00447813
2026-04-01 21:06:48,0.00003688,0.00448752
2026-04-01 21:12:58,0.00003695,0.00449429
2026-04-01 21:19:09,0.00003695,0.00448681
2026-04-01 21:25:19,0.00003695,0.00449055
2026-04-01 21:31:30,0.00003703,0.00449878
2026-04-01 21:37:40,0.00003707,0.00449561
2026-04-01 21:43:50,0.00003709,0.00449504
2026-04-01 21:50:00,0.00003708,0.00450738
2026-04-01 21:56:11,0.00003703,0.00450995
2026-04-01 22:02:20,0.00003704,0.00449080
2026-04-01 22:08:30,0.00003693,0.00448959
2026-04-01 22:14:40,0.00003689,0.00448180
2026-04-01 22:20:50,0.00003682,0.00448181
2026-04-01 22:26:59,0.00003683,0.00447304
2026-04-01 22:33:09,0.00003685,0.00447950
2026-04-01 22:39:19,0.00003684,0.00448018
2026-04-01 22:45:29,0.00003691,0.00447155
2026-04-01 22:51:39,0.00003696,0.00448435
2026-04-01 22:57:49,0.00003700,0.00448343
2026-04-01 23:03:58,0.00003702,0.00448554
2026-04-01 23:10:08,0.00003702,0.00448670
2026-04-01 23:16:18,0.00003703,0.00448438
2026-04-01 23:22:28,0.00003702,0.00448322
2026-04-01 23:28:38,0.00003704,0.00448143
2026-04-01 23:34:48,0.00003703,0.00447529
2026-04-01 23:40:58,0.00003702,0.00446960
2026-04-01 23:47:08,0.00003700,0.00446981
2026-04-01 23:53:17,0.00003701,0.00446835
2026-04-01 23:59:27,0.00003700,0.00447861
2026-04-02 00:05:37,0.00003699,0.00448578
2026-04-02 00:11:47,0.00003701,0.00448025
2026-04-02 00:17:57,0.00003706,0.00447546
2026-04-02 00:24:06,0.00003713,0.00448270
2026-04-02 00:30:16,0.00003711,0.00448835
2026-04-02 00:36:26,0.00003714,0.00448450
2026-04-02 00:42:36,0.00003719,0.00450404
2026-04-02 00:48:45,0.00003718,0.00450509
2026-04-02 00:54:55,0.00003721,0.00449760
2026-04-02 01:01:05,0.00003713,0.00449484
2026-04-02 01:07:15,0.00003696,0.00448120
2026-04-02 01:13:25,0.00003700,0.00448190
2026-04-02 01:19:34,0.00003686,0.00445540
2026-04-02 01:25:44,0.00003671,0.00444456
2026-04-02 01:31:54,0.00003660,0.00443681
2026-04-02 01:38:04,0.00003655,0.00443702
2026-04-02 01:44:15,0.00003650,0.00443095
2026-04-02 01:50:25,0.00003654,0.00443685
2026-04-02 01:56:34,0.00003661,0.00443572
2026-04-02 02:02:44,0.00003663,0.00444658
2026-04-02 02:08:54,0.00003659,0.00444228
2026-04-02 02:15:04,0.00003651,0.00442845
2026-04-02 02:21:14,0.00003639,0.00442446
2026-04-02 02:27:24,0.00003632,0.00441673
2026-04-02 02:33:33,0.00003636,0.00442274
2026-04-02 02:39:43,0.00003638,0.00442370
2026-04-02 02:45:53,0.00003637,0.00442672
2026-04-02 02:52:03,0.00003633,0.00443218
2026-04-02 02:58:13,0.00003639,0.00444391
2026-04-02 03:04:23,0.00003638,0.00443655
2026-04-02 03:10:32,0.00003633,0.00443445
2026-04-02 03:16:42,0.00003625,0.00442338
2026-04-02 03:22:52,0.00003619,0.00442618
2026-04-02 03:29:02,0.00003624,0.00443575
2026-04-02 03:35:12,0.00003626,0.00442451
2026-04-02 03:41:22,0.00003624,0.00442374
2026-04-02 03:47:31,0.00003606,0.00439990
2026-04-02 03:53:41,0.00003609,0.00439708
2026-04-02 03:59:51,0.00003612,0.00439880
2026-04-02 04:06:01,0.00003617,0.00439709
2026-04-02 04:12:11,0.00003617,0.00439410
2026-04-02 04:18:21,0.00003616,0.00439055
2026-04-02 04:24:31,0.00003614,0.00438940
2026-04-02 04:30:40,0.00003615,0.00439968
2026-04-02 04:36:50,0.00003620,0.00440490
2026-04-02 04:43:00,0.00003613,0.00438991
2026-04-02 04:49:10,0.00003611,0.00437332
2026-04-02 04:55:19,0.00003611,0.00437005
2026-04-02 05:01:29,0.00003611,0.00437055
2026-04-02 05:07:42,0.00003608,0.00436234
2026-04-02 05:13:52,0.00003599,0.00436252
2026-04-02 05:20:02,0.00003603,0.00436885
2026-04-02 05:26:12,0.00003604,0.00436137
2026-04-02 05:32:22,0.00003603,0.00436030
2026-04-02 05:38:31,0.00003605,0.00436513
2026-04-02 05:44:41,0.00003613,0.00437009
2026-04-02 05:50:51,0.00003610,0.00437475
2026-04-02 05:57:01,0.00003613,0.00437533
2026-04-02 06:03:10,0.00003612,0.00438052
2026-04-02 06:09:20,0.00003615,0.00438098
2026-04-02 06:15:30,0.00003614,0.00438372
2026-04-02 06:21:40,0.00003614,0.00439810
2026-04-02 06:27:49,0.00003611,0.00440414
2026-04-02 06:33:59,0.00003606,0.00439791
2026-04-02 06:40:09,0.00003603,0.00439152
2026-04-02 06:46:19,0.00003604,0.00438906
2026-04-02 06:52:29,0.00003604,0.00438695
2026-04-02 06:58:39,0.00003603,0.00438869
2026-04-02 07:04:49,0.00003607,0.00439574
2026-04-02 07:10:59,0.00003606,0.00440053
2026-04-02 07:17:09,0.00003605,0.00439508
2026-04-02 07:23:19,0.00003600,0.00439465
2026-04-02 07:29:28,0.00003599,0.00439412
2026-04-02 07:35:38,0.00003599,0.00439155
2026-04-02 07:41:49,0.00003599,0.00439054
2026-04-02 07:47:59,0.00003600,0.00439189
2026-04-02 07:54:09,0.00003602,0.00439676
2026-04-02 08:00:19,0.00003600,0.00440287
2026-04-02 08:06:29,0.00003602,0.00439998
2026-04-02 08:12:39,0.00003600,0.00439557
2026-04-02 08:18:49,0.00003597,0.00439590
2026-04-02 08:24:59,0.00003597,0.00438841
2026-04-02 08:31:09,0.00003597,0.00439663
2026-04-02 08:37:19,0.00003586,0.00439125
2026-04-02 08:43:29,0.00003583,0.00439069
2026-04-02 08:49:38,0.00003587,0.00439596
2026-04-02 08:55:48,0.00003585,0.00439696
2026-04-02 09:01:59,0.00003590,0.00440787
2026-04-02 09:08:09,0.00003588,0.00440305
2026-04-02 09:14:19,0.00003584,0.00440950
2026-04-02 09:20:30,0.00003579,0.00440239
2026-04-02 09:26:39,0.00003583,0.00440109
2026-04-02 09:32:49,0.00003580,0.00440699
2026-04-02 09:38:59,0.00003583,0.00440340
2026-04-02 09:45:09,0.00003583,0.00440188
2026-04-02 09:51:19,0.00003580,0.00439367
2026-04-02 09:57:29,0.00003574,0.00440575
2026-04-02 10:03:39,0.00003572,0.00440616
2026-04-02 10:09:49,0.00003570,0.00439745
2026-04-02 10:15:58,0.00003561,0.00439647
2026-04-02 10:22:08,0.00003554,0.00440220
2026-04-02 10:28:18,0.00003556,0.00439668
2026-04-02 10:34:28,0.00003562,0.00439397
2026-04-02 10:40:38,0.00003554,0.00440332
2026-04-02 10:46:48,0.00003552,0.00439866
2026-04-02 10:52:57,0.00003551,0.00439837
2026-04-02 10:59:08,0.00003552,0.00439202
2026-04-02 11:05:18,0.00003554,0.00439629
2026-04-02 11:11:27,0.00003552,0.00439672
2026-04-02 11:17:37,0.00003550,0.00438842
2026-04-02 11:23:47,0.00003554,0.00438939
2026-04-02 11:29:59,0.00003560,0.00439259
2026-04-02 11:36:09,0.00003560,0.00439211
2026-04-02 11:42:19,0.00003554,0.00438717
2026-04-02 11:48:29,0.00003557,0.00438774
2026-04-02 11:54:38,0.00003560,0.00438334
2026-04-02 12:00:48,0.00003562,0.00438308
2026-04-02 12:06:59,0.00003564,0.00438868
2026-04-02 12:13:09,0.00003558,0.00438662
2026-04-02 12:19:18,0.00003553,0.00438048
2026-04-02 12:25:28,0.00003558,0.00439184
2026-04-02 12:31:38,0.00003562,0.00439125
2026-04-02 12:37:49,0.00003557,0.00438844
2026-04-02 12:43:59,0.00003558,0.00437999
2026-04-02 12:50:09,0.00003554,0.00438589
2026-04-02 12:56:19,0.00003550,0.00438279
2026-04-02 13:02:29,0.00003544,0.00438648
2026-04-02 13:08:39,0.00003548,0.00437260
2026-04-02 13:14:49,0.00003540,0.00431874
2026-04-02 13:20:59,0.00003540,0.00431410
2026-04-02 13:27:09,0.00003542,0.00431386
2026-04-02 13:33:20,0.00003544,0.00431465
2026-04-02 13:39:30,0.00003539,0.00430954
2026-04-02 13:45:40,0.00003540,0.00430764
2026-04-02 13:51:50,0.00003545,0.00430813
2026-04-02 13:58:00,0.00003549,0.00430982
2026-04-02 14:04:10,0.00003547,0.00430183
2026-04-02 14:10:21,0.00003557,0.00429866
2026-04-02 14:16:31,0.00003564,0.00430464
2026-04-02 14:22:41,0.00003563,0.00429548
2026-04-02 14:28:51,0.00003564,0.00429971
2026-04-02 14:35:02,0.00003578,0.00429866
2026-04-02 14:41:13,0.00003592,0.00431674
2026-04-02 14:47:23,0.00003597,0.00432786
2026-04-02 14:53:33,0.00003600,0.00432835
2026-04-02 14:59:44,0.00003600,0.00432727
2026-04-02 15:05:53,0.00003595,0.00432981
2026-04-02 15:12:04,0.00003597,0.00432967
2026-04-02 15:18:14,0.00003596,0.00432368
2026-04-02 15:24:24,0.00003589,0.00432187
2026-04-02 15:30:34,0.00003589,0.00432466
2026-04-02 15:36:44,0.00003595,0.00433059
2026-04-02 15:42:54,0.00003591,0.00434342
2026-04-02 15:49:05,0.00003594,0.00433523
2026-04-02 15:55:15,0.00003594,0.00433475
2026-04-02 16:01:26,0.00003593,0.00432950
2026-04-02 16:07:36,0.00003592,0.00433056
2026-04-02 16:13:46,0.00003590,0.00432935
2026-04-02 16:19:56,0.00003588,0.00433194
2026-04-02 16:26:07,0.00003587,0.00433928
2026-04-02 16:32:18,0.00003591,0.00434197
2026-04-02 16:38:28,0.00003595,0.00435056
2026-04-02 16:44:38,0.00003601,0.00435088
2026-04-02 16:50:50,0.00003598,0.00435136
2026-04-02 16:57:00,0.00003594,0.00435130
2026-04-02 17:03:10,0.00003591,0.00435057
2026-04-02 17:09:20,0.00003596,0.00434802
2026-04-02 17:15:32,0.00003606,0.00435496
2026-04-02 17:21:42,0.00003609,0.00434062
2026-04-02 17:27:52,0.00003615,0.00434484
2026-04-02 17:34:02,0.00003612,0.00433353
2026-04-02 17:40:13,0.00003607,0.00433620
2026-04-02 17:46:23,0.00003602,0.00432921
2026-04-02 17:52:34,0.00003594,0.00431950
2026-04-02 17:58:44,0.00003589,0.00431316
2026-04-02 18:04:54,0.00003588,0.00431166
2026-04-02 18:11:05,0.00003586,0.00429689
2026-04-02 18:17:14,0.00003585,0.00429338
2026-04-02 18:23:25,0.00003585,0.00430194
2026-04-02 18:29:36,0.00003581,0.00428752
2026-04-02 18:35:46,0.00003580,0.00428642
2026-04-02 18:41:56,0.00003580,0.00429639
2026-04-02 18:48:06,0.00003578,0.00429741
2026-04-02 18:54:16,0.00003580,0.00431132
2026-04-02 19:00:25,0.00003579,0.00431424
2026-04-02 19:06:35,0.00003578,0.00430727
2026-04-02 19:12:45,0.00003580,0.00429986
2026-04-02 19:18:56,0.00003581,0.00429661
2026-04-02 19:25:06,0.00003584,0.00428855
2026-04-02 19:31:17,0.00003580,0.00429064
2026-04-02 19:37:27,0.00003576,0.00426669
2026-04-02 19:43:37,0.00003573,0.00425911
2026-04-02 19:49:46,0.00003571,0.00426305
2026-04-02 19:55:56,0.00003574,0.00426591
2026-04-02 20:02:06,0.00003574,0.00427405
2026-04-02 20:08:16,0.00003574,0.00427702
2026-04-02 20:14:26,0.00003577,0.00427832
2026-04-02 20:20:35,0.00003581,0.00426943
2026-04-02 20:26:46,0.00003581,0.00426814
2026-04-02 20:32:56,0.00003585,0.00426853
2026-04-02 20:39:06,0.00003589,0.00427714
2026-04-02 20:45:16,0.00003590,0.00427472
2026-04-02 20:51:25,0.00003596,0.00427943
2026-04-02 20:57:36,0.00003600,0.00428117
2026-04-02 21:03:46,0.00003602,0.00428078
2026-04-02 21:09:55,0.00003604,0.00427159
2026-04-02 21:16:06,0.00003600,0.00427135
2026-04-02 21:22:15,0.00003604,0.00427275
2026-04-02 21:28:26,0.00003608,0.00427904
2026-04-02 21:34:35,0.00003612,0.00429070
2026-04-02 21:40:45,0.00003619,0.00430304
2026-04-02 21:46:55,0.00003618,0.00428252
2026-04-02 21:53:05,0.00003615,0.00427971
2026-04-02 21:59:15,0.00003618,0.00428558
2026-04-02 22:05:25,0.00003620,0.00430382
2026-04-02 22:11:35,0.00003621,0.00431624
2026-04-02 22:17:46,0.00003634,0.00431817
2026-04-02 22:23:56,0.00003634,0.00433098
2026-04-02 22:30:06,0.00003630,0.00432715
2026-04-02 22:36:16,0.00003632,0.00432214
2026-04-02 22:42:26,0.00003625,0.00432140
2026-04-02 22:48:36,0.00003614,0.00432112
2026-04-02 22:54:45,0.00003612,0.00432091
2026-04-02 23:00:55,0.00003611,0.00431574
2026-04-02 23:07:05,0.00003615,0.00432621
2026-04-02 23:13:15,0.00003615,0.00432807
2026-04-02 23:19:25,0.00003620,0.00432676
2026-04-02 23:25:35,0.00003626,0.00433653
2026-04-02 23:31:44,0.00003627,0.00433184
2026-04-02 23:37:54,0.00003631,0.00433446
2026-04-02 23:44:04,0.00003634,0.00433616
2026-04-02 23:50:14,0.00003636,0.00433690
2026-04-02 23:56:24,0.00003643,0.00433781
2026-04-03 00:02:34,0.00003644,0.00433613
2026-04-03 00:08:44,0.00003629,0.00433191
2026-04-03 00:14:53,0.00003623,0.00432161
2026-04-03 00:21:03,0.00003620,0.00432072
2026-04-03 00:27:13,0.00003615,0.00431496
2026-04-03 00:33:22,0.00003616,0.00431977
2026-04-03 00:39:32,0.00003615,0.00431486
2026-04-03 00:45:42,0.00003617,0.00431258
2026-04-03 00:51:52,0.00003615,0.00431191
2026-04-03 00:58:02,0.00003615,0.00431228
2026-04-03 01:04:11,0.00003617,0.00431758
2026-04-03 01:10:21,0.00003618,0.00431110
2026-04-03 01:16:31,0.00003617,0.00431024
2026-04-03 01:22:41,0.00003620,0.00431266
2026-04-03 01:28:51,0.00003629,0.00431770
2026-04-03 01:35:01,0.00003628,0.00432527
2026-04-03 01:41:10,0.00003617,0.00431306
2026-04-03 01:47:20,0.00003614,0.00431173
2026-04-03 01:53:30,0.00003616,0.00431516
2026-04-03 01:59:40,0.00003617,0.00431115
2026-04-03 02:05:59,0.00003608,0.00430387
2026-04-03 02:12:08,0.00003603,0.00429207
2026-04-03 02:18:18,0.00003615,0.00430112
2026-04-03 02:24:28,0.00003620,0.00429981
2026-04-03 02:30:38,0.00003618,0.00429301
2026-04-03 02:36:47,0.00003614,0.00428874
2026-04-03 02:42:57,0.00003612,0.00428092
2026-04-03 02:49:07,0.00003612,0.00427851
2026-04-03 02:55:17,0.00003615,0.00428412
2026-04-03 03:01:26,0.00003618,0.00429146
2026-04-03 03:07:36,0.00003618,0.00428860
2026-04-03 03:13:46,0.00003622,0.00428851
2026-04-03 03:19:55,0.00003624,0.00428856
2026-04-03 03:26:06,0.00003629,0.00429309
2026-04-03 03:32:16,0.00003623,0.00428796
2026-04-03 03:38:25,0.00003624,0.00427226
2026-04-03 03:44:35,0.00003624,0.00427662
2026-04-03 03:50:45,0.00003626,0.00427792
2026-04-03 03:56:55,0.00003623,0.00428658
2026-04-03 04:03:05,0.00003621,0.00428736
2026-04-03 04:09:15,0.00003619,0.00428626
2026-04-03 04:15:24,0.00003620,0.00428548
2026-04-03 04:21:35,0.00003622,0.00428676
2026-04-03 04:27:44,0.00003621,0.00428796
2026-04-03 04:33:54,0.00003625,0.00428771
2026-04-03 04:40:04,0.00003625,0.00428765
2026-04-03 04:46:13,0.00003628,0.00428240
2026-04-03 04:52:23,0.00003628,0.00429181
2026-04-03 04:58:33,0.00003630,0.00429353
2026-04-03 05:04:43,0.00003632,0.00429574
2026-04-03 05:10:52,0.00003633,0.00430435
2026-04-03 05:17:02,0.00003630,0.00430789
2026-04-03 05:23:12,0.00003632,0.00431495
2026-04-03 05:29:22,0.00003633,0.00431720
2026-04-03 05:35:32,0.00003642,0.00432716
2026-04-03 05:41:41,0.00003641,0.00432782
2026-04-03 05:47:51,0.00003640,0.00433607
2026-04-03 05:54:01,0.00003637,0.00433667
2026-04-03 06:00:11,0.00003636,0.00433116
2026-04-03 06:06:22,0.00003635,0.00432983
2026-04-03 06:12:31,0.00003630,0.00432654
2026-04-03 06:18:41,0.00003631,0.00433223
2026-04-03 06:24:51,0.00003633,0.00432995
2026-04-03 06:31:00,0.00003630,0.00432728
2026-04-03 06:37:10,0.00003631,0.00432661
2026-04-03 06:43:20,0.00003628,0.00432916
2026-04-03 06:49:30,0.00003626,0.00432970
2026-04-03 06:55:40,0.00003623,0.00433352
2026-04-03 07:01:49,0.00003622,0.00434148
2026-04-03 07:07:59,0.00003622,0.00433628
2026-04-03 07:14:09,0.00003625,0.00433579
2026-04-03 07:20:19,0.00003624,0.00433511
2026-04-03 07:26:29,0.00003620,0.00432624
2026-04-03 07:32:39,0.00003619,0.00434565
2026-04-03 07:38:49,0.00003620,0.00436269
2026-04-03 07:44:59,0.00003611,0.00437087
2026-04-03 07:51:09,0.00003607,0.00437752
2026-04-03 07:57:19,0.00003609,0.00439126
2026-04-03 08:03:28,0.00003610,0.00438686
2026-04-03 08:09:41,0.00003611,0.00438625
2026-04-03 08:15:51,0.00003611,0.00437969
2026-04-03 08:22:00,0.00003609,0.00438504
2026-04-03 08:28:11,0.00003607,0.00439658
2026-04-03 08:34:21,0.00003610,0.00440575
2026-04-03 08:40:31,0.00003608,0.00440142
2026-04-03 08:46:40,0.00003608,0.00441287
2026-04-03 08:52:50,0.00003610,0.00441715
2026-04-03 08:59:00,0.00003612,0.00441761
2026-04-03 09:05:10,0.00003616,0.00441651
2026-04-03 09:11:19,0.00003614,0.00441018
2026-04-03 09:17:29,0.00003613,0.00440999
2026-04-03 09:23:39,0.00003614,0.00438820
2026-04-03 09:29:49,0.00003615,0.00437381
2026-04-03 09:35:59,0.00003615,0.00437081
2026-04-03 09:42:08,0.00003614,0.00437704
2026-04-03 09:48:19,0.00003612,0.00437920
2026-04-03 09:54:28,0.00003611,0.00438308
2026-04-03 10:00:38,0.00003611,0.00438065
2026-04-03 10:06:48,0.00003609,0.00438005
2026-04-03 10:12:57,0.00003606,0.00437496
2026-04-03 10:19:07,0.00003601,0.00437233
2026-04-03 10:25:17,0.00003601,0.00436852
2026-04-03 10:31:27,0.00003595,0.00436890
2026-04-03 10:37:37,0.00003595,0.00436896
2026-04-03 10:43:47,0.00003599,0.00436887
2026-04-03 10:49:57,0.00003600,0.00437019
2026-04-03 10:56:07,0.00003603,0.00436951
2026-04-03 11:02:16,0.00003605,0.00437416
2026-04-03 11:08:26,0.00003607,0.00437596
2026-04-03 11:14:36,0.00003604,0.00437715
2026-04-03 11:20:46,0.00003603,0.00437487
2026-04-03 11:26:56,0.00003605,0.00438098
2026-04-03 11:33:06,0.00003604,0.00438531
2026-04-03 11:39:16,0.00003602,0.00438528
2026-04-03 11:45:26,0.00003591,0.00438462
2026-04-03 11:51:36,0.00003589,0.00438416
2026-04-03 11:57:45,0.00003589,0.00439177
2026-04-03 12:03:55,0.00003591,0.00439370
2026-04-03 12:10:05,0.00003589,0.00438296
2026-04-03 12:16:15,0.00003590,0.00437330
2026-04-03 12:22:25,0.00003590,0.00437963
2026-04-03 12:28:35,0.00003593,0.00437828
2026-04-03 12:34:45,0.00003596,0.00438591
2026-04-03 12:40:54,0.00003598,0.00438207
2026-04-03 12:47:04,0.00003596,0.00437048
2026-04-03 12:53:14,0.00003589,0.00435894
2026-04-03 12:59:24,0.00003589,0.00436616
2026-04-03 13:05:33,0.00003587,0.00436596
2026-04-03 13:11:43,0.00003584,0.00437442
2026-04-03 13:17:53,0.00003582,0.00436880
2026-04-03 13:24:03,0.00003583,0.00437402
2026-04-03 13:30:14,0.00003583,0.00437695
2026-04-03 13:36:24,0.00003581,0.00437850
2026-04-03 13:42:34,0.00003582,0.00437199
2026-04-03 13:48:44,0.00003584,0.00436929
2026-04-03 13:54:54,0.00003582,0.00438111
2026-04-03 14:01:03,0.00003581,0.00440407
2026-04-03 14:07:13,0.00003572,0.00440395
2026-04-03 14:13:23,0.00003573,0.00440984
2026-04-03 14:19:33,0.00003577,0.00441430
2026-04-03 14:25:43,0.00003578,0.00441614
2026-04-03 14:31:53,0.00003582,0.00441904
2026-04-03 14:38:04,0.00003577,0.00441752
2026-04-03 14:44:14,0.00003580,0.00441772
2026-04-03 14:50:24,0.00003581,0.00441755
2026-04-03 14:56:34,0.00003585,0.00443975
2026-04-03 15:02:44,0.00003586,0.00443792
2026-04-03 15:08:54,0.00003588,0.00444536
2026-04-03 15:15:04,0.00003590,0.00444053
2026-04-03 15:21:14,0.00003588,0.00443903
2026-04-03 15:27:24,0.00003586,0.00443644
2026-04-03 15:33:34,0.00003582,0.00442007
2026-04-03 15:39:43,0.00003585,0.00446148
2026-04-03 15:45:54,0.00003586,0.00447026
2026-04-03 15:52:04,0.00003587,0.00446160
2026-04-03 15:58:14,0.00003586,0.00445411
2026-04-03 16:04:24,0.00003581,0.00446905
2026-04-03 16:10:34,0.00003587,0.00446790
2026-04-03 16:16:44,0.00003590,0.00447526
2026-04-03 16:22:55,0.00003596,0.00447292
2026-04-03 16:29:05,0.00003600,0.00446001
2026-04-03 16:35:15,0.00003603,0.00442359
2026-04-03 16:41:25,0.00003606,0.00442798
2026-04-03 16:47:35,0.00003601,0.00442380
2026-04-03 16:53:45,0.00003600,0.00442445
2026-04-03 16:59:54,0.00003597,0.00442441
2026-04-03 17:06:04,0.00003602,0.00443033
2026-04-03 17:12:14,0.00003605,0.00444253
2026-04-03 17:18:24,0.00003607,0.00444512
2026-04-03 17:24:34,0.00003609,0.00444694
2026-04-03 17:30:44,0.00003608,0.00445558
2026-04-03 17:36:54,0.00003609,0.00445622
2026-04-03 17:43:04,0.00003609,0.00445197
2026-04-03 17:49:14,0.00003610,0.00444986
2026-04-03 17:55:24,0.00003611,0.00445609
2026-04-03 18:01:34,0.00003614,0.00445833
2026-04-03 18:07:44,0.00003613,0.00446306
2026-04-03 18:13:55,0.00003611,0.00446600
2026-04-03 18:20:05,0.00003612,0.00446517
2026-04-03 18:26:15,0.00003610,0.00446043
2026-04-03 18:32:25,0.00003606,0.00445940
2026-04-03 18:38:35,0.00003601,0.00446040
2026-04-03 18:44:45,0.00003600,0.00446110
2026-04-03 18:50:54,0.00003600,0.00445828
2026-04-03 18:57:04,0.00003601,0.00445677
2026-04-03 19:03:14,0.00003602,0.00444892
2026-04-03 19:09:24,0.00003598,0.00443517
2026-04-03 19:15:34,0.00003598,0.00442877
2026-04-03 19:21:44,0.00003601,0.00444310
2026-04-03 19:27:53,0.00003601,0.00445133
2026-04-03 19:34:03,0.00003599,0.00445737
2026-04-03 19:40:13,0.00003601,0.00446682
2026-04-03 19:46:23,0.00003599,0.00446457
2026-04-03 19:52:33,0.00003599,0.00447937
2026-04-03 19:58:42,0.00003601,0.00449443
2026-04-03 20:04:52,0.00003606,0.00452866
2026-04-03 20:11:02,0.00003641,0.00477954
2026-04-03 20:17:12,0.00003675,0.00490289
2026-04-03 20:23:22,0.00003743,0.00518294
2026-04-03 20:29:31,0.00003753,0.00519984
2026-04-03 20:35:41,0.00003735,0.00520764
2026-04-03 20:41:52,0.00003724,0.00516938
2026-04-03 20:48:01,0.00003700,0.00508829
2026-04-03 20:54:11,0.00003685,0.00494282
2026-04-03 21:00:21,0.00003703,0.00490030
2026-04-03 21:06:31,0.00003701,0.00480621
2026-04-03 21:12:41,0.00003681,0.00472851
2026-04-03 21:18:51,0.00003679,0.00472669
2026-04-03 21:25:02,0.00003673,0.00475792
2026-04-03 21:31:12,0.00003666,0.00473252
2026-04-03 21:37:22,0.00003675,0.00469119
2026-04-03 21:43:32,0.00003674,0.00463241
2026-04-03 21:49:43,0.00003669,0.00460921
2026-04-03 21:55:56,0.00003675,0.00462455
2026-04-03 22:02:06,0.00003682,0.00461434
2026-04-03 22:08:16,0.00003666,0.00458484
2026-04-03 22:14:26,0.00003662,0.00458991
2026-04-03 22:20:35,0.00003663,0.00458879
2026-04-03 22:26:45,0.00003667,0.00458115
2026-04-03 22:32:55,0.00003647,0.00457100
2026-04-03 22:39:05,0.00003648,0.00454134
2026-04-03 22:45:14,0.00003658,0.00454166
2026-04-03 22:51:24,0.00003658,0.00452998
2026-04-03 22:57:34,0.00003656,0.00453176
2026-04-03 23:03:43,0.00003658,0.00454233
2026-04-03 23:09:53,0.00003661,0.00454965
2026-04-03 23:16:03,0.00003671,0.00454403
2026-04-03 23:22:13,0.00003673,0.00454428
2026-04-03 23:28:23,0.00003672,0.00455936
2026-04-03 23:34:32,0.00003675,0.00456315
2026-04-03 23:40:42,0.00003676,0.00454148
2026-04-03 23:46:52,0.00003682,0.00451980
2026-04-03 23:53:01,0.00003681,0.00451362
2026-04-03 23:59:11,0.00003677,0.00450080
2026-04-04 00:05:20,0.00003675,0.00448756
2026-04-04 00:11:30,0.00003672,0.00448951
2026-04-04 00:17:40,0.00003672,0.00450433
2026-04-04 00:23:50,0.00003665,0.00448672
2026-04-04 00:29:59,0.00003660,0.00447470
2026-04-04 00:36:09,0.00003656,0.00448763
2026-04-04 00:42:19,0.00003652,0.00450946
2026-04-04 00:48:29,0.00003655,0.00450070
2026-04-04 00:54:39,0.00003656,0.00450334
2026-04-04 01:00:48,0.00003661,0.00451974
2026-04-04 01:06:58,0.00003668,0.00452697
2026-04-04 01:13:08,0.00003674,0.00453752
2026-04-04 01:19:17,0.00003670,0.00453726
2026-04-04 01:25:27,0.00003668,0.00454998
2026-04-04 01:31:37,0.00003671,0.00456000
2026-04-04 01:37:47,0.00003666,0.00455807
2026-04-04 01:43:57,0.00003674,0.00454343
2026-04-04 01:50:07,0.00003674,0.00455356
2026-04-04 01:56:17,0.00003668,0.00455463
2026-04-04 02:02:27,0.00003662,0.00457145
2026-04-04 02:08:37,0.00003660,0.00456294
2026-04-04 02:14:47,0.00003658,0.00456064
2026-04-04 02:20:56,0.00003654,0.00456217
2026-04-04 02:27:07,0.00003654,0.00455241
2026-04-04 02:33:16,0.00003654,0.00455703
2026-04-04 02:39:26,0.00003652,0.00455221
2026-04-04 02:45:37,0.00003647,0.00455027
2026-04-04 02:51:47,0.00003642,0.00454639
2026-04-04 02:57:57,0.00003647,0.00454785
2026-04-04 03:04:07,0.00003651,0.00454896
2026-04-04 03:10:17,0.00003655,0.00455995
2026-04-04 03:16:27,0.00003655,0.00455118
2026-04-04 03:22:36,0.00003656,0.00454398
2026-04-04 03:28:46,0.00003660,0.00454570
2026-04-04 03:34:56,0.00003669,0.00454975
2026-04-04 03:41:06,0.00003663,0.00456486
2026-04-04 03:47:17,0.00003662,0.00456859
2026-04-04 03:53:26,0.00003664,0.00455229
2026-04-04 03:59:36,0.00003661,0.00455635
2026-04-04 04:05:46,0.00003659,0.00455043
2026-04-04 04:11:56,0.00003663,0.00455058
2026-04-04 04:18:05,0.00003667,0.00456929
2026-04-04 04:24:15,0.00003661,0.00456509
2026-04-04 04:30:25,0.00003659,0.00456803
2026-04-04 04:36:34,0.00003657,0.00456174
2026-04-04 04:42:45,0.00003651,0.00455633
2026-04-04 04:48:54,0.00003648,0.00455282
2026-04-04 04:55:04,0.00003649,0.00452590
2026-04-04 05:01:14,0.00003648,0.00449540
2026-04-04 05:07:24,0.00003642,0.00446559
2026-04-04 05:13:34,0.00003639,0.00446209
2026-04-04 05:19:44,0.00003638,0.00444674
2026-04-04 05:25:54,0.00003633,0.00445585
2026-04-04 05:32:05,0.00003629,0.00444289
2026-04-04 05:38:14,0.00003630,0.00445409
2026-04-04 05:44:25,0.00003624,0.00444784
2026-04-04 05:50:34,0.00003629,0.00446448
2026-04-04 05:56:44,0.00003635,0.00446259
2026-04-04 06:02:53,0.00003637,0.00445843
2026-04-04 06:09:04,0.00003637,0.00441968
2026-04-04 06:15:13,0.00003638,0.00438419
2026-04-04 06:21:24,0.00003636,0.00437411
2026-04-04 06:27:33,0.00003627,0.00432911
2026-04-04 06:33:44,0.00003631,0.00433134
2026-04-04 06:39:54,0.00003646,0.00437370
2026-04-04 06:46:04,0.00003647,0.00439040
2026-04-04 06:52:14,0.00003651,0.00439394
2026-04-04 06:58:23,0.00003653,0.00439235
2026-04-04 07:04:33,0.00003656,0.00438957
2026-04-04 07:10:42,0.00003649,0.00438433
2026-04-04 07:16:52,0.00003650,0.00438518
2026-04-04 07:23:01,0.00003646,0.00437620
2026-04-04 07:29:11,0.00003643,0.00440835
2026-04-04 07:35:21,0.00003646,0.00442082
2026-04-04 07:41:30,0.00003640,0.00441658
2026-04-04 07:47:40,0.00003638,0.00438423
2026-04-04 07:53:50,0.00003637,0.00436449
2026-04-04 08:00:00,0.00003637,0.00437520
2026-04-04 08:06:10,0.00003635,0.00436438
2026-04-04 08:12:19,0.00003630,0.00436682
2026-04-04 08:18:29,0.00003632,0.00437901
2026-04-04 08:24:38,0.00003632,0.00438030
2026-04-04 08:30:48,0.00003628,0.00438080
2026-04-04 08:36:58,0.00003626,0.00437390
2026-04-04 08:43:08,0.00003627,0.00438084
2026-04-04 08:49:18,0.00003626,0.00438860
2026-04-04 08:55:28,0.00003627,0.00437922
2026-04-04 09:01:37,0.00003631,0.00437700
2026-04-04 09:07:47,0.00003633,0.00437608
2026-04-04 09:13:57,0.00003636,0.00437133
2026-04-04 09:20:06,0.00003636,0.00436622
2026-04-04 09:26:16,0.00003636,0.00436752
2026-04-04 09:32:26,0.00003634,0.00436642
2026-04-04 09:38:36,0.00003633,0.00436981
2026-04-04 09:44:45,0.00003631,0.00437858
2026-04-04 09:50:55,0.00003626,0.00437457
2026-04-04 09:57:05,0.00003625,0.00437106
2026-04-04 10:03:14,0.00003627,0.00437818
2026-04-04 10:09:24,0.00003631,0.00434789
2026-04-04 10:15:34,0.00003631,0.00435599
2026-04-04 10:21:44,0.00003631,0.00435227
2026-04-04 10:27:54,0.00003632,0.00436421
2026-04-04 10:34:04,0.00003634,0.00437316
2026-04-04 10:40:13,0.00003637,0.00440590
2026-04-04 10:46:23,0.00003638,0.00441073
2026-04-04 10:52:33,0.00003637,0.00440421
2026-04-04 10:58:43,0.00003637,0.00440706
2026-04-04 11:04:52,0.00003638,0.00440063
2026-04-04 11:11:03,0.00003637,0.00440067
2026-04-04 11:17:13,0.00003637,0.00438659
2026-04-04 11:23:23,0.00003639,0.00438133
2026-04-04 11:29:32,0.00003641,0.00436497
2026-04-04 11:35:42,0.00003639,0.00436246
2026-04-04 11:41:51,0.00003639,0.00435685
2026-04-04 11:48:01,0.00003643,0.00435952
2026-04-04 11:54:10,0.00003640,0.00434568
2026-04-04 12:00:20,0.00003639,0.00435473
2026-04-04 12:06:30,0.00003634,0.00435725
2026-04-04 12:12:39,0.00003633,0.00435433
2026-04-04 12:18:49,0.00003634,0.00434832
2026-04-04 12:24:58,0.00003636,0.00435377
2026-04-04 12:31:08,0.00003643,0.00435518
2026-04-04 12:37:18,0.00003641,0.00435553
2026-04-04 12:43:27,0.00003642,0.00435929
2026-04-04 12:49:37,0.00003641,0.00436381
2026-04-04 12:55:47,0.00003636,0.00437687
2026-04-04 13:01:57,0.00003635,0.00438567
2026-04-04 13:08:07,0.00003635,0.00437873
2026-04-04 13:14:17,0.00003633,0.00436313
2026-04-04 13:20:26,0.00003634,0.00435664
2026-04-04 13:26:36,0.00003630,0.00435721
2026-04-04 13:32:46,0.00003628,0.00437024
2026-04-04 13:38:55,0.00003627,0.00435532
2026-04-04 13:45:05,0.00003627,0.00436041
2026-04-04 13:51:14,0.00003622,0.00435382
2026-04-04 13:57:24,0.00003621,0.00434123
2026-04-04 14:03:33,0.00003618,0.00431324
2026-04-04 14:09:43,0.00003618,0.00429355
2026-04-04 14:15:53,0.00003612,0.00429322
2026-04-04 14:22:03,0.00003613,0.00428439
2026-04-04 14:28:12,0.00003620,0.00428443
2026-04-04 14:34:22,0.00003617,0.00428775
2026-04-04 14:40:31,0.00003612,0.00428399
2026-04-04 14:46:41,0.00003608,0.00429327
2026-04-04 14:52:51,0.00003610,0.00429883
2026-04-04 14:59:00,0.00003614,0.00430642
2026-04-04 15:05:10,0.00003623,0.00429950
2026-04-04 15:11:20,0.00003623,0.00429251
2026-04-04 15:17:29,0.00003631,0.00429549
2026-04-04 15:23:39,0.00003632,0.00429999
2026-04-04 15:29:49,0.00003627,0.00429905
2026-04-04 15:35:59,0.00003625,0.00430113
2026-04-04 15:42:09,0.00003626,0.00430677
2026-04-04 15:48:19,0.00003627,0.00430251
2026-04-04 15:54:28,0.00003625,0.00430750
2026-04-04 16:00:38,0.00003625,0.00429715
2026-04-04 16:06:47,0.00003622,0.00428995
2026-04-04 16:12:57,0.00003621,0.00429881
2026-04-04 16:19:08,0.00003618,0.00430693
2026-04-04 16:25:18,0.00003625,0.00431902
2026-04-04 16:31:27,0.00003628,0.00432905
2026-04-04 16:37:37,0.00003629,0.00432385
2026-04-04 16:43:46,0.00003629,0.00433301
2026-04-04 16:49:56,0.00003629,0.00434283
2026-04-04 16:56:06,0.00003631,0.00435342
2026-04-04 17:02:16,0.00003631,0.00435673
2026-04-04 17:08:26,0.00003629,0.00436215
2026-04-04 17:14:35,0.00003637,0.00436655
2026-04-04 17:20:45,0.00003641,0.00439413
2026-04-04 17:26:54,0.00003651,0.00441830
2026-04-04 17:33:04,0.00003649,0.00442422
2026-04-04 17:39:14,0.00003648,0.00441603
2026-04-04 17:45:23,0.00003642,0.00440874
2026-04-04 17:51:33,0.00003642,0.00441140
2026-04-04 17:57:43,0.00003641,0.00440238
2026-04-04 18:03:52,0.00003639,0.00439718
2026-04-04 18:10:02,0.00003635,0.00438772
2026-04-04 18:16:12,0.00003638,0.00438914
2026-04-04 18:22:22,0.00003639,0.00438512
2026-04-04 18:28:31,0.00003640,0.00440055
2026-04-04 18:34:40,0.00003637,0.00441353
2026-04-04 18:40:50,0.00003640,0.00443791
2026-04-04 18:47:00,0.00003639,0.00444683
2026-04-04 18:53:10,0.00003642,0.00442735
2026-04-04 18:59:20,0.00003641,0.00443604
2026-04-04 19:05:30,0.00003644,0.00443443
2026-04-04 19:11:40,0.00003650,0.00443503
2026-04-04 19:17:50,0.00003650,0.00443474
2026-04-04 19:23:59,0.00003649,0.00443105
2026-04-04 19:30:09,0.00003647,0.00443025
2026-04-04 19:36:19,0.00003647,0.00441629
2026-04-04 19:42:29,0.00003649,0.00439680
2026-04-04 19:48:38,0.00003648,0.00439229
2026-04-04 19:54:48,0.00003649,0.00438287
2026-04-04 20:00:57,0.00003645,0.00438865
2026-04-04 20:07:07,0.00003642,0.00438129
2026-04-04 20:13:16,0.00003646,0.00441543
2026-04-04 20:19:26,0.00003651,0.00444848
2026-04-04 20:25:36,0.00003654,0.00447118
2026-04-04 20:31:45,0.00003655,0.00447987
2026-04-04 20:37:55,0.00003646,0.00447817
2026-04-04 20:44:05,0.00003645,0.00446609
2026-04-04 20:50:15,0.00003645,0.00446405
