timestamp,LUNC_lunc,LUNC_ustc,LUNC_usd,USTC_lunc,USTC_ustc,USTC_usd,AUTC_lunc,AUTC_ustc,AUTC_usd,CATC_lunc,CATC_ustc,CATC_usd,CHTC_lunc,CHTC_ustc,CHTC_usd,CNTC_lunc,CNTC_ustc,CNTC_usd,DKTC_lunc,DKTC_ustc,DKTC_usd,EUTC_lunc,EUTC_ustc,EUTC_usd,GBTC_lunc,GBTC_ustc,GBTC_usd,HKTC_lunc,HKTC_ustc,HKTC_usd,IDTC_lunc,IDTC_ustc,IDTC_usd,INTC_lunc,INTC_ustc,INTC_usd,JPTC_lunc,JPTC_ustc,JPTC_usd,KRTC_lunc,KRTC_ustc,KRTC_usd,MNTC_lunc,MNTC_ustc,MNTC_usd,MYTC_lunc,MYTC_ustc,MYTC_usd,NOTC_lunc,NOTC_ustc,NOTC_usd,PHTC_lunc,PHTC_ustc,PHTC_usd,SDTC_lunc,SDTC_ustc,SDTC_usd,SETC_lunc,SETC_ustc,SETC_usd,SGTC_lunc,SGTC_ustc,SGTC_usd,THTC_lunc,THTC_ustc,THTC_usd
2026-04-09 04:50:03,1.00000000,0.00796833,0.00003648,125.49676939,1.00000000,0.00458015,193.45486196,1.54151269,0.00705667,197.79573239,1.57610218,0.00721501,21116.45616832,168.26294630,0.77066996,40.14010774,0.31984973,0.00146419,42.94451397,0.34219617,0.00156649,7392.93323989,58.90935102,0.26981381,369.32315679,2.94288975,0.01347182,35.00183756,0.27890628,0.00127676,0.01614988,0.00012869,0.00000059,2.97272571,0.02368767,0.00010844,1.73344827,0.01381269,0.00006323,0.72285857,0.00575998,0.00002637,0.71468172,0.00569482,0.00002607,68.94991976,0.54941589,0.00251509,28.77255298,0.22926927,0.00104954,4.61538815,0.03677695,0.00016836,25149.24571523,200.39755476,0.91737060,29.75824914,0.23712363,0.00108549,215.37032487,1.71614238,0.00785608,8.60062413,0.06853263,0.00031373
2026-04-09 04:53:04,1.00000000,0.00795874,0.00003644,125.64798900,1.00000000,0.00457882,193.64294373,1.54115434,0.00705667,197.98803447,1.57573580,0.00721501,21141.90082580,168.26294630,0.77044538,40.17913298,0.31977538,0.00146419,42.98626573,0.34211662,0.00156649,7401.84148910,58.90935102,0.26973519,369.68222223,2.94220564,0.01347182,35.03586725,0.27884145,0.00127676,0.01616558,0.00012866,0.00000059,2.97561587,0.02368216,0.00010844,1.73513357,0.01380948,0.00006323,0.72285857,0.00575305,0.00002634,0.71468172,0.00568797,0.00002604,69.01695463,0.54928818,0.00251509,28.80052640,0.22921598,0.00104954,4.61987535,0.03676840,0.00016836,25149.24571523,200.15637270,0.91647957,29.78718088,0.23706850,0.00108549,215.57971342,1.71574344,0.00785608,8.60898588,0.06851670,0.00031373
2026-04-09 12:40:28,1.00000000,0.00789908,0.00003641,126.59701643,1.00000000,0.00460955,193.80494553,1.53088083,0.00705666,198.15367138,1.56523176,0.00721501,21301.58697784,168.26294630,0.77561572,40.21274687,0.31764372,0.00146419,43.02222806,0.33983603,0.00156649,7457.74807930,58.90935102,0.27154534,369.99149860,2.92259256,0.01347182,35.06517827,0.27698266,0.00127676,0.01617910,0.00012780,0.00000059,2.97810527,0.02352429,0.00010844,1.73658518,0.01371743,0.00006323,0.73311891,0.00579097,0.00002669,0.71468172,0.00564533,0.00002602,69.07469426,0.54562656,0.00251509,28.82462093,0.22768800,0.00104954,4.62374034,0.03652330,0.00016836,25149.24571523,198.65591168,0.91571348,29.81210085,0.23548818,0.00108549,215.76006753,1.70430610,0.00785608,8.61618816,0.06805996,0.00031373
2026-04-09 12:46:30,1.00000000,0.00788441,0.00003643,126.83261911,1.00000000,0.00462044,193.70799414,1.52727268,0.00705667,198.05454452,1.56154265,0.00721501,21341.23017886,168.26294630,0.77744907,40.19263034,0.31689506,0.00146419,43.00070609,0.33903507,0.00156649,7471.62728025,58.90935102,0.27218720,369.80640945,2.91570427,0.01347182,35.04763683,0.27632984,0.00127676,0.01617101,0.00012750,0.00000059,2.97661546,0.02346885,0.00010844,1.73571645,0.01368510,0.00006323,0.73311891,0.00578021,0.00002671,0.71468172,0.00563484,0.00002604,69.04013948,0.54434056,0.00251509,28.81020135,0.22715136,0.00104954,4.62142731,0.03643721,0.00016836,25149.24571523,198.28689096,0.91617180,29.79718727,0.23493315,0.00108549,215.65213303,1.70028920,0.00785608,8.61187789,0.06789955,0.00031373
2026-04-09 12:52:32,1.00000000,0.00788705,0.00003644,126.79007781,1.00000000,0.00461970,193.64748561,1.52730789,0.00705667,197.99267826,1.56157865,0.00721501,21334.07205344,168.26294630,0.77732351,40.18007538,0.31690236,0.00146419,42.98727397,0.33904289,0.00156649,7469.12119955,58.90935102,0.27214324,369.69089309,2.91577148,0.01347182,35.03668901,0.27633621,0.00127676,0.01616596,0.00012750,0.00000059,2.97568566,0.02346939,0.00010844,1.73517427,0.01368541,0.00006323,0.73311891,0.00578215,0.00002672,0.71468172,0.00563673,0.00002604,69.01857342,0.54435311,0.00251509,28.80120191,0.22715659,0.00104954,4.61998371,0.03643805,0.00016836,25149.24571523,198.35342127,0.91645808,29.78787953,0.23493857,0.00108549,215.58476982,1.70032840,0.00785608,8.60918780,0.06790112,0.00031373
2026-04-09 12:58:35,1.00000000,0.00788551,0.00003644,126.81491883,1.00000000,0.00462047,193.66793523,1.52716997,0.00705666,198.01358674,1.56143763,0.00721501,21338.25187674,168.26294630,0.77745404,40.18431849,0.31687375,0.00146419,42.99181352,0.33901227,0.00156649,7470.58456794,58.90935102,0.27218894,369.72993329,2.91550818,0.01347182,35.04038896,0.27631125,0.00127676,0.01616766,0.00012749,0.00000059,2.97599990,0.02346727,0.00010844,1.73535751,0.01368417,0.00006323,0.73311891,0.00578101,0.00002671,0.71468172,0.00563563,0.00002604,69.02586194,0.54430396,0.00251509,28.80424338,0.22713608,0.00104954,4.62047159,0.03643476,0.00016836,25149.24571523,198.31456699,0.91636131,29.79102520,0.23491735,0.00108549,215.60753606,1.70017485,0.00785608,8.61009695,0.06789498,0.00031373
2026-04-09 13:04:38,1.00000000,0.00787212,0.00003644,127.03062804,1.00000000,0.00462880,193.65979253,1.52451260,0.00705666,198.00526133,1.55872064,0.00721501,21374.54774488,168.26294630,0.77885636,40.18262895,0.31632237,0.00146419,42.99000594,0.33842237,0.00156649,7483.29185783,58.90935102,0.27267990,369.71438813,2.91043502,0.01347182,35.03891570,0.27583045,0.00127676,0.01616698,0.00012727,0.00000059,2.97587477,0.02342644,0.00010844,1.73528454,0.01366036,0.00006323,0.73311856,0.00577120,0.00002671,0.71468172,0.00562606,0.00002604,69.02295977,0.54335683,0.00251509,28.80303232,0.22674085,0.00104954,4.62027733,0.03637136,0.00016836,25149.24571523,197.97781136,0.91639984,29.78977265,0.23450858,0.00108549,215.59847092,1.69721644,0.00785608,8.60973494,0.06777684,0.00031373
2026-04-09 13:10:40,1.00000000,0.00787627,0.00003642,126.96371829,1.00000000,0.00462387,193.76414645,1.52613793,0.00705666,198.11195682,1.56038244,0.00721501,21363.28931247,168.26294630,0.77802617,40.20428143,0.31665961,0.00146419,43.01317119,0.33878317,0.00156649,7479.35024763,58.90935102,0.27238924,369.91360939,2.91353793,0.01347182,35.05779649,0.27612453,0.00127676,0.01617569,0.00012740,0.00000059,2.97747833,0.02345141,0.00010844,1.73621961,0.01367493,0.00006323,0.73311856,0.00577424,0.00002670,0.71468172,0.00562902,0.00002603,69.06015292,0.54393612,0.00251509,28.81855288,0.22698258,0.00104954,4.62276697,0.03641014,0.00016836,25149.24571523,198.08214547,0.91590630,29.80582492,0.23475860,0.00108549,215.71464654,1.69902591,0.00785608,8.61437432,0.06784910,0.00031373
2026-04-09 13:16:43,1.00000000,0.00787289,0.00003642,127.01812717,1.00000000,0.00462590,193.76245141,1.52547086,0.00705666,198.11022374,1.55970040,0.00721501,21372.44431120,168.26294630,0.77836812,40.20392973,0.31652120,0.00146419,43.01279491,0.33863509,0.00156649,7482.55543953,58.90935102,0.27250896,369.91037340,2.91226443,0.01347182,35.05748980,0.27600383,0.00127676,0.01617555,0.00012735,0.00000059,2.97745228,0.02344116,0.00010844,1.73620442,0.01366895,0.00006323,0.73309672,0.00577159,0.00002670,0.71468172,0.00562661,0.00002603,69.05954878,0.54369837,0.00251509,28.81830078,0.22688337,0.00104954,4.62272653,0.03639423,0.00016836,25149.24571523,197.99729594,0.91591431,29.80556418,0.23465599,0.00108549,215.71275948,1.69828326,0.00785608,8.61429896,0.06781945,0.00031373
2026-04-09 13:22:46,1.00000000,0.00786946,0.00003642,127.07355811,1.00000000,0.00462755,193.77755913,1.52492432,0.00705666,198.12567046,1.55914160,0.00721501,21381.77128518,168.26294630,0.77864536,40.20706444,0.31640780,0.00146419,43.01614863,0.33851377,0.00156649,7485.82084048,58.90935102,0.27260602,369.93921542,2.91122104,0.01347182,35.06022324,0.27590495,0.00127676,0.01617681,0.00012730,0.00000059,2.97768444,0.02343276,0.00010844,1.73633979,0.01366405,0.00006323,0.73309672,0.00576907,0.00002670,0.71468172,0.00562416,0.00002603,69.06493338,0.54350358,0.00251509,28.82054775,0.22680208,0.00104954,4.62308697,0.03638119,0.00016836,25149.24571523,197.91092725,0.91584290,29.80788813,0.23457192,0.00108549,215.72957867,1.69767481,0.00785608,8.61497062,0.06779515,0.00031373
2026-04-09 13:28:48,1.00000000,0.00786192,0.00003640,127.19536950,1.00000000,0.00462946,193.88127021,1.52427931,0.00705666,198.23170867,1.55848212,0.00721501,21402.26762795,168.26294630,0.77896685,40.22858354,0.31627396,0.00146419,43.03917117,0.33837058,0.00156649,7492.99667020,58.90935102,0.27271858,370.13720943,2.90998966,0.01347182,35.07898772,0.27578824,0.00127676,0.01618547,0.00012725,0.00000059,2.97927811,0.02342285,0.00010844,1.73726909,0.01365827,0.00006323,0.73309672,0.00576355,0.00002668,0.71468172,0.00561877,0.00002601,69.10189740,0.54327369,0.00251509,28.83597271,0.22670615,0.00104954,4.62556127,0.03636580,0.00016836,25149.24571523,197.72139359,0.91535300,29.82384151,0.23447270,0.00108549,215.84503862,1.69695673,0.00785608,8.61958141,0.06776647,0.00031373
2026-04-09 13:34:50,1.00000000,0.00786783,0.00003636,127.09991158,1.00000000,0.00462229,194.06441842,1.52686509,0.00705667,198.41896649,1.56112592,0.00721501,21386.20559707,168.26294630,0.77775941,40.26658511,0.31681049,0.00146419,43.07982774,0.33894459,0.00156649,7487.37330608,58.90935102,0.27229585,370.48685624,2.91492615,0.01347182,35.11212477,0.27625609,0.00127676,0.01620076,0.00012746,0.00000059,2.98209246,0.02346258,0.00010844,1.73891019,0.01368144,0.00006323,0.73309672,0.00576788,0.00002666,0.71468172,0.00562299,0.00002599,69.16717389,0.54419530,0.00251509,28.86321235,0.22709074,0.00104954,4.62993077,0.03642749,0.00016836,25149.24571523,197.86989151,0.91448913,29.85201434,0.23487046,0.00108549,216.04893471,1.69983544,0.00785608,8.62772382,0.06788143,0.00031373
2026-04-09 13:40:53,1.00000000,0.00788158,0.00003634,126.87811148,1.00000000,0.00461429,194.17661847,1.53041857,0.00705667,198.53368416,1.56475914,0.00721501,21348.88485816,168.26294630,0.77641440,40.28986559,0.31754780,0.00146419,43.10473472,0.33973342,0.00156649,7474.30720592,58.90935102,0.27182496,370.70105648,2.92171007,0.01347182,35.13242515,0.27689902,0.00127676,0.01621013,0.00012776,0.00000059,2.98381658,0.02351719,0.00010844,1.73991555,0.01371328,0.00006323,0.73309672,0.00577796,0.00002664,0.71468172,0.00563282,0.00002597,69.20716350,0.54546180,0.00251509,28.87989987,0.22761924,0.00104954,4.63260760,0.03651227,0.00016836,25149.24571523,198.21579485,0.91396072,29.86927355,0.23541707,0.00108549,216.17384530,1.70379148,0.00785608,8.63271201,0.06803941,0.00031373
2026-04-09 13:46:56,1.00000000,0.00788256,0.00003633,126.86235011,1.00000000,0.00461117,194.24722248,1.53116525,0.00705666,198.60587243,1.56552257,0.00721501,21346.23280429,168.26294630,0.77588872,40.30451527,0.31770273,0.00146419,43.12040791,0.33989917,0.00156649,7473.37871408,58.90935102,0.27164092,370.83584604,2.92313555,0.01347182,35.14519955,0.27703412,0.00127676,0.01621602,0.00012782,0.00000059,2.98490152,0.02352866,0.00010844,1.74054820,0.01371997,0.00006323,0.73309672,0.00577868,0.00002663,0.71468172,0.00563352,0.00002596,69.23232772,0.54572793,0.00251509,28.89040081,0.22773030,0.00104954,4.63429205,0.03653008,0.00016836,25149.24571523,198.24042116,0.91362852,29.88013423,0.23553193,0.00108549,216.25244766,1.70462275,0.00785608,8.63585093,0.06807261,0.00031373
2026-04-09 13:52:58,1.00000000,0.00788092,0.00003632,126.88873349,1.00000000,0.00460895,194.29650028,1.53123524,0.00705667,198.65625596,1.56559413,0.00721501,21350.67215002,168.26294630,0.77551540,40.31473997,0.31771725,0.00146419,43.13134695,0.33991471,0.00156649,7474.93294205,58.90935102,0.27151022,370.92992190,2.92326916,0.01347182,35.15411540,0.27704678,0.00127676,0.01622014,0.00012783,0.00000059,2.98565875,0.02352974,0.00010844,1.74098975,0.01372060,0.00006323,0.73309672,0.00577748,0.00002663,0.71468172,0.00563235,0.00002596,69.24989100,0.54575287,0.00251509,28.89772990,0.22774071,0.00104954,4.63546771,0.03653175,0.00016836,25149.24571523,198.19920195,0.91339680,29.88771440,0.23554270,0.00108549,216.30730788,1.70470066,0.00785608,8.63804172,0.06807572,0.00031373
2026-04-09 13:59:00,1.00000000,0.00789066,0.00003632,126.73209549,1.00000000,0.00460329,194.27548321,1.53296197,0.00705666,198.63476730,1.56735961,0.00721501,21324.31577769,168.26294630,0.77456275,40.31037912,0.31807554,0.00146419,43.12668143,0.34029802,0.00156649,7465.70549879,58.90935102,0.27117669,370.88979838,2.92656566,0.01347182,35.15031278,0.27735920,0.00127676,0.01621838,0.00012797,0.00000059,2.98533579,0.02355627,0.00010844,1.74080143,0.01373607,0.00006323,0.73309672,0.00578462,0.00002663,0.71468172,0.00563931,0.00002596,69.24240023,0.54636831,0.00251509,28.89460403,0.22799752,0.00104954,4.63496629,0.03657295,0.00016836,25149.24571523,198.44417169,0.91349561,29.88448144,0.23580831,0.00108549,216.28390990,1.70662301,0.00785608,8.63710735,0.06815249,0.00031373
2026-04-09 14:05:04,1.00000000,0.00790924,0.00003633,126.43447369,1.00000000,0.00459589,194.25702701,1.53642453,0.00705667,198.61589696,1.57089986,0.00721501,21274.23705793,168.26294630,0.77331812,40.30654962,0.31879398,0.00146419,43.12258439,0.34106667,0.00156649,7448.17279212,58.90935102,0.27074094,370.85456379,2.93317600,0.01347182,35.14697349,0.27798568,0.00127676,0.01621684,0.00012826,0.00000059,2.98505218,0.02360948,0.00010844,1.74063605,0.01376710,0.00006323,0.73309672,0.00579823,0.00002663,0.71468172,0.00565259,0.00002596,69.23582219,0.54760241,0.00251509,28.89185904,0.22851251,0.00104954,4.63452597,0.03665556,0.00016836,25149.24571523,198.91130149,0.91358241,29.88164241,0.23634094,0.00108549,216.26336289,1.71047782,0.00785608,8.63628682,0.06830642,0.00031373
2026-04-09 14:11:06,1.00000000,0.00791319,0.00003637,126.37122726,1.00000000,0.00459581,194.03778309,1.53545856,0.00705667,198.39173350,1.56991222,0.00721501,21263.59502624,168.26294630,0.77330465,40.26105852,0.31859355,0.00146419,43.07391503,0.34085223,0.00156649,7444.44698561,58.90935102,0.27073623,370.43600694,2.93133188,0.01347182,35.10730563,0.27781091,0.00127676,0.01619854,0.00012818,0.00000059,2.98168317,0.02359464,0.00010844,1.73867152,0.01375844,0.00006323,0.73309490,0.00580112,0.00002666,0.71468172,0.00565541,0.00002599,69.15768070,0.54725812,0.00251509,28.85925088,0.22836884,0.00104954,4.62929531,0.03663251,0.00016836,25149.24571523,199.01085287,0.91461467,29.84791715,0.23619235,0.00108549,216.01928200,1.70940242,0.00785608,8.62653966,0.06826348,0.00031373
2026-04-09 14:17:08,1.00000000,0.00792565,0.00003642,126.17256573,1.00000000,0.00459562,193.74035899,1.53551890,0.00705666,198.08763559,1.56997390,0.00721501,21230.16765234,168.26294630,0.77327296,40.19934575,0.31860607,0.00146419,43.00789067,0.34086563,0.00156649,7432.74396396,58.90935102,0.27072513,369.86819693,2.93144706,0.01347182,35.05349261,0.27782183,0.00127676,0.01617371,0.00012819,0.00000059,2.97711280,0.02359556,0.00010844,1.73600646,0.01375899,0.00006323,0.73309490,0.00581026,0.00002670,0.71468172,0.00566432,0.00002603,69.05167474,0.54727963,0.00251509,28.81501497,0.22837782,0.00104954,4.62219946,0.03663395,0.00016836,25149.24571523,199.32419991,0.91601875,29.80216581,0.23620163,0.00108549,215.68816432,1.70946959,0.00785608,8.61331677,0.06826616,0.00031373
2026-04-09 14:23:11,1.00000000,0.00792874,0.00003640,126.12342762,1.00000000,0.00459191,193.84819617,1.53697215,0.00705666,198.19789250,1.57145977,0.00721501,21221.89952892,168.26294630,0.77264791,40.22172098,0.31890761,0.00146419,43.03182915,0.34118823,0.00156649,7429.84926971,58.90935102,0.27050630,370.07406804,2.93422146,0.01347182,35.07300362,0.27808476,0.00127676,0.01618271,0.00012831,0.00000059,2.97876988,0.02361790,0.00010844,1.73697273,0.01377201,0.00006323,0.73309490,0.00581252,0.00002669,0.71468172,0.00566653,0.00002602,69.09010937,0.54779759,0.00251509,28.83105360,0.22859396,0.00104954,4.62477220,0.03666862,0.00016836,25149.24571523,199.40185729,0.91550917,29.81875389,0.23642518,0.00108549,215.80821780,1.71108748,0.00785608,8.61811100,0.06833077,0.00031373
2026-04-09 14:29:14,1.00000000,0.00792057,0.00003637,126.25349736,1.00000000,0.00459511,194.01952804,1.53674577,0.00705667,198.37306883,1.57122831,0.00721501,21243.78544686,168.26294630,0.77318665,40.25727077,0.31886064,0.00146419,43.06986264,0.34113798,0.00156649,7437.51159377,58.90935102,0.27069491,370.40115637,2.93378927,0.01347182,35.10400274,0.27804380,0.00127676,0.01619701,0.00012829,0.00000059,2.98140265,0.02361442,0.00010844,1.73850795,0.01376998,0.00006323,0.73306834,0.00580632,0.00002666,0.71468172,0.00566069,0.00002599,69.15117436,0.54771690,0.00251509,28.85653580,0.22856029,0.00104954,4.62885979,0.03666322,0.00016836,25149.24571523,199.19642815,0.91470072,29.84510907,0.23639036,0.00108549,215.99895894,1.71083545,0.00785608,8.62572808,0.06832071,0.00031373
2026-04-09 14:35:17,1.00000000,0.00789442,0.00003635,126.67182500,1.00000000,0.00460602,194.13467453,1.53257976,0.00705667,198.49079905,1.56696881,0.00721501,21314.17448786,168.26294630,0.77502233,40.28116261,0.31799623,0.00146419,43.09542370,0.34021317,0.00156649,7462.15500348,58.90935102,0.27133759,370.62098162,2.92583597,0.01347182,35.12483622,0.27729005,0.00127676,0.01620663,0.00012794,0.00000059,2.98317205,0.02355040,0.00010844,1.73953971,0.01373265,0.00006323,0.73306834,0.00578715,0.00002665,0.71468172,0.00564199,0.00002598,69.19221412,0.54623208,0.00251509,28.87366155,0.22794068,0.00104954,4.63160692,0.03656383,0.00016836,25149.24571523,198.53859148,0.91415819,29.86282151,0.23574952,0.00108549,216.12714975,1.70619749,0.00785608,8.63084727,0.06813549,0.00031373
2026-04-09 14:41:19,1.00000000,0.00785934,0.00003638,127.23718512,1.00000000,0.00462888,193.97140634,1.52448678,0.00705666,198.32386734,1.55869424,0.00721501,21409.30364715,168.26294630,0.77886884,40.24728596,0.31631701,0.00146419,43.05918024,0.33841664,0.00156649,7495.46000116,58.90935102,0.27268426,370.30928761,2.91038573,0.01347182,35.09529607,0.27582578,0.00127676,0.01619300,0.00012727,0.00000059,2.98066319,0.02342604,0.00010844,1.73807675,0.01366013,0.00006323,0.73306834,0.00576143,0.00002667,0.71468172,0.00561692,0.00002600,69.13402313,0.54334763,0.00251509,28.84937866,0.22673701,0.00104954,4.62771172,0.03637075,0.00016836,25149.24571523,197.65641382,0.91492765,29.83770673,0.23450461,0.00108549,215.94538579,1.69718770,0.00785608,8.62358868,0.06777570,0.00031373
2026-04-09 14:47:22,1.00000000,0.00784086,0.00003642,127.53704481,1.00000000,0.00464456,193.77195920,1.51933863,0.00705666,198.11994487,1.55343058,0.00721501,21459.75892312,168.26294630,0.78150797,40.20590251,0.31524882,0.00146419,43.01490552,0.33727381,0.00156649,7513.12454126,58.90935102,0.27360823,369.92852464,2.90055744,0.01347182,35.05921005,0.27489433,0.00127676,0.01617635,0.00012684,0.00000059,2.97759838,0.02334693,0.00010844,1.73628961,0.01361400,0.00006323,0.73306834,0.00574789,0.00002670,0.71468172,0.00560372,0.00002603,69.06293749,0.54151276,0.00251509,28.81971488,0.22597132,0.00104954,4.62295337,0.03624793,0.00016836,25149.24571523,197.19169244,0.91586937,29.80702672,0.23371270,0.00108549,215.72334435,1.69145635,0.00785608,8.61472165,0.06754682,0.00031373
2026-04-09 14:53:25,1.00000000,0.00783669,0.00003651,127.60487183,1.00000000,0.00465908,193.27095715,1.51460485,0.00705666,197.60770100,1.54859057,0.00721501,21471.17169648,168.26294630,0.78395051,40.10194918,0.31426660,0.00146419,42.90368945,0.33622297,0.00156649,7517.12018669,58.90935102,0.27446337,368.97206557,2.89152021,0.01347182,34.96856362,0.27403784,0.00127676,0.01613452,0.00012644,0.00000059,2.96989973,0.02327419,0.00010844,1.73180039,0.01357159,0.00006323,0.73305683,0.00574474,0.00002677,0.71468172,0.00560074,0.00002609,68.88437360,0.53982558,0.00251509,28.74520081,0.22526727,0.00104954,4.61100061,0.03613499,0.00016836,25149.24571523,197.08687729,0.91824351,29.72995994,0.23298452,0.00108549,215.16558647,1.68618630,0.00785608,8.59244809,0.06733636,0.00031373
2026-04-09 14:59:27,1.00000000,0.00784540,0.00003653,127.46330338,1.00000000,0.00465643,193.16655092,1.51546795,0.00705667,197.50095204,1.54947304,0.00721501,21447.35097147,168.26294630,0.78350403,40.08028585,0.31444569,0.00146419,42.88051259,0.33641457,0.00156649,7508.78048100,58.90935102,0.27430706,368.77274446,2.89316795,0.01347182,34.94967337,0.27419400,0.00127676,0.01612581,0.00012651,0.00000059,2.96829537,0.02328745,0.00010844,1.73086486,0.01357932,0.00006323,0.73305683,0.00575112,0.00002678,0.71468172,0.00560696,0.00002611,68.84716182,0.54013320,0.00251509,28.72967247,0.22539564,0.00104954,4.60850972,0.03615558,0.00016836,25149.24571523,197.30577389,0.91873982,29.71389962,0.23311729,0.00108549,215.04935262,1.68714718,0.00785608,8.58780639,0.06737474,0.00031373
2026-04-09 15:05:30,1.00000000,0.00786059,0.00003652,127.21683487,1.00000000,0.00464858,192.83091494,1.51576570,0.00704225,197.80387315,1.55485611,0.00722387,21405.87945461,168.26294630,0.78218434,40.06319198,0.31492052,0.00146312,42.81647298,0.33656295,0.00156367,7494.26118131,58.90935102,0.27384503,367.54349020,2.88911047,0.01342282,34.94874281,0.27471791,0.00127634,0.01601573,0.00012589,0.00000058,2.95510270,0.02322887,0.00010792,1.72300351,0.01354383,0.00006292,0.73305683,0.00576226,0.00002677,0.71468172,0.00561782,0.00002610,68.74714906,0.54039349,0.00251067,28.75655221,0.22604361,0.00105020,4.57846862,0.03598949,0.00016721,25149.24571523,197.68803194,0.91845939,29.41737820,0.23123809,0.00107433,214.86181788,1.68894170,0.00784683,8.53154354,0.06706301,0.00031157
2026-04-09 15:11:32,1.00000000,0.00785979,0.00003649,127.22992834,1.00000000,0.00464262,192.99139190,1.51687103,0.00704225,197.96848869,1.55598994,0.00722387,21408.08260039,168.26294630,0.78118067,40.09653321,0.31515017,0.00146312,42.85210553,0.33680838,0.00156367,7495.03250911,58.90935102,0.27349364,367.84936576,2.89121727,0.01342282,34.97782771,0.27491824,0.00127634,0.01602905,0.00012598,0.00000058,2.95756198,0.02324580,0.00010792,1.72443742,0.01355371,0.00006292,0.73305683,0.00576167,0.00002675,0.71468172,0.00561725,0.00002608,68.80436153,0.54078755,0.00251067,28.78048387,0.22620844,0.00105020,4.58227889,0.03601573,0.00016721,25149.24571523,197.66768750,0.91769566,29.44185982,0.23140672,0.00107433,215.04062932,1.69017331,0.00784683,8.53864362,0.06711191,0.00031158
2026-04-09 15:17:35,1.00000000,0.00785437,0.00003662,127.31765671,1.00000000,0.00465794,192.32657888,1.51060414,0.00704225,197.28653065,1.54956143,0.00722387,21422.84403371,168.26294630,0.78375791,39.95840944,0.31384814,0.00146312,42.70448942,0.33541687,0.00156367,7500.20053021,58.90935102,0.27439594,366.58220535,2.87927232,0.01342282,34.85733677,0.27378242,0.00127634,0.01597384,0.00012546,0.00000058,2.94737383,0.02314976,0.00010792,1.71849711,0.01349771,0.00006292,0.73305683,0.00575770,0.00002684,0.71468172,0.00561337,0.00002617,68.56734559,0.53855331,0.00251067,28.68134142,0.22527387,0.00105020,4.56649395,0.03586693,0.00016721,25149.24571523,197.53148437,0.92086785,29.34043907,0.23045067,0.00107433,214.29986150,1.68319043,0.00784683,8.50922987,0.06683464,0.00031157
2026-04-09 15:23:37,1.00000000,0.00786866,0.00003670,127.08645178,1.00000000,0.00466448,191.87019492,1.50976121,0.00704225,196.81837691,1.54869677,0.00722387,21383.94081153,168.26294630,0.78485943,39.86358959,0.31367301,0.00146312,42.60315323,0.33522970,0.00156367,7486.58039802,58.90935102,0.27478159,365.71231915,2.87766567,0.01342282,34.77462158,0.27362965,0.00127634,0.01593593,0.00012539,0.00000058,2.94037982,0.02313685,0.00010792,1.71441918,0.01349018,0.00006292,0.73305683,0.00576817,0.00002691,0.71468172,0.00562359,0.00002623,68.40463778,0.53825279,0.00251067,28.61328164,0.22514817,0.00105020,4.55565782,0.03584692,0.00016721,25149.24571523,197.89084803,0.92305824,29.27081527,0.23032207,0.00107433,213.79133574,1.68225120,0.00784683,8.48903777,0.06679735,0.00031157
2026-04-09 15:29:40,1.00000000,0.00789372,0.00003674,126.68296851,1.00000000,0.00465529,191.65372222,1.51286100,0.00704225,196.59632156,1.55187650,0.00722387,21316.04952860,168.26294630,0.78331219,39.81861451,0.31431703,0.00146312,42.55508730,0.33591798,0.00156367,7462.81146074,58.90935102,0.27423989,365.29971347,2.88357399,0.01342282,34.73538799,0.27419146,0.00127634,0.01591795,0.00012565,0.00000058,2.93706241,0.02318435,0.00010792,1.71248493,0.01351788,0.00006292,0.73305683,0.00578655,0.00002694,0.71468172,0.00564150,0.00002626,68.32746198,0.53935792,0.00251067,28.58099943,0.22561043,0.00105020,4.55051802,0.03592052,0.00016721,25149.24571523,198.52112727,0.92410083,29.23779122,0.23079496,0.00107433,213.55013108,1.68570514,0.00784683,8.47946023,0.06693449,0.00031157
2026-04-09 15:35:43,1.00000000,0.00788701,0.00003679,126.79083323,1.00000000,0.00466493,191.40565731,1.50961747,0.00704225,196.34185924,1.54854933,0.00722387,21334.19916322,168.26294630,0.78493416,39.76707571,0.31364315,0.00146312,42.50000658,0.33519779,0.00156367,7469.16570105,58.90935102,0.27480775,364.82689175,2.87739170,0.01342282,34.69042862,0.27360360,0.00127634,0.01589735,0.00012538,0.00000058,2.93326085,0.02313464,0.00010792,1.71026839,0.01348890,0.00006292,0.73305683,0.00578162,0.00002697,0.71468172,0.00563670,0.00002629,68.23902307,0.53820155,0.00251067,28.54400592,0.22512673,0.00105020,4.54462810,0.03584351,0.00016721,25149.24571523,198.35223947,0.92529848,29.19994760,0.23030015,0.00107433,213.27372478,1.68209104,0.00784683,8.46848494,0.06679099,0.00031158
2026-04-09 15:41:46,1.00000000,0.00792694,0.00003686,126.15200879,1.00000000,0.00465015,191.07634848,1.51465165,0.00704225,196.00405780,1.55371333,0.00722387,21226.70868097,168.26294630,0.78244856,39.69865742,0.31468906,0.00146312,42.42688634,0.33631558,0.00156367,7431.53296794,58.90935102,0.27393754,364.19921587,2.88698705,0.01342282,34.63074457,0.27451600,0.00127634,0.01587000,0.00012580,0.00000058,2.92821425,0.02321179,0.00010792,1.70732592,0.01353388,0.00006292,0.73305683,0.00581090,0.00002702,0.71468172,0.00566524,0.00002634,68.12161947,0.53999631,0.00251067,28.49489665,0.22587747,0.00105020,4.53680918,0.03596304,0.00016721,25149.24571523,199.35668054,0.92689318,29.14970979,0.23106814,0.00107433,212.90679247,1.68770037,0.00784683,8.45391511,0.06701372,0.00031158
2026-04-09 15:47:48,1.00000000,0.00793011,0.00003689,126.10162127,1.00000000,0.00465318,190.89731330,1.51383711,0.00704225,195.82040544,1.55287778,0.00722387,21218.23032878,168.26294630,0.78295843,39.66146047,0.31451983,0.00146312,42.38713310,0.33613472,0.00156367,7428.56467197,58.90935102,0.27411604,363.85796760,2.88543449,0.01342282,34.59829617,0.27436837,0.00127634,0.01585513,0.00012573,0.00000058,2.92547056,0.02319931,0.00010792,1.70572618,0.01352660,0.00006292,0.73305683,0.00581322,0.00002704,0.71468172,0.00566751,0.00002636,68.05779071,0.53970591,0.00251067,28.46819743,0.22575600,0.00105020,4.53255827,0.03594370,0.00016721,25149.24571523,199.43633921,0.92776247,29.12239703,0.23094387,0.00107433,212.70730255,1.68679277,0.00784683,8.44599394,0.06697768,0.00031158
2026-04-09 15:53:51,1.00000000,0.00793694,0.00003702,125.99308298,1.00000000,0.00466444,190.22125900,1.50977541,0.00704225,195.12691623,1.54871134,0.00722387,21199.96735581,168.26294630,0.78485205,39.52100118,0.31367596,0.00146312,42.23702096,0.33523286,0.00156367,7422.17075157,58.90935102,0.27477900,362.56938088,2.87769275,0.01342282,34.47576785,0.27363223,0.00127634,0.01579898,0.00012540,0.00000058,2.91511014,0.02313706,0.00010792,1.69968543,0.01349031,0.00006292,0.73305683,0.00581823,0.00002714,0.71468172,0.00567239,0.00002646,67.81676709,0.53825786,0.00251067,28.36737858,0.22515029,0.00105020,4.51650642,0.03584726,0.00016721,25149.24571523,199.60814610,0.93105978,29.01926136,0.23032424,0.00107433,211.95400915,1.68226703,0.00784683,8.41608283,0.06679798,0.00031158
2026-04-09 15:59:53,1.00000000,0.00793955,0.00003699,125.95167456,1.00000000,0.00466064,190.36502739,1.51141323,0.00704225,195.27439229,1.55039139,0.00722387,21192.99985360,168.26294630,0.78421349,39.55087098,0.31401624,0.00146312,42.26894351,0.33559652,0.00156367,7419.73140861,58.90935102,0.27455544,362.84340921,2.88081449,0.01342282,34.50182448,0.27392907,0.00127634,0.01581092,0.00012553,0.00000058,2.91731337,0.02316216,0.00010792,1.70097004,0.01350494,0.00006292,0.77246968,0.00613306,0.00002858,0.71468172,0.00567425,0.00002644,67.86802270,0.53884177,0.00251067,28.38881852,0.22539453,0.00105020,4.51991997,0.03588614,0.00016721,25149.24571523,199.67377014,0.93035662,29.04119399,0.23057410,0.00107433,212.11420305,1.68409196,0.00784683,8.42244367,0.06687044,0.00031157
2026-04-09 16:05:56,1.00000000,0.00792582,0.00003706,126.16985143,1.00000000,0.00467568,190.03031506,1.50614678,0.00704225,194.93104799,1.54498912,0.00722387,21229.71093647,168.26294630,0.78674293,39.48133004,0.31292206,0.00146312,42.19462347,0.33442715,0.00156367,7432.58406640,58.90935102,0.27544101,362.20543403,2.87077642,0.01342282,34.44116110,0.27297457,0.00127634,0.01578312,0.00012509,0.00000058,2.91218395,0.02308146,0.00010792,1.69797929,0.01345788,0.00006292,0.76123486,0.00603341,0.00002821,0.71468172,0.00566444,0.00002649,67.74869268,0.53696419,0.00251067,28.33890343,0.22460915,0.00105020,4.51197275,0.03576110,0.00016721,25149.24571523,199.32848799,0.93199532,28.99013185,0.22977067,0.00107433,211.74124988,1.67822382,0.00784683,8.40763477,0.06663743,0.00031157
2026-04-09 16:11:59,1.00000000,0.00793425,0.00003704,126.03587362,1.00000000,0.00466390,190.12783452,1.50852157,0.00704225,195.03108240,1.54742516,0.00722387,21207.16743486,168.26294630,0.78476212,39.50159100,0.31341546,0.00146312,42.21627684,0.33495445,0.00156367,7424.69152036,58.90935102,0.27474752,362.39131005,2.87530288,0.01342282,34.45883557,0.27340498,0.00127634,0.01579122,0.00012529,0.00000058,2.91367842,0.02311785,0.00010792,1.69885065,0.01347910,0.00006292,0.76123486,0.00603983,0.00002820,0.71468172,0.00567046,0.00002647,67.78345984,0.53781085,0.00251067,28.35344634,0.22496330,0.00105020,4.51428820,0.03581749,0.00016721,25149.24571523,199.54037682,0.93151728,29.00500896,0.23013296,0.00107433,211.84991093,1.68086994,0.00784683,8.41194939,0.06674250,0.00031158
2026-04-09 16:18:03,1.00000000,0.00791575,0.00003703,126.33035022,1.00000000,0.00467853,190.15589311,1.50522731,0.00704225,195.05986460,1.54404594,0.00722387,21256.71693485,168.26294630,0.78722351,39.50742055,0.31273103,0.00146312,42.22250702,0.33422299,0.00156367,7442.03894564,58.90935102,0.27560926,362.44479085,2.86902387,0.01342282,34.46392092,0.27280793,0.00127634,0.01579355,0.00012502,0.00000058,2.91410842,0.02306737,0.00010792,1.69910136,0.01344967,0.00006292,0.76097578,0.00602370,0.00002818,0.71468172,0.00565724,0.00002647,67.79346316,0.53663639,0.00251067,28.35763067,0.22447203,0.00105020,4.51495441,0.03573927,0.00016721,25149.24571523,199.07524733,0.93137983,29.00928945,0.22963040,0.00107433,211.88117521,1.67719930,0.00784683,8.41319081,0.06659675,0.00031158
2026-04-09 16:24:06,1.00000000,0.00793734,0.00003703,125.98686198,1.00000000,0.00466575,190.15987964,1.50936278,0.00704225,195.06395394,1.54828806,0.00722387,21198.92059266,168.26294630,0.78507274,39.50824880,0.31359023,0.00146312,42.22339219,0.33514123,0.00156367,7421.80427672,58.90935102,0.27485627,362.45238934,2.87690624,0.01342282,34.46464344,0.27355744,0.00127634,0.01579388,0.00012536,0.00000058,2.91416951,0.02313074,0.00010792,1.69913698,0.01348662,0.00006292,0.76097578,0.00604012,0.00002818,0.71468172,0.00567267,0.00002647,67.79488442,0.53811075,0.00251067,28.35822518,0.22508875,0.00105020,4.51504906,0.03583746,0.00016721,25149.24571523,199.61800238,0.93136031,29.00989761,0.23026129,0.00107433,211.88561720,1.68180724,0.00784683,8.41336718,0.06677972,0.00031158
2026-04-09 16:30:09,1.00000000,0.00794538,0.00003705,125.85926126,1.00000000,0.00466246,190.09365901,1.51036687,0.00704225,194.99602553,1.54931805,0.00722387,21177.45011984,168.26294630,0.78451896,39.49449059,0.31379884,0.00146312,42.20868846,0.33536418,0.00156367,7414.28740121,58.90935102,0.27466239,362.32617015,2.87882009,0.01342282,34.45264159,0.27373942,0.00127634,0.01578838,0.00012544,0.00000058,2.91315469,0.02314613,0.00010792,1.69854528,0.01349559,0.00006292,0.76097578,0.00604624,0.00002819,0.71468172,0.00567842,0.00002648,67.77127576,0.53846872,0.00251067,28.34834981,0.22523849,0.00105020,4.51347675,0.03586130,0.00016721,25149.24571523,199.82038241,0.93168475,28.99979530,0.23041447,0.00107433,211.81183087,1.68292606,0.00784683,8.41043734,0.06682414,0.00031157
2026-04-09 16:36:12,1.00000000,0.00795928,0.00003700,125.63947055,1.00000000,0.00464814,190.35245363,1.51506889,0.00704225,195.26149426,1.55414133,0.00722387,21140.46748579,168.26294630,0.78210986,39.54825862,0.31477575,0.00146312,42.26615162,0.33640823,0.00156367,7401.33967256,58.90935102,0.27381896,362.81944312,2.88778233,0.01342282,34.49954561,0.27459162,0.00127634,0.01580988,0.00012584,0.00000058,2.91712068,0.02321819,0.00010792,1.70085769,0.01353761,0.00006292,0.76097578,0.00605682,0.00002815,0.71468172,0.00568835,0.00002644,67.86353997,0.54014506,0.00251067,28.38694342,0.22593969,0.00105020,4.51962143,0.03597294,0.00016721,25149.24571523,200.16994346,0.93041808,29.03927579,0.23113179,0.00107433,212.10019274,1.68816529,0.00784683,8.42188736,0.06703218,0.00031158
2026-04-09 16:42:16,1.00000000,0.00796481,0.00003694,125.55227346,1.00000000,0.00463739,190.66084363,1.51857739,0.00704225,195.57783740,1.55774031,0.00722387,21125.79544754,168.26294630,0.78030172,39.61233075,0.31550469,0.00146312,42.33462701,0.33718726,0.00156367,7396.20294894,58.90935102,0.27318592,363.40724689,2.89446966,0.01342282,34.55543833,0.27522750,0.00127634,0.01583549,0.00012613,0.00000058,2.92184670,0.02327195,0.00010792,1.70361325,0.01356896,0.00006292,0.76097578,0.00606103,0.00002811,0.71468172,0.00569230,0.00002640,67.97348569,0.54139590,0.00251067,28.43293310,0.22646291,0.00105020,4.52694367,0.03605625,0.00016721,25149.24571523,200.30896313,0.92891314,29.08632232,0.23166703,0.00107433,212.44381625,1.69207463,0.00784683,8.43553166,0.06718741,0.00031157
2026-04-09 16:48:19,1.00000000,0.00796249,0.00003688,125.58885132,1.00000000,0.00463386,190.96039265,1.52052026,0.00704225,195.88511155,1.55973328,0.00722387,21131.95014597,168.26294630,0.77970689,39.67456605,0.31590834,0.00146312,42.40113933,0.33761866,0.00156367,7398.35772691,58.90935102,0.27297767,363.97819938,2.89817285,0.01342282,34.60972869,0.27557963,0.00127634,0.01586037,0.00012629,0.00000058,2.92643724,0.02330173,0.00010792,1.70628981,0.01358632,0.00006292,0.76097578,0.00605926,0.00002806,0.71468172,0.00569065,0.00002636,68.08027946,0.54208856,0.00251067,28.47760435,0.22675265,0.00105020,4.53405599,0.03610238,0.00016721,25149.24571523,200.25062297,0.92745601,29.13202011,0.23196343,0.00107433,212.77758870,1.69423947,0.00784683,8.44878480,0.06727337,0.00031158
2026-04-09 16:54:23,1.00000000,0.00795835,0.00003687,125.65421698,1.00000000,0.00463292,190.97954275,1.51988168,0.00704225,195.90475553,1.55907824,0.00722387,21142.94876471,168.26294630,0.77954891,39.67854474,0.31577567,0.00146312,42.40539145,0.33747687,0.00156367,7402.20837559,58.90935102,0.27292236,364.01470025,2.89695570,0.01342282,34.61319947,0.27546389,0.00127634,0.01586196,0.00012623,0.00000058,2.92673072,0.02329194,0.00010792,1.70646093,0.01358061,0.00006292,0.76097578,0.00605611,0.00002806,0.71468172,0.00568769,0.00002635,68.08710676,0.54186090,0.00251067,28.48046017,0.22665742,0.00105020,4.53451068,0.03608721,0.00016721,25149.24571523,200.14645206,0.92736301,29.13494156,0.23186601,0.00107433,212.79892670,1.69352794,0.00784683,8.44963207,0.06724511,0.00031158
2026-04-09 17:00:25,1.00000000,0.00795423,0.00003689,125.71923884,1.00000000,0.00463961,190.88007461,1.51830441,0.00704225,195.80272217,1.55746029,0.00722387,21153.88953489,168.26294630,0.78067372,39.65787890,0.31544797,0.00146312,42.38330539,0.33712665,0.00156367,7406.03877132,58.90935102,0.27331616,363.82510996,2.89394935,0.01342282,34.59517182,0.27517802,0.00127634,0.01585370,0.00012610,0.00000058,2.92520638,0.02326777,0.00010792,1.70557215,0.01356652,0.00006292,0.76097578,0.00605298,0.00002808,0.71468172,0.00568474,0.00002637,68.05164486,0.54129858,0.00251067,28.46562665,0.22642220,0.00105020,4.53214896,0.03604976,0.00016721,25149.24571523,200.04293652,0.92784626,29.11976717,0.23162539,0.00107433,212.68809433,1.69177046,0.00784683,8.44523124,0.06717533,0.00031157
2026-04-09 17:06:28,1.00000000,0.00795691,0.00003698,125.67699900,1.00000000,0.00464654,190.44908252,1.51538535,0.00704225,195.36061514,1.55446595,0.00722387,21146.78213378,168.26294630,0.78184080,39.56833456,0.31484150,0.00146312,42.28760724,0.33647849,0.00156367,7403.55044935,58.90935102,0.27372476,363.00362168,2.88838550,0.01342282,34.51705867,0.27464897,0.00127634,0.01581790,0.00012586,0.00000058,2.91860150,0.02322304,0.00010792,1.70172110,0.01354043,0.00006292,0.76097578,0.00605501,0.00002814,0.71468172,0.00568665,0.00002643,67.89798963,0.54025788,0.00251067,28.40135352,0.22598689,0.00105020,4.52191573,0.03598046,0.00016721,25149.24571523,200.11017064,0.92994601,29.05401704,0.23118007,0.00107433,212.20786147,1.68851789,0.00784683,8.42616258,0.06704618,0.00031157
2026-04-09 17:12:31,1.00000000,0.00796332,0.00003706,125.57570987,1.00000000,0.00465149,190.04704678,1.51340611,0.00704225,194.94821121,1.55243567,0.00722387,21129.73892688,168.26294630,0.78267416,39.48480627,0.31443029,0.00146312,42.19833861,0.33603902,0.00156367,7397.58357262,58.90935102,0.27401652,362.23732537,2.88461300,0.01342282,34.44419357,0.27429026,0.00127634,0.01578451,0.00012570,0.00000058,2.91244037,0.02319270,0.00010792,1.69812879,0.01352275,0.00006292,0.76097578,0.00605990,0.00002820,0.71468172,0.00569124,0.00002648,67.75465779,0.53955226,0.00251067,28.34139860,0.22569173,0.00105020,4.51237002,0.03593346,0.00016721,25149.24571523,200.27157912,0.93191326,28.99268436,0.23087812,0.00107433,211.75989321,1.68631253,0.00784683,8.40837505,0.06695861,0.00031157
