timestamp,lunc_price_usd,weso_price_lunc,weso_price_usd
2025-01-14 13:43:52,0.00010135518927313,1.297279,0.00013148595858505682
2025-01-14 13:57:20,0.000101516794574265,1.297279,0.00013169560574850792
2025-01-14 13:57:53,0.000101506798714866,1.297279,0.00013168263833002265
2025-01-14 13:58:38,0.000101418660829694,1.297279,0.00013156829890248462
2025-01-14 13:58:53,0.000101368681201846,1.297279,0.0001315034613808496
2025-01-14 13:59:55,0.000101418660829694,1.297279,0.00013156829890248462
2025-01-14 13:59:56,0.000101418660829694,1.297279,0.00013156829890248462
2025-01-14 14:00:55,0.000101431929486816,1.297279,0.00013158551205272719
2025-01-14 14:01:56,0.000101418660829694,1.297279,0.00013156829890248462
2025-01-14 14:02:58,0.000101431929486816,1.297279,0.00013158551205272719
2025-01-14 14:03:59,0.000101321970757699,1.297279,0.000131442864902577
2025-01-14 14:04:01,0.000101321970757699,1.297279,0.000131442864902577
2025-01-14 14:05:00,0.000101162030788073,1.297279,0.00013123537813872056
2025-01-14 14:06:01,0.000101305333861032,1.297279,0.00013142128220590573
2025-01-14 14:06:10,0.000101305333861032,1.297279,0.00013142128220590573
2025-01-14 14:07:02,0.000101212483460171,1.297279,0.0001313008293307272
2025-01-14 14:08:03,0.000101182494576183,1.297279,0.00013126192538129612
2025-01-14 14:08:23,0.000101355315171982,1.297279,0.00013148612191099364
2025-01-14 14:09:04,0.000101320328254317,1.297279,0.0001314407341174321
2025-01-14 14:09:25,0.000101222479754834,1.297279,0.00013131379731387132
2025-01-14 14:10:05,0.000101252468638822,1.297279,0.00013135270126330236
2025-01-14 14:10:26,0.000101162501986858,1.297279,0.00013123598941500915
2025-01-14 14:11:06,0.000101162649327418,1.297279,0.0001312361805568235
2025-01-14 14:11:26,0.000101142656708974,1.297279,0.00013121024455276108
2025-01-14 14:12:07,0.000100992564977591,1.297279,0.00013101553370156428
2025-01-14 14:12:27,0.000101012704689087,1.297279,0.0001310416605263541
2025-01-14 14:13:08,0.000101082678853642,1.297279,0.00013113243654057385
2025-01-14 14:13:28,0.000101162649327418,1.297279,0.0001312361805568235
2025-01-14 14:14:09,0.000101162649327418,1.297279,0.0001312361805568235
2025-01-14 14:14:29,0.00010117264563664,1.297279,0.0001312491485588547
2025-01-14 14:15:10,0.000101200379623062,1.297279,0.00013128512727702624
2025-01-14 14:15:30,0.000101180386996366,1.297279,0.0001312591912622587
2025-01-14 14:16:11,0.000101225370406432,1.297279,0.0001313175472954857
2025-01-14 14:16:31,0.000101225370406432,1.297279,0.0001313175472954857
2025-01-14 14:17:12,0.000101265355659825,1.297279,0.00013136941932502213
2025-01-14 14:17:32,0.000101265355659825,1.297279,0.00013136941932502213
2025-01-14 14:18:13,0.000101294988384324,1.297279,0.00013140786123622746
2025-01-14 14:18:33,0.000101294988384324,1.297279,0.00013140786123622746
2025-01-14 14:19:14,0.00010130998284791,1.297279,0.00013142731323895383
2025-01-14 14:19:34,0.000101329975466025,1.297279,0.00013145324924258945
2025-01-14 14:20:15,0.000101354535870709,1.297279,0.0001314851109398175
2025-01-14 14:20:35,0.000101349537716249,1.297279,0.0001314786269389978
2025-01-14 14:21:16,0.000101406492709326,1.297279,0.00013155251345546172
2025-01-14 14:21:36,0.000101416488943701,1.297279,0.0001315654813603955
2025-01-14 14:22:17,0.000101441479529638,1.297279,0.00013159790112272926
2025-01-14 14:22:37,0.000101421487060888,1.297279,0.00013157196531286174
2025-01-14 14:23:18,0.000101451475764013,1.297279,0.00013161086902766303
2025-01-14 14:23:38,0.000101436481412451,1.297279,0.00013159141717026304
2025-01-14 14:24:19,0.000101436481412451,1.297279,0.00013159141717026304
2025-01-14 14:24:39,0.000101451475764013,1.297279,0.00013161086902766303
2025-01-14 14:25:20,0.000101532509702109,1.297279,0.00013171599265384226
2025-01-14 14:25:40,0.000101554136732536,1.297279,0.00013174404894624757
2025-01-14 14:26:21,0.000101531959939981,1.297279,0.0001317152794589786
2025-01-14 14:26:42,0.00010149763161615,1.297279,0.00013167074604536746
2025-01-14 14:27:22,0.000101517623270989,1.297279,0.00013169668079936536
2025-01-14 14:27:43,0.000101644098948197,1.297279,0.00013186075503941806
2025-01-14 14:28:23,0.000101649096849067,1.297279,0.0001318672387112608
2025-01-14 14:28:44,0.000101659092650807,1.297279,0.00013188020605494626
2025-01-14 14:29:24,0.000101649096849067,1.297279,0.0001318672387112608
2025-01-14 14:29:45,0.000101787800705468,1.297279,0.00013204717631138882
2025-01-14 14:30:25,0.000101787800705468,1.297279,0.00013204717631138882
2025-01-14 14:30:45,0.000101818628074919,1.297279,0.00013208716801040284
2025-01-14 14:31:26,0.000101792798598829,1.297279,0.00013205365997349028
2025-01-14 14:31:47,0.000101792798598829,1.297279,0.00013205365997349028
2025-01-14 14:32:27,0.000101822785958999,1.297279,0.00013209256194610428
2025-01-14 14:32:48,0.000101877762785977,1.297279,0.00013216388222922948
2025-01-14 14:33:28,0.000101752815451936,1.297279,0.00013200179067667208
2025-01-14 14:33:49,0.000101752815451936,1.297279,0.00013200179067667208
2025-01-14 14:34:29,0.000101627577372602,1.297279,0.00013183932194635176
2025-01-14 14:34:50,0.000101627577372602,1.297279,0.00013183932194635176
2025-01-14 14:35:30,0.000101948665150102,1.297279,0.00013225586237725916
2025-01-14 14:35:50,0.000101948665150102,1.297279,0.00013225586237725916
2025-01-14 14:36:31,0.000101993645938357,1.297279,0.00013231421500926584
2025-01-14 14:36:51,0.000101993645938357,1.297279,0.00013231421500926584
2025-01-14 14:37:32,0.000101916179025252,1.297279,0.0001322137188096999
2025-01-14 14:37:52,0.000101916179025252,1.297279,0.0001322137188096999
2025-01-14 14:38:33,0.000102028630995889,1.297279,0.0001323596003897159
2025-01-14 14:39:34,0.000102098601110952,1.297279,0.0001324503711506147
2025-01-14 14:39:56,0.000102103598976314,1.297279,0.00013245685477639366
2025-01-14 14:40:35,0.000102125667005354,1.297279,0.00013248548316703864
2025-01-14 14:40:57,0.000102140661145387,1.297279,0.0001325049347500265
2025-01-14 14:41:36,0.000102195639658842,1.297279,0.0001325762572209829
2025-01-14 14:41:58,0.000102185643565486,1.297279,0.0001325632894989901
2025-01-14 14:42:37,0.000102135663098709,1.297279,0.00013249845088903012
2025-01-14 14:42:59,0.000102165651378775,1.297279,0.00013253735405500586
2025-01-14 14:43:38,0.000102052449556791,1.297279,0.00013239049970858427
2025-01-14 14:44:00,0.000102060692398543,1.297279,0.00013240119297408946
2025-01-14 14:44:39,0.000101992471625815,1.297279,0.00013231269159826568
2025-01-14 14:45:01,0.000101832530476544,1.297279,0.00013210520330408053
2025-01-14 14:45:40,0.000101852523120202,1.297279,0.00013213113934085254
2025-01-14 14:46:02,0.000101872515763861,1.297279,0.00013215707537762584
2025-01-14 14:46:41,0.000101772552545567,1.297279,0.0001320273951937606
2025-01-14 14:47:03,0.000101763351562065,1.297279,0.00013201545895108414
2025-01-14 14:47:42,0.000101703373162323,1.297279,0.00013193765023264523
2025-01-14 14:48:04,0.000101643394762581,1.297279,0.0001318598415142063
2025-01-14 14:48:43,0.000101523437963098,1.297279,0.0001317042240773298
2025-01-14 14:49:05,0.000101533434363055,1.297279,0.00013171719219706962
2025-01-14 14:49:44,0.000101683380362409,1.297279,0.0001319117139931656
2025-01-14 14:50:06,0.000101683380362409,1.297279,0.0001319117139931656
2025-01-14 14:50:45,0.000101503445163184,1.297279,0.0001316782878378502
2025-01-14 14:51:07,0.000101503445163184,1.297279,0.0001316782878378502
2025-01-14 14:51:46,0.000101623401962667,1.297279,0.0001318339052747267
2025-01-14 14:52:08,0.000101623401962667,1.297279,0.0001318339052747267
2025-01-14 14:52:47,0.000101768462038588,1.297279,0.0001320220886649574
2025-01-14 14:53:09,0.000101768462038588,1.297279,0.0001320220886649574
2025-01-14 14:53:48,0.000101856478972733,1.297279,0.0001321362711852681
2025-01-14 14:54:10,0.000101856478972733,1.297279,0.0001321362711852681
2025-01-14 14:54:49,0.000101588517803156,1.297279,0.00013178865078716041
2025-01-14 14:55:11,0.000101448561175598,1.297279,0.0001316070879933186
2025-01-14 14:55:50,0.000101428567371661,1.297279,0.00013158115045134103
2025-01-14 14:56:12,0.000101428567371661,1.297279,0.00013158115045134103
2025-01-14 14:56:51,0.00010143856427363,1.297279,0.00013159411922233045
2025-01-14 14:57:13,0.000101398576665756,1.297279,0.00013154224413837527
2025-01-14 14:57:52,0.000101591644780937,1.297279,0.00013179270734976919
2025-01-14 14:58:14,0.00010155165987696,1.297279,0.0001317408357735228
2025-01-14 14:58:53,0.00010155165987696,1.297279,0.0001317408357735228
2025-01-14 14:59:15,0.000101401716487044,1.297279,0.00013154631736259596
2025-01-14 14:59:54,0.000101441701391022,1.297279,0.00013159818893884362
2025-01-14 15:00:16,0.000101491682520994,1.297279,0.00013166302840915257
2025-01-14 15:00:55,0.000101561656102954,1.297279,0.00013175380366758408
2025-01-14 15:01:17,0.000101641625910909,1.297279,0.00013185754682007813
2025-01-14 15:01:56,0.000101511674972982,1.297279,0.00013168896419727514
2025-01-14 15:02:19,0.00010155165987696,1.297279,0.0001317408357735228
2025-01-14 15:02:57,0.000101513350029053,1.297279,0.00013169113721233985
2025-01-14 15:03:20,0.000101445608254753,1.297279,0.00013160325723111772
2025-01-14 15:03:58,0.000101440610067688,1.297279,0.00013159677318800022
2025-01-14 15:04:21,0.000101490591938337,1.297279,0.0001316616136191739
2025-01-14 15:04:59,0.000101540573808986,1.297279,0.00013172645405034756
2025-01-14 15:05:22,0.000101580559305506,1.297279,0.00013177832639528752
2025-01-14 15:06:00,0.000101560566557246,1.297279,0.00013175239022281755
2025-01-14 15:06:23,0.000101550570183116,1.297279,0.00013173942213658255
2025-01-14 15:07:01,0.000101570221019926,1.297279,0.00013176491475450859
2025-01-14 15:07:24,0.000101570221019926,1.297279,0.00013176491475450859
2025-01-14 15:08:02,0.000101655189577416,1.297279,0.00013187514267980067
2025-01-14 15:08:25,0.000101655189577416,1.297279,0.00013187514267980067
2025-01-14 15:09:03,0.000101655189577416,1.297279,0.00013187514267980067
2025-01-14 15:09:26,0.000101655189577416,1.297279,0.00013187514267980067
2025-01-14 15:10:04,0.000101715167382703,1.297279,0.00013195295062706558
2025-01-14 15:10:27,0.000101715167382703,1.297279,0.00013195295062706558
2025-01-14 15:11:05,0.000101817710367288,1.297279,0.000132085977487565
2025-01-14 15:11:28,0.000101757731914811,1.297279,0.0001320081687007141
2025-01-14 15:12:07,0.000101777724732303,1.297279,0.0001320341049629973
2025-01-14 15:12:29,0.00010177272652793,1.297279,0.0001320276208974265
2025-01-14 15:13:08,0.000101827706776034,1.297279,0.00013209894561870664
2025-01-14 15:13:30,0.000101857696002272,1.297279,0.00013213785001213143
2025-01-14 15:14:09,0.000101852697797899,1.297279,0.0001321313659465606
2025-01-14 15:14:32,0.000101872690615392,1.297279,0.00013215730220884512
2025-01-14 15:15:10,0.000102092676059507,1.297279,0.00013244268470580118
2025-01-14 15:15:33,0.000102112669048118,1.297279,0.00013246862119007348
2025-01-14 15:16:11,0.000102127663789576,1.297279,0.00013248807355327737
2025-01-14 15:16:34,0.000102062686576592,1.297279,0.0001324037799793947
2025-01-14 15:17:12,0.000102093344708646,1.297279,0.00013244355213028758
2025-01-14 15:17:35,0.000102133331086212,1.297279,0.00013249542561819002
2025-01-14 15:18:13,0.000102193310652561,1.297279,0.00013257323585004368
2025-01-14 15:18:36,0.000102153324274995,1.297279,0.00013252136236214124
2025-01-14 15:19:14,0.000102173317463778,1.297279,0.00013254729910609246
2025-01-14 15:19:37,0.000102188312355365,1.297279,0.00013256675166405555
2025-01-14 15:20:15,0.000102178499761315,1.297279,0.00013255402199185897
2025-01-14 15:20:38,0.000102198492896983,1.297279,0.0001325799586669052
2025-01-14 15:21:16,0.000102198492896983,1.297279,0.0001325799586669052
2025-01-14 15:21:39,0.000102183498045232,1.297279,0.00013256050616062054
2025-01-14 15:22:17,0.000102183498045232,1.297279,0.00013256050616062054
2025-01-14 15:22:40,0.000102183498045232,1.297279,0.00013256050616062054
2025-01-14 15:23:18,0.000102075495689102,1.297279,0.00013242039697206257
2025-01-14 15:23:41,0.000101925546376074,1.297279,0.0001322258708772069
2025-01-14 15:24:19,0.000101865566650862,1.297279,0.00013214806043926363
2025-01-14 15:24:42,0.000101905553134336,1.297279,0.00013219993406455828
2025-01-14 15:25:20,0.000101875563271731,1.297279,0.00013216102884558792
2025-01-14 15:25:43,0.000101945539617811,1.297279,0.00013225180768985424
2025-01-14 15:26:21,0.000101855570029993,1.297279,0.0001321350920329393
2025-01-14 15:26:44,0.000101855570029993,1.297279,0.0001321350920329393
2025-01-14 15:27:22,0.000101767864681151,1.297279,0.0001320213137256989
2025-01-14 15:27:45,0.000101767864681151,1.297279,0.0001320213137256989
2025-01-14 15:28:23,0.00010159791834524,1.297279,0.0001318008459129946
2025-01-14 15:28:46,0.00010159791834524,1.297279,0.0001318008459129946
2025-01-14 15:29:24,0.000101667896248262,1.297279,0.00013189162677704907
2025-01-14 15:29:47,0.000101667896248262,1.297279,0.00013189162677704907
2025-01-14 15:30:25,0.000101727877307995,1.297279,0.00013196943894623847
2025-01-14 15:30:48,0.000101707883621418,1.297279,0.00013194350155650952
2025-01-14 15:31:27,0.000101887826800618,1.297279,0.00013217693806407893
2025-01-14 15:31:50,0.000101847839427462,1.297279,0.00013212506328461848
2025-01-14 15:32:28,0.000101857836270751,1.297279,0.00013213803197948358
2025-01-14 15:32:51,0.000101756429158049,1.297279,0.00013200647866172465
2025-01-14 15:33:29,0.000101906379687312,1.297279,0.0001322010063343764
2025-01-14 15:33:53,0.000101751526016249,1.297279,0.00013200011791883348
2025-01-14 15:34:30,0.00010169154578304,1.297279,0.00013192230682187637
2025-01-14 15:34:54,0.000101696544135808,1.297279,0.00013192879107995687
2025-01-14 15:35:31,0.000101788441304974,1.297279,0.00013204800734767537
2025-01-14 15:35:55,0.000101803436474717,1.297279,0.0001320674602664844
2025-01-14 15:36:32,0.000101756429158049,1.297279,0.00013200647866172465
2025-01-14 15:36:56,0.000101788441304974,1.297279,0.00013204800734767537
2025-01-14 15:37:33,0.00010180093727976,1.297279,0.00013206421811334977
2025-01-14 15:37:57,0.000101816504602226,1.297279,0.00013208441327387116
2025-01-14 15:38:34,0.000101840924399073,1.297279,0.00013211609256350503
2025-01-14 15:38:58,0.000101713980306196,1.297279,0.00013195141065764165
2025-01-14 15:39:35,0.000101803948446024,1.297279,0.00013206812443610958
2025-01-14 15:39:59,0.000101795938889846,1.297279,0.00013205773380708052
2025-01-14 15:40:36,0.000101803948446024,1.297279,0.00013206812443610958
2025-01-14 15:41:00,0.000101693987386234,1.297279,0.00013192547426242628
2025-01-14 15:41:36,0.000101663998006291,1.297279,0.0001318865696696032
2025-01-14 15:42:01,0.000101793951986043,1.297279,0.00013205515623850188
2025-01-14 15:42:37,0.000101813944906005,1.297279,0.00013208109263371728
2025-01-14 15:43:02,0.000101873923665891,1.297279,0.0001321589018193634
2025-01-14 15:43:39,0.000101924561724794,1.297279,0.00013222459350977904
2025-01-14 15:44:03,0.000101924561724794,1.297279,0.00013222459350977904
2025-01-14 15:44:39,0.000101879577641182,1.297279,0.00013216623660277496
2025-01-14 15:45:04,0.000101879577641182,1.297279,0.00013216623660277496
2025-01-14 15:45:41,0.000101938734198134,1.297279,0.00013224297916182107
2025-01-14 15:46:05,0.000101938734198134,1.297279,0.00013224297916182107
2025-01-14 15:46:41,0.000101853936646415,1.297279,0.00013213297307872461
2025-01-14 15:47:06,0.000101743975580255,1.297279,0.00013199032289677764
2025-01-14 15:47:43,0.000101654007435214,1.297279,0.000131873609111547
2025-01-14 15:48:07,0.000101664397701638,1.297279,0.00013188708818598325
2025-01-14 15:48:44,0.000101824341690156,1.297279,0.00013209458016346387
2025-01-14 15:49:08,0.000101744369695897,1.297279,0.0001319908341747236
2025-01-14 15:49:45,0.000101764362694462,1.297279,0.00013201677067190898
2025-01-14 15:50:10,0.000101814345190873,1.297279,0.00013208161191487054
2025-01-14 15:50:46,0.000101794352192309,1.297279,0.00013205567541768644
2025-01-14 15:51:11,0.000101824341690156,1.297279,0.00013209458016346387
2025-01-14 15:51:47,0.000101744369695897,1.297279,0.0001319908341747236
2025-01-14 15:52:12,0.000101854331188003,1.297279,0.00013213348490924136
2025-01-14 15:52:48,0.000101764362694462,1.297279,0.00013201677067190898
2025-01-14 15:53:13,0.000101883753670296,1.297279,0.00013217165407764794
2025-01-14 15:53:49,0.000101898748359706,1.297279,0.00013219110637333105
2025-01-14 15:54:15,0.000101779493475759,1.297279,0.00013203639951673917
2025-01-14 15:54:50,0.000101779493475759,1.297279,0.00013203639951673917
2025-01-14 15:55:16,0.000101764498973251,1.297279,0.0001320169474635201
2025-01-14 15:55:51,0.000101749504470742,1.297279,0.00013199749541029971
2025-01-14 15:56:17,0.000101799486145771,1.297279,0.00013206233558769965
2025-01-14 15:56:52,0.000101764498973251,1.297279,0.0001320169474635201
2025-01-14 15:57:18,0.000101714637727703,1.297279,0.00013195226351675682
2025-01-14 15:57:53,0.000101724634252296,1.297279,0.00013196523179818433
2025-01-14 15:58:19,0.000101764498973251,1.297279,0.0001320169474635201
2025-01-14 15:58:54,0.000101739508135736,1.297279,0.00013198452737481946
2025-01-14 15:59:20,0.000101752299186251,1.297279,0.0001320011209360405
2025-01-14 15:59:55,0.000101692697486792,1.297279,0.00013192380090296804
2025-01-14 16:00:21,0.000101652712154054,1.297279,0.00013187192877049902
2025-01-14 16:00:57,0.000101612726821315,1.297279,0.0001318200566380287
2025-01-14 16:01:22,0.000101612726821315,1.297279,0.0001318200566380287
2025-01-14 16:01:58,0.000101572741488577,1.297279,0.0001317681845055597
2025-01-14 16:02:23,0.000101572741488577,1.297279,0.0001317681845055597
2025-01-14 16:02:59,0.000101442789157177,1.297279,0.00013159960007503343
2025-01-14 16:03:24,0.000101243894340807,1.297279,0.00013134157800654778
2025-01-14 16:04:00,0.00010115392642522,1.297279,0.00013122486451898297
2025-01-14 16:04:26,0.000101093947814829,1.297279,0.00013114705552727356
2025-01-14 16:05:01,0.000101113940684959,1.297279,0.00013117299185784294
2025-01-14 16:05:27,0.000100973990594046,1.297279,0.0001309914375438534
2025-01-14 16:06:02,0.000101023972769372,1.297279,0.00013105627837027814
2025-01-14 16:06:28,0.000100914011983654,1.297279,0.00013091362855214268
2025-01-14 16:07:03,0.000100864029808328,1.297279,0.00013084878772571794
2025-01-14 16:07:29,0.000100963994158981,1.297279,0.00013097846937856872
2025-01-14 16:08:05,0.00010099728762381,1.297279,0.00013102166029132863
2025-01-14 16:08:30,0.000101233897905742,1.297279,0.00013132860984126307
2025-01-14 16:09:07,0.000101157235817612,1.297279,0.0001312291577242359
2025-01-14 16:09:31,0.000101229418414597,1.297279,0.00013132279869147
2025-01-14 16:10:08,0.000101309391721805,1.297279,0.00013142654638347148
2025-01-14 16:10:32,0.000101284400063302,1.297279,0.00013139412522972037
2025-01-14 16:11:09,0.000101187226103949,1.297279,0.00013126806349290487
2025-01-14 16:11:33,0.000101187226103949,1.297279,0.00013126806349290487
2025-01-14 16:12:11,0.000101057268196485,1.297279,0.00013109947182866788
2025-01-14 16:12:34,0.000101117248769161,1.297279,0.00013117728336600843
2025-01-14 16:13:12,0.000101087258482823,1.297279,0.00013113837759733815
2025-01-14 16:13:36,0.000101159408978756,1.297279,0.0001312319769205516
2025-01-14 16:14:13,0.000101015316889382,1.297279,0.0001310450492789406
2025-01-14 16:14:37,0.000101030311457783,1.297279,0.00013106450141764128
2025-01-14 16:15:14,0.000100985327752581,1.297279,0.00013100614500154053
2025-01-14 16:15:38,0.000100995324131514,1.297279,0.00013101911309400637
2025-01-14 16:16:15,0.000101065298784051,1.297279,0.0001311098897412749
2025-01-14 16:16:39,0.000101051472568927,1.297279,0.00013109195328274507
2025-01-14 16:17:16,0.000100991496532144,1.297279,0.00013101414762972324
2025-01-14 16:17:40,0.000101021484550535,1.297279,0.0001310530504562335
2025-01-14 16:18:17,0.000101086458590384,1.297279,0.00013113733991367476
2025-01-14 16:18:41,0.000101098953598047,1.297279,0.00013115354942472082
2025-01-14 16:19:18,0.000101121444611841,1.297279,0.0001311827265446045
2025-01-14 16:19:42,0.000101121444611841,1.297279,0.0001311827265446045
2025-01-14 16:20:19,0.000101041476562797,1.297279,0.00013107898567390873
2025-01-14 16:20:43,0.000101041476562797,1.297279,0.00013107898567390873
2025-01-14 16:21:20,0.000101125140596321,1.297279,0.00013118752126765472
2025-01-14 16:21:44,0.000101125140596321,1.297279,0.00013118752126765472
2025-01-14 16:22:21,0.000101186383276068,1.297279,0.00013126697010999423
2025-01-14 16:22:45,0.000101196379129861,1.297279,0.00013127993752120695
2025-01-14 16:23:22,0.000101201377056758,1.297279,0.00013128642122681397
2025-01-14 16:23:46,0.00010125635425262,1.297279,0.00013135774198848462
2025-01-14 16:24:23,0.000101281343887103,1.297279,0.0001313901605165171
2025-01-14 16:24:47,0.000101268849069862,1.297279,0.00013137395125250152
2025-01-14 16:25:24,0.00010127134803331,1.297279,0.00013137719310530438
2025-01-14 16:25:48,0.00010125635425262,1.297279,0.00013135774198848462
2025-01-14 16:26:25,0.00010127134803331,1.297279,0.00013137719310530438
2025-01-14 16:26:49,0.000101261352179517,1.297279,0.00013136422569409164
2025-01-14 16:27:26,0.000101381536528126,1.297279,0.00013152013832567078
2025-01-14 16:27:50,0.000101381536528126,1.297279,0.00013152013832567078
2025-01-14 16:28:27,0.000101381536528126,1.297279,0.00013152013832567078
2025-01-14 16:28:51,0.000101401528103951,1.297279,0.00013154607297716545
2025-01-14 16:29:28,0.000101381536528126,1.297279,0.00013152013832567078
2025-01-14 16:29:53,0.000101371540740213,1.297279,0.0001315071709999228
2025-01-14 16:30:29,0.000101319062853672,1.297279,0.00013143909253974877
2025-01-14 16:30:54,0.000101306547849348,1.297279,0.00013142285708745433
2025-01-14 16:31:30,0.000101211608133611,1.297279,0.00013129969378796277
2025-01-14 16:31:55,0.000101216586435372,1.297279,0.00013130615203429296
2025-01-14 16:32:31,0.000101156612159388,1.297279,0.0001312283486655187
2025-01-14 16:32:56,0.000101206590722708,1.297279,0.00013129318480616393
2025-01-14 16:33:32,0.000101156612159388,1.297279,0.0001312283486655187
2025-01-14 16:33:57,0.000101093368119071,1.297279,0.0001311463035001403
2025-01-14 16:34:33,0.000101203317402175,1.297279,0.0001312889383961762
2025-01-14 16:34:58,0.000101153340455309,1.297279,0.00013122410435252281
2025-01-14 16:35:34,0.000101033395782833,1.297279,0.0001310685026477578
2025-01-14 16:35:59,0.00010112335428719,1.297279,0.00013118520392633158
2025-01-14 16:36:36,0.000101193322012802,1.297279,0.00013127597158744576
2025-01-14 16:37:00,0.000101193322012802,1.297279,0.00013127597158744576
2025-01-14 16:37:37,0.000101183326623428,1.297279,0.00013126300477871405
2025-01-14 16:38:01,0.000101183326623428,1.297279,0.00013126300477871405
2025-01-14 16:38:38,0.000101112578146582,1.297279,0.00013117122426541976
2025-01-14 16:39:02,0.000101138027266736,1.297279,0.000131204238874564
2025-01-14 16:39:39,0.000101053386561579,1.297279,0.00013109443626521864
2025-01-14 16:40:03,0.000101046404184545,1.297279,0.00013108537817412236
2025-01-14 16:40:40,0.000101002629712456,1.297279,0.0001310285904707452
2025-01-14 16:41:04,0.000101061397005178,1.297279,0.00013110482804548032
2025-01-14 16:41:41,0.000101048147177596,1.297279,0.00013108763932240456
2025-01-14 16:42:05,0.000101004986640657,1.297279,0.00013103164806420488
2025-01-14 16:42:42,0.000100962648463684,1.297279,0.00013097672363631953
2025-01-14 16:43:07,0.000101002629712456,1.297279,0.0001310285904707452
2025-01-14 16:43:43,0.000100972643775877,1.297279,0.00013098969034492595
2025-01-14 16:44:08,0.000100989993672367,1.297279,0.0001310121980012946
2025-01-14 16:44:44,0.00010099998898456,1.297279,0.00013102516470990102
2025-01-14 16:45:09,0.000100945052583328,1.297279,0.00013095389687024715
2025-01-14 16:45:45,0.000100882685966138,1.297279,0.00013087298996746556
2025-01-14 16:46:10,0.000100875083738088,1.297279,0.00013086312775666307
2025-01-14 16:46:46,0.000100974006586876,1.297279,0.0001309914582910159
2025-01-14 16:47:11,0.000100979672530853,1.297279,0.00013099880860115246
2025-01-14 16:47:47,0.000100977355616631,1.297279,0.00013099580291698744
2025-01-14 16:48:12,0.000100979672530853,1.297279,0.00013099880860115246
2025-01-14 16:48:48,0.000101009659174132,1.297279,0.0001310377096437588
2025-01-14 16:49:13,0.000100969676983093,1.297279,0.00013098584158694992
2025-01-14 16:49:49,0.000100974674756973,1.297279,0.0001309923250940512
2025-01-14 16:50:14,0.000101019654721892,1.297279,0.00013105067665796134
2025-01-14 16:50:50,0.000101029650269652,1.297279,0.00013106364367216388
2025-01-14 16:51:15,0.000101029650269652,1.297279,0.00013106364367216388
2025-01-14 16:51:51,0.000100983480446745,1.297279,0.0001310037485304729
2025-01-14 16:52:16,0.000101024652495772,1.297279,0.0001310571601650626
2025-01-14 16:52:52,0.000101022815715725,1.297279,0.00013105477734888
2025-01-14 16:53:17,0.000101062797162728,1.297279,0.00013110664444046662
2025-01-14 16:53:53,0.000101062797162728,1.297279,0.00013110664444046662
2025-01-14 16:54:18,0.000101062797162728,1.297279,0.00013110664444046662
2025-01-14 16:54:54,0.000101036071336227,1.297279,0.00013107197358698923
2025-01-14 16:55:19,0.000101036071336227,1.297279,0.00013107197358698923
2025-01-14 16:55:55,0.000101232867492961,1.297279,0.00013132727310840098
2025-01-14 16:56:20,0.000101232867492961,1.297279,0.00013132727310840098
2025-01-14 16:56:56,0.000101217874704373,1.297279,0.0001313078232786143
2025-01-14 16:57:22,0.000101292838647312,1.297279,0.00013140507242754627
2025-01-14 16:57:57,0.000101282843454921,1.297279,0.00013139210587435646
2025-01-14 16:58:23,0.000101282843454921,1.297279,0.00013139210587435646
2025-01-14 16:58:58,0.000101227869896765,1.297279,0.0001313207898318054
2025-01-14 16:59:24,0.000101237865089157,1.297279,0.00013133375638499652
2025-01-14 17:00:00,0.000101297836243508,1.297279,0.0001314115557041418
2025-01-14 17:00:25,0.000101292838647312,1.297279,0.00013140507242754627
2025-01-14 17:01:01,0.000101310150740355,1.297279,0.000131427531042297
2025-01-14 17:01:26,0.000101256889239113,1.297279,0.00013135843601522727
2025-01-14 17:02:02,0.000101196920693517,1.297279,0.00013128064008036504
2025-01-14 17:02:27,0.000101216910208716,1.297279,0.0001313065720586529
2025-01-14 17:03:03,0.000101216910208716,1.297279,0.0001313065720586529
2025-01-14 17:03:28,0.000101290161144468,1.297279,0.00013140159895933432
2025-01-14 17:04:05,0.000101226904966315,1.297279,0.00013131953804779617
2025-01-14 17:04:29,0.000101206915451116,1.297279,0.00013129360606950832
2025-01-14 17:05:06,0.000101176931178318,1.297279,0.00013125470810207722
2025-01-14 17:05:30,0.000101126957390321,1.297279,0.00013118987815635824
2025-01-14 17:06:07,0.000101255373012269,1.297279,0.00013135646904598332
2025-01-14 17:06:31,0.00010129515854344,1.297279,0.0001314080819800753
2025-01-14 17:07:08,0.000101236118102504,1.297279,0.0001313314900558983
2025-01-14 17:07:32,0.000101285163745496,1.297279,0.0001313951159385933
2025-01-14 17:08:09,0.000101296085750924,1.297279,0.00013140928482687295
2025-01-14 17:08:34,0.000101367620828531,1.297279,0.00013150208578081588
2025-01-14 17:09:10,0.000101446004871973,1.297279,0.00013160377175430827
2025-01-14 17:09:35,0.000101426015655833,1.297279,0.00013157784016398338
2025-01-14 17:10:11,0.000101416021047763,1.297279,0.00013156487436882095
2025-01-14 17:10:36,0.000101426015655833,1.297279,0.00013157784016398338
2025-01-14 17:11:12,0.000101431012959868,1.297279,0.0001315843230615646
2025-01-14 17:11:37,0.000101593629049813,1.297279,0.00013179528150011237
2025-01-14 17:12:13,0.000101617751303219,1.297279,0.00013182657479288867
2025-01-14 17:12:38,0.000101622748443414,1.297279,0.0001318330574779237
2025-01-14 17:13:14,0.000101642737004193,1.297279,0.0001318589882180625
2025-01-14 17:13:39,0.000101682714125752,1.297279,0.00013191084969834145
2025-01-14 17:14:15,0.000101677716985558,1.297279,0.0001319043670133077
2025-01-14 17:14:40,0.000101677716985558,1.297279,0.0001319043670133077
2025-01-14 17:15:16,0.000101737682667896,1.297279,0.00013198215923372546
2025-01-14 17:15:41,0.000101723211008736,1.297279,0.00013196338545420203
2025-01-14 17:16:17,0.000101736432214263,1.297279,0.0001319805370464869
2025-01-14 17:16:42,0.000101774394028501,1.297279,0.00013202978411089975
2025-01-14 17:17:18,0.000101774394028501,1.297279,0.00013202978411089975
2025-01-14 17:17:43,0.000101869336215223,1.297279,0.00013215295061594828
2025-01-14 17:18:19,0.000101874333172419,1.297279,0.00013215943306358255
2025-01-14 17:18:44,0.000101889324044006,1.297279,0.00013217888040648407
2025-01-14 17:19:20,0.000101889324044006,1.297279,0.00013217888040648407
2025-01-14 17:19:45,0.00010190931187279,1.297279,0.00013220481019702115
2025-01-14 17:20:21,0.000101834357514852,1.297279,0.00013210757348250968
2025-01-14 17:20:46,0.000101804375771676,1.297279,0.00013206867879670406
2025-01-14 17:21:22,0.000101817570615591,1.297279,0.00013208579619062327
2025-01-14 17:21:47,0.0001018174616647,1.297279,0.00013208565485092036
2025-01-14 17:22:24,0.000101647566018027,1.297279,0.00013186525279630006
2025-01-14 17:22:49,0.000101577608987044,1.297279,0.00013177449900910346
2025-01-14 17:23:25,0.000101624485312625,1.297279,0.00013183531068187686
2025-01-14 17:23:50,0.000101647566018027,1.297279,0.00013186525279630006
2025-01-14 17:24:26,0.000101667553741165,1.297279,0.0001318911824497848
2025-01-14 17:24:51,0.000101687541464303,1.297279,0.00013191711210326954
2025-01-14 17:25:27,0.000101667553741165,1.297279,0.0001318911824497848
2025-01-14 17:25:52,0.00010171752304901,1.297279,0.00013195600658349666
2025-01-14 17:26:28,0.00010171752304901,1.297279,0.00013195600658349666
2025-01-14 17:26:53,0.000101769006337687,1.297279,0.00013202279477274827
2025-01-14 17:27:29,0.000101749018317195,1.297279,0.00013199686473351242
2025-01-14 17:27:54,0.000101767492356855,1.297279,0.0001320208307172085
2025-01-14 17:28:30,0.000101813867782923,1.297279,0.00013208099258356257
2025-01-14 17:28:55,0.000101831357040669,1.297279,0.00013210368103036205
2025-01-14 17:29:31,0.000101858840159984,1.297279,0.0001321393343039039
2025-01-14 17:29:56,0.000101771592389742,1.297279,0.00013202614960377212
2025-01-14 17:30:32,0.000101796577415358,1.297279,0.00013205856215281822
2025-01-14 17:30:57,0.000101796577415358,1.297279,0.00013205856215281822
2025-01-14 17:31:33,0.00010189472119935,1.297279,0.00013218588202277157
2025-01-14 17:31:58,0.00010189472119935,1.297279,0.00013218588202277157
2025-01-14 17:32:34,0.000101834292043653,1.297279,0.00013210748854809812
2025-01-14 17:32:59,0.000101834292043653,1.297279,0.00013210748854809812
2025-01-14 17:33:35,0.000101824298491931,1.297279,0.00013209452412331376
2025-01-14 17:34:00,0.00010187426625054,1.297279,0.0001321593462472343
2025-01-14 17:34:37,0.000101914708083948,1.297279,0.000132211810588436
2025-01-14 17:35:01,0.000101894253353983,1.297279,0.00013218527509680173
2025-01-14 17:35:38,0.000101764337181601,1.297279,0.00013201673757461016
2025-01-14 17:36:02,0.00010163442100922,1.297279,0.00013184820005241992
2025-01-14 17:36:39,0.000101548788065116,1.297279,0.00013173711023232562
2025-01-14 17:37:03,0.000101578769992505,1.297279,0.0001317760051571069
2025-01-14 17:37:40,0.000101788643484225,1.297279,0.00013204826963057195
2025-01-14 17:38:05,0.00010174866758104,1.297279,0.00013199640973086398
2025-01-14 17:38:41,0.00010174866758104,1.297279,0.00013199640973086398
2025-01-14 17:39:06,0.000101728679629448,1.297279,0.00013197047978101068
2025-01-14 17:39:42,0.000101698697702059,1.297279,0.0001319315848562294
2025-01-14 17:40:07,0.000101698697702059,1.297279,0.0001319315848562294
2025-01-14 17:40:43,0.000101648727823078,1.297279,0.00013186675998159481
2025-01-14 17:41:08,0.000101758661556836,1.297279,0.00013200937470579066
2025-01-14 17:41:44,0.000101790558268269,1.297279,0.00013205075363970174
2025-01-14 17:42:09,0.000101780564104472,1.297279,0.00013203778842088535
2025-01-14 17:42:45,0.000101800552432065,1.297279,0.00013206371885851685
2025-01-14 17:43:10,0.000101800552432065,1.297279,0.00013206371885851685
2025-01-14 17:43:46,0.000101870511578641,1.297279,0.00013215447539022783
2025-01-14 17:44:11,0.000101950164794877,1.297279,0.00013225780783493324
2025-01-14 17:44:48,0.000101950164794877,1.297279,0.00013225780783493324
2025-01-14 17:45:12,0.000101942392716573,1.297279,0.0001322477252809631
2025-01-14 17:45:49,0.000101932398608594,1.297279,0.00013223476013455822
2025-01-14 17:46:14,0.000101960519724414,1.297279,0.00013227124106756808
2025-01-14 17:46:50,0.000101870511578641,1.297279,0.00013215447539022783
2025-01-14 17:47:15,0.000101860517414845,1.297279,0.00013214151017141272
2025-01-14 17:47:51,0.000101939165620746,1.297279,0.00013224353883731576
2025-01-14 17:48:16,0.000101939165620746,1.297279,0.00013224353883731576
2025-01-14 17:48:52,0.000101980447380404,1.297279,0.00013229709279720313
2025-01-14 17:49:17,0.000101980447380404,1.297279,0.00013229709279720313
2025-01-14 17:49:53,0.000102027979626597,1.297279,0.00013235875538201213
2025-01-14 17:50:18,0.000102027979626597,1.297279,0.00013235875538201213
2025-01-14 17:50:54,0.000101899189477365,1.297279,0.0001321916786260066
2025-01-14 17:51:19,0.000101899189477365,1.297279,0.0001321916786260066
2025-01-14 17:51:55,0.00010190918351321,1.297279,0.00013220464367883357
2025-01-14 17:52:20,0.00010190918351321,1.297279,0.00013220464367883357
2025-01-14 17:52:56,0.000101889952125446,1.297279,0.00013217969520334648
2025-01-14 17:53:21,0.000101869963905313,1.297279,0.00013215376490512056
2025-01-14 17:53:57,0.000101919934455645,1.297279,0.0001322185906506847
2025-01-14 17:54:22,0.000101929928565711,1.297279,0.000132231555799797
2025-01-14 17:54:59,0.00010187995801538,1.297279,0.00013216673005423416
2025-01-14 17:55:23,0.000101939922675777,1.297279,0.0001322445209489093
2025-01-14 17:55:59,0.000101909940345578,1.297279,0.0001322056255015711
2025-01-14 17:56:24,0.000101859969795247,1.297279,0.00013214079975600824
2025-01-14 17:57:01,0.000101819993354982,1.297279,0.0001320889391595577
2025-01-14 17:57:26,0.000101822722336161,1.297279,0.0001320924794095326
2025-01-14 17:58:02,0.000101782744824447,1.297279,0.0001320406174231138
2025-01-14 17:58:27,0.000101842711092018,1.297279,0.00013211841040274203
2025-01-14 17:59:03,0.000101862699847875,1.297279,0.00013214434139595144
2025-01-14 17:59:28,0.000102001780086837,1.297279,0.00013232476726927184
2025-01-14 18:00:04,0.000102002621138875,1.297279,0.00013232585834841863
2025-01-14 18:00:29,0.000101952649249232,1.297279,0.00013226103086539444
2025-01-14 18:01:05,0.000102002621138875,1.297279,0.00013232585834841863
2025-01-14 18:01:30,0.000101982632383018,1.297279,0.0001322999273552092
2025-01-14 18:02:06,0.000102081735110689,1.297279,0.0001324284912426595
2025-01-14 18:02:31,0.000102051751976744,1.297279,0.0001323895947526385
2025-01-14 18:03:07,0.000102012863976873,1.297279,0.00013233914616705384
2025-01-14 18:03:33,0.00010196289196552,1.297279,0.00013227431852613783
2025-01-14 18:04:08,0.00010196289196552,1.297279,0.00013227431852613783
2025-01-14 18:04:34,0.000101912919954166,1.297279,0.00013220949088522051
2025-01-14 18:05:09,0.000101852953540542,1.297279,0.00013213169771612079
2025-01-14 18:05:34,0.000101862947942813,1.297279,0.0001321446632443045
2025-01-14 18:06:10,0.000101938623607679,1.297279,0.00013224283569514622
2025-01-14 18:06:36,0.000102002869574602,1.297279,0.00013232618063887012
2025-01-14 18:07:11,0.000102011685904862,1.297279,0.00013233761787897347
2025-01-14 18:07:37,0.000102061658195039,1.297279,0.000132402445881602
2025-01-14 18:08:12,0.000102021680362897,1.297279,0.00013235058347949865
2025-01-14 18:08:38,0.000102056660966021,1.297279,0.00013239596308133877
2025-01-14 18:09:14,0.000102031674820933,1.297279,0.00013236354908002516
2025-01-14 18:09:39,0.000102031674820933,1.297279,0.00013236354908002516
2025-01-14 18:10:15,0.000102041669278968,1.297279,0.00013237651468055034
2025-01-14 18:10:40,0.000102041669278968,1.297279,0.00013237651468055034
2025-01-14 18:11:16,0.000101923483044465,1.297279,0.00013222319416044052
2025-01-14 18:11:41,0.000101923483044465,1.297279,0.00013222319416044052
2025-01-14 18:12:17,0.000101863753157775,1.297279,0.00013214570783276518
2025-01-14 18:12:42,0.000101913725564151,1.297279,0.00013221053598613623
2025-01-14 18:13:18,0.00010187374763905,1.297279,0.00013215867346343915
2025-01-14 18:13:43,0.000101853758676499,1.297279,0.00013213274220208996
2025-01-14 18:14:20,0.000101913725564151,1.297279,0.00013221053598613623
2025-01-14 18:14:44,0.000101943709007977,1.297279,0.0001322494328781594
2025-01-14 18:15:21,0.000101853758676499,1.297279,0.00013213274220208996
2025-01-14 18:16:22,0.000101863753157775,1.297279,0.00013214570783276518
2025-01-14 18:17:23,0.000101943709007977,1.297279,0.0001322494328781594
2025-01-14 18:18:24,0.000102033651112587,1.297279,0.00013236611288168577
2025-01-14 18:19:26,0.000101973684229771,1.297279,0.0001322883191039131
2025-01-14 18:19:58,0.000101903232818441,1.297279,0.00013219692396747434
2025-01-14 18:20:27,0.000101883733905546,1.297279,0.0001321716284372528
2025-01-14 18:21:28,0.000101793783581321,1.297279,0.00013205493777059254
2025-01-14 18:22:26,0.000101913717346954,1.297279,0.00013221052532613915
2025-01-14 18:22:29,0.000101913717346954,1.297279,0.00013221052532613915
2025-01-14 18:22:57,0.000101838268693854,1.297279,0.00013211264737289424
2025-01-14 18:23:30,0.00010185038726207,1.297279,0.00013212836853695092
2025-01-14 18:24:31,0.000101890363863881,1.297279,0.0001321802293429717
2025-01-14 18:25:33,0.000101900358014333,1.297279,0.00013219319454447592
2025-01-14 18:26:34,0.000101940334616143,1.297279,0.0001322450553504954
2025-01-14 18:27:35,0.000101930340465691,1.297279,0.00013223209014899117
2025-01-14 18:28:24,0.000101932703242831,1.297279,0.00013223515533015658
2025-01-14 18:28:36,0.000101932703242831,1.297279,0.00013223515533015658
2025-01-14 18:29:36,0.000101944986218913,1.297279,0.00013225108977708524
2025-01-14 18:29:37,0.000101944986218913,1.297279,0.00013225108977708524
2025-01-14 18:30:38,0.000102000660718976,1.297279,0.00013232331513685249
2025-01-14 18:31:39,0.000102000660718976,1.297279,0.00013232331513685249
2025-01-14 18:32:41,0.00010202128163124,1.297279,0.00013235006621329338
2025-01-14 18:33:43,0.000102054916112885,1.297279,0.00013239369952000734
2025-01-14 18:34:44,0.000102058222406948,1.297279,0.0001323979887058631
2025-01-14 18:35:45,0.000102058222406948,1.297279,0.0001323979887058631
2025-01-14 18:36:46,0.000102088203335123,1.297279,0.00013243688233438504
2025-01-14 18:37:47,0.000102077730225651,1.297279,0.0001324232957894023
2025-01-14 18:38:16,0.00010210361397109,1.297279,0.00013245687422880166
2025-01-14 18:38:48,0.000102108610960219,1.297279,0.00013246335671786196
2025-01-14 18:39:50,0.000102118604938478,1.297279,0.0001324763216959838
2025-01-14 18:40:51,0.000102138592894996,1.297279,0.0001325022516522275
2025-01-14 18:41:52,0.000102123601927608,1.297279,0.0001324828041850454
2025-01-14 18:42:53,0.000102128371442462,1.297279,0.00013248899157650566
2025-01-14 18:43:54,0.000101988455873405,1.297279,0.00013230748204699498
2025-01-14 18:44:10,0.000102039479208918,1.297279,0.00013237367354866593
2025-01-14 18:44:55,0.000102109437715721,1.297279,0.00013246442925041283
2025-01-14 18:45:12,0.000102109437715721,1.297279,0.00013246442925041283
2025-01-14 18:45:56,0.000102039479208918,1.297279,0.00013237367354866593
2025-01-14 18:46:57,0.000101999502919316,1.297279,0.00013232181314766733
2025-01-14 18:47:58,0.000102049473281318,1.297279,0.00013238663864891494
2025-01-14 18:48:26,0.0001020987027648,1.297279,0.000132450503024017
2025-01-14 18:48:59,0.000102103667394959,1.297279,0.00013245694353446503
2025-01-14 18:50:01,0.000102079140878306,1.297279,0.00013242512579946794
2025-01-14 18:51:02,0.000102063723559187,1.297279,0.00013240512523513855
2025-01-14 18:51:15,0.000102063723559187,1.297279,0.00013240512523513855
2025-01-14 18:52:04,0.00010201917662872,1.297279,0.00013234733543772927
2025-01-14 18:53:05,0.000102079140878306,1.297279,0.00013242512579946794
2025-01-14 18:53:52,0.000102049428713994,1.297279,0.00013238658083266144
2025-01-14 18:54:06,0.000102049428713994,1.297279,0.00013238658083266144
2025-01-14 18:54:46,0.00010205942278203,1.297279,0.0001323995459272491
2025-01-14 18:55:46,0.000102169357530424,1.297279,0.00013254216196771092
2025-01-14 18:57:32,0.000102129381258281,1.297279,0.00013249030158936153
2025-01-14 18:58:33,0.000102165057673208,1.297279,0.0001325365838532416
2025-01-14 19:02:31,0.000101861667134051,1.297279,0.00013214300167799456
2025-01-14 19:03:44,0.000101941621346872,1.297279,0.00013224672459924877
2025-01-14 19:09:50,0.000101959346021507,1.297279,0.0001322697184474346
2025-01-14 19:15:57,0.000101894639808315,1.297279,0.00013218577643589108
2025-01-14 19:22:04,0.000101964473762624,1.297279,0.0001322763705583031
2025-01-14 19:28:11,0.000101964473762624,1.297279,0.0001322763705583031
2025-01-14 19:34:18,0.000101945013081117,1.297279,0.0001322511246248584
2025-01-14 19:40:25,0.000102061837098288,1.297279,0.00013240267796902995
2025-01-14 19:46:32,0.000102026724843409,1.297279,0.00013235712757813278
2025-01-14 19:52:38,0.000102030925829046,1.297279,0.00013236257742857896
2025-01-14 19:58:45,0.000101903221342457,1.297279,0.00013219690907992126
2025-01-14 20:04:53,0.000101323370072788,1.297279,0.00013144468020465634
2025-01-14 20:10:59,0.000101373333894644,1.297279,0.00013150949722150987
2025-01-14 20:17:06,0.000101506982537418,1.297279,0.0001316828767991591
2025-01-14 20:23:13,0.000101700211704818,1.297279,0.0001319335489402146
2025-01-14 20:29:20,0.000101852511259437,1.297279,0.00013213112395413118
2025-01-14 20:35:27,0.000101782524213869,1.297279,0.00013204033122964377
2025-01-14 20:41:34,0.000101753095645106,1.297279,0.00013200215416538747
2025-01-14 20:47:41,0.000101727239883435,1.297279,0.00013196861202874268
2025-01-14 20:53:48,0.000101840099096382,1.297279,0.00013211502191565533
2025-01-14 20:59:55,0.000101820108016865,1.297279,0.0001320890879080106
2025-01-14 21:06:02,0.00010198866131481,1.297279,0.00013230774856181542
2025-01-14 21:12:09,0.000101965378143159,1.297279,0.00013227754379217918
2025-01-14 21:18:16,0.000102012999513235,1.297279,0.00013233932199553
2025-01-14 21:24:23,0.000102162425298526,1.297279,0.00013253316892884652
2025-01-14 21:30:30,0.00010222939856169,1.297279,0.00013262005193671064
2025-01-14 21:36:37,0.000102074245216983,1.297279,0.0001324187747608425
2025-01-14 21:42:44,0.000102011281282439,1.297279,0.0001323370929708012
2025-01-14 21:48:51,0.000101884500988687,1.297279,0.0001321726235581029
2025-01-14 21:54:59,0.000101976980540776,1.297279,0.00013229259533895736
2025-01-14 22:01:06,0.000101955963759881,1.297279,0.0001322653307104547
2025-01-14 22:07:13,0.000102127886949349,1.297279,0.00013248836305376454
2025-01-14 22:13:20,0.000102256217161217,1.297279,0.00013265484314268645
2025-01-14 22:19:27,0.000102380446742431,1.297279,0.00013281600356957417
2025-01-14 22:25:34,0.000102551134372975,1.297279,0.00013303743304823865
2025-01-14 22:31:40,0.000102749361045838,1.297279,0.00013329458834818368
2025-01-14 22:37:47,0.00010284155081501,1.297279,0.00013341418419974538
2025-01-14 22:43:54,0.000102918488792558,1.297279,0.00013351399422232085
2025-01-14 22:50:01,0.000103133379884949,1.297279,0.00013379276792376677
2025-01-14 22:56:08,0.000103168367086431,1.297279,0.00013383815608551813
2025-01-14 23:02:14,0.000103193875816436,1.297279,0.00013387124802527028
2025-01-14 23:08:22,0.000102910728426064,1.297279,0.00013350392686183588
2025-01-14 23:14:29,0.0001027209360705,1.297279,0.00013325771322460217
2025-01-14 23:20:36,0.000102932609797478,1.297279,0.00013353231310546246
2025-01-14 23:26:43,0.000102956339663839,1.297279,0.0001335630973627654
2025-01-14 23:32:50,0.000102915091336792,1.297279,0.0001335095867743022
2025-01-14 23:38:57,0.00010274516941659,1.297279,0.00013328915063558447
2025-01-14 23:45:04,0.00010284162391976,1.297279,0.00013341427903700235
2025-01-14 23:51:11,0.000102865116142284,1.297279,0.00013344475500394603
2025-01-14 23:57:18,0.000102855857643657,1.297279,0.00013343274414810572
2025-01-15 00:03:25,0.000102695293677087,1.297279,0.00013322444788611774
2025-01-15 00:09:32,0.000102695098314765,1.297279,0.00013322419444668004
2025-01-15 00:15:38,0.000102783083081974,1.297279,0.00013333833523750016
2025-01-15 00:21:46,0.000102861081014768,1.297279,0.00013343952031775723
2025-01-15 00:27:53,0.000103111574196657,1.297279,0.000133764479862265
2025-01-15 00:34:00,0.000102942627892171,1.297279,0.0001335453093693277
2025-01-15 00:40:07,0.000102603447956898,1.297279,0.00013310529836207667
2025-01-15 00:46:14,0.000102563944389328,1.297279,0.00013305405121344304
2025-01-15 00:52:21,0.000102579208546173,1.297279,0.00013307385308357076
2025-01-15 00:58:28,0.000102504890660213,1.297279,0.00013297744205079047
2025-01-15 01:04:35,0.000102600216135587,1.297279,0.00013310110578815818
2025-01-15 01:10:42,0.000102583511062127,1.297279,0.00013307943464716505
2025-01-15 14:21:22,0.000102621435957248,1.297279,0.00013312863381718273
2025-01-15 14:27:29,0.000102603545819094,1.297279,0.00013310542531664844
2025-01-15 14:33:36,0.00010280338759428,1.297279,0.00013336467585491998
2025-01-15 14:39:44,0.000102546593225747,1.297279,0.00013303154191330384
2025-01-15 14:45:51,0.000102777347465682,1.297279,0.00013333089454293248
2025-01-15 14:51:58,0.00010289731187271,1.297279,0.00013348652184891737
2025-01-15 14:58:05,0.000103265954257839,1.297279,0.00013396475387365513
2025-01-15 15:04:12,0.000103659257475973,1.297279,0.00013447497787917278
2025-01-15 15:10:19,0.000103743650780588,1.297279,0.00013458445954099042
2025-01-15 15:16:27,0.000103645099592192,1.297279,0.00013445661115385924
2025-01-15 15:22:34,0.000103784915782368,1.297279,0.00013463799176123458
2025-01-15 15:28:41,0.00010406602485633,1.297279,0.00013500266865959493
2025-01-15 15:34:49,0.000104456447910757,1.297279,0.00013550915628921895
2025-01-15 15:40:56,0.000104446448477535,1.297279,0.00013549618423448813
2025-01-15 15:47:03,0.000104203012749919,1.297279,0.00013518038017720218
2025-01-15 15:53:10,0.000104028926127568,1.297279,0.0001349545412578453
2025-01-15 15:59:17,0.000103921449612608,1.297279,0.0001348151142319945
2025-01-15 16:05:24,0.000104078943090372,1.297279,0.00013501942721333473
2025-01-15 16:11:31,0.000104343724665548,1.297279,0.00013536292279039746
2025-01-15 16:17:38,0.000104236674067554,1.297279,0.00013522404829768237
2025-01-15 16:23:45,0.000104243242812843,1.297279,0.00013523256979300216
2025-01-15 16:29:52,0.000104207383892671,1.297279,0.00013518605076890034
2025-01-15 16:35:59,0.000104104695278405,1.297279,0.00013505283498607397
2025-01-15 16:42:06,0.000104144861765032,1.297279,0.00013510494212567894
2025-01-15 16:48:13,0.000103906352182503,1.297279,0.00013479552865296532
2025-01-15 16:54:20,0.000103905552693547,1.297279,0.00013479449149273197
2025-01-15 17:00:28,0.000103475264136112,1.297279,0.00013423628718323125
2025-01-15 17:06:35,0.000103894856888704,1.297279,0.00013478061604972104
2025-01-15 17:12:42,0.00010380271338587,1.297279,0.00013466108021850806
2025-01-15 17:18:49,0.000103725179149274,1.297279,0.00013456049668159102
2025-01-15 17:24:56,0.000103685177131205,1.297279,0.0001345086029035925
2025-01-15 17:31:03,0.000103706093208928,1.297279,0.00013453573689198493
2025-01-15 17:37:11,0.000103813597087967,1.297279,0.00013467519941668077
2025-01-15 17:43:18,0.000103890683540554,1.297279,0.00013477520205280635
2025-01-15 17:49:25,0.000103680513185118,1.297279,0.0001345025524642767
2025-01-15 17:55:32,0.000103670515359701,1.297279,0.00013448958249531756
2025-01-15 18:01:39,0.000103631086462293,1.297279,0.000134438432214717
2025-01-15 18:07:46,0.000103680705417245,1.297279,0.00013450280184297819
2025-01-15 18:13:53,0.000103750249284113,1.297279,0.00013459301964104486
2025-01-15 18:20:01,0.000103942148717214,1.297279,0.00013484196674571868
2025-01-15 18:26:08,0.00010412864842626,1.297279,0.00013508390890177015
2025-01-15 18:32:15,0.000104185310491823,1.297279,0.00013515741540952165
2025-01-15 18:38:22,0.0001041331566597,1.297279,0.00013508975733833895
2025-01-15 18:44:29,0.000104212139763919,1.297279,0.00013519222046079707
2025-01-15 18:50:36,0.000104363355784697,1.297279,0.00013538838982901595
2025-01-15 18:56:43,0.000104734379223224,1.297279,0.0001358697107443248
2025-01-15 19:02:50,0.000104802646055942,1.297279,0.00013595827187280637
2025-01-15 19:08:57,0.000104907422903246,1.297279,0.00013609419667650008
2025-01-15 19:15:05,0.000104896708266804,1.297279,0.00013608029680365125
2025-01-15 19:21:12,0.000104899238250111,1.297279,0.00013608357889786577
2025-01-15 19:27:19,0.000104712943025644,1.297279,0.00013584190201536444
2025-01-15 19:33:26,0.000104863862882231,1.297279,0.00013603768717599776
2025-01-15 19:39:33,0.000105088277495068,1.297279,0.00013632881554052434
2025-01-15 19:45:40,0.000105267325031226,1.297279,0.00013656109014918382
2025-01-15 19:51:47,0.000105249652137665,1.297279,0.00013653816347549794
2025-01-15 19:57:54,0.000105224649010429,1.297279,0.00013650572744360032
2025-01-15 20:04:01,0.000105420753285176,1.297279,0.00013676012940103984
2025-01-15 20:10:08,0.00010535423460427,1.297279,0.00013667383611319278
2025-01-15 20:16:15,0.000105445753700826,1.297279,0.00013679256191525386
2025-01-15 20:22:22,0.000105659303318286,1.297279,0.00013706959534944276
2025-01-15 20:28:29,0.00010609253235601,1.297279,0.0001376316142822723
2025-01-15 20:34:36,0.00010587830016234,1.297279,0.0001373536953563003
2025-01-15 20:40:43,0.000105650025534627,1.297279,0.0001370575594755354
2025-01-15 20:46:49,0.000105277805666951,1.297279,0.00013657468645781654
2025-01-15 20:52:57,0.000105094126944071,1.297279,0.0001363364039078775
2025-01-15 20:59:04,0.00010489271552563,1.297279,0.00013607511710437377
2025-01-15 21:05:11,0.000105215395450269,1.297279,0.0001364937229943295
2025-01-15 21:11:18,0.000105136984047692,1.297279,0.00013639200152840584
2025-01-15 21:17:24,0.000105086282359682,1.297279,0.0001363262272932859
2025-01-15 21:23:32,0.000105104925166488,1.297279,0.0001363504122150564
2025-01-15 21:29:39,0.000104996569068378,1.297279,0.00013620984412445635
2025-01-15 21:35:46,0.000104766531504878,1.297279,0.00013591142122411663
2025-01-15 21:41:53,0.000104569635698966,1.297279,0.0001356559924299189
2025-01-15 21:48:00,0.000104628235012642,1.297279,0.0001357320120889652
2025-01-15 21:54:07,0.000104777361410718,1.297279,0.00013592547063353484
2025-01-15 22:00:13,0.00010483091668742,1.297279,0.00013599494676933954
2025-01-15 22:06:21,0.000104667224311545,1.297279,0.0001357825920876568
2025-01-15 22:12:28,0.000104657020210502,1.297279,0.00013576935452165983
2025-01-15 22:18:34,0.000104743028766315,1.297279,0.00013588093161493635
2025-01-15 22:24:41,0.000104873187118884,1.297279,0.0001360497833123987
2025-01-15 22:30:48,0.00010497999400317,1.297279,0.00013618834164043838
2025-01-15 22:36:56,0.000105050323072864,1.297279,0.00013627957806564193
2025-01-15 22:43:02,0.000105252690340459,1.297279,0.00013654210487218032
2025-01-15 22:49:09,0.000105451580394546,1.297279,0.00013680012076265624
2025-01-15 22:55:16,0.000105355439102409,1.297279,0.00013667539868333404
2025-01-15 23:01:23,0.000105440562123852,1.297279,0.0001367858269914686
2025-01-15 23:07:30,0.000105484766906059,1.297279,0.00013684317292712533
2025-01-15 23:13:37,0.000105417870702504,1.297279,0.0001367563898870737
2025-01-15 23:19:44,0.000105463438492717,1.297279,0.00013681550402439344
2025-01-15 23:25:51,0.000105408230763247,1.297279,0.00013674388419631433
2025-01-15 23:32:01,0.000105638145806326,1.297279,0.0001370421481534848
2025-01-15 23:38:08,0.000105596862365709,1.297279,0.00013698859201292463
2025-01-15 23:44:15,0.000105865918325958,1.297279,0.0001373376326599805
2025-01-15 23:50:23,0.000105878899394548,1.297279,0.00013735447272765985
2025-01-15 23:56:30,0.000106059350779868,1.297279,0.00013758856852035637
2025-01-16 00:02:37,0.000105961944196603,1.297279,0.00013746220500542494
2025-01-16 00:08:45,0.000105412678788125,1.297279,0.00013674965452558003
2025-01-16 00:14:52,0.000105462160582978,1.297279,0.00013681384621892513
2025-01-16 00:20:59,0.000105210491167189,1.297279,0.00013648736077087977
2025-01-16 00:27:06,0.000105260492722296,1.297279,0.00013655222673828745
2025-01-16 00:33:13,0.000104683569881683,1.297279,0.00013580379685253983
2025-01-16 00:39:20,0.000104089815684062,1.297279,0.00013503353200080428
2025-01-16 00:45:27,0.000104125715562463,1.297279,0.00013508010415915644
2025-01-16 00:51:34,0.000104270043636262,1.297279,0.00013526733793840635
2025-01-16 00:57:41,0.000104306414687988,1.297279,0.0001353145213400184
2025-01-16 01:03:48,0.00010431603681349,1.297279,0.0001353270039213675
2025-01-16 01:09:55,0.00010464034952646,1.297279,0.0001357477279933365
2025-01-16 01:16:03,0.000104696424447845,1.297279,0.00013582047281127593
2025-01-16 01:22:10,0.000104426137987477,1.297279,0.0001354698358622562
2025-01-16 01:28:17,0.000104618425526146,1.297279,0.00013571928644813316
2025-01-16 01:34:24,0.000104604269520618,1.297279,0.0001357009221594378
2025-01-16 01:40:31,0.00010482238287941,1.297279,0.00013598387603941815
2025-01-16 01:46:38,0.000104802382172102,1.297279,0.00013595792954184232
2025-01-16 01:52:45,0.000104833910556319,1.297279,0.00013599883065259098
2025-01-16 01:58:51,0.00010496756252274,1.297279,0.00013617221454193762
2025-01-16 02:04:59,0.000104554437984843,1.297279,0.00013563627675453914
2025-01-16 02:11:05,0.000104917549935347,1.297279,0.00013610733426257704
2025-01-16 02:17:13,0.000104866573846029,1.297279,0.00013604120405240265
2025-01-16 02:23:20,0.000104879580438307,1.297279,0.00013605807723142646
2025-01-16 02:29:28,0.00010458627386366,1.297279,0.00013567757677157498
2025-01-16 02:35:35,0.000104765688769782,1.297279,0.00013591032796157404
2025-01-16 02:41:42,0.000104738126131769,1.297279,0.00013587457153009516
2025-01-16 02:47:49,0.000104545189824274,1.297279,0.00013562427931004435
2025-01-16 02:53:55,0.000104579641277464,1.297279,0.00013566897245678722
2025-01-16 03:00:02,0.000104560398369753,1.297279,0.00013564400903671482
2025-01-16 03:06:10,0.000104716188448231,1.297279,0.00013584611223393266
2025-01-16 03:12:17,0.000104818128677979,1.297279,0.00013597835715323993
2025-01-16 03:18:24,0.00010469400421385,1.297279,0.0001358173330925391
2025-01-16 03:24:31,0.000104513633132067,1.297279,0.00013558334147593476
2025-01-16 03:30:38,0.000104283565988351,1.297279,0.000135284880201802
2025-01-16 03:36:45,0.000104007968444791,1.297279,0.00013492735329609005
2025-01-16 03:42:52,0.000104005590635169,1.297279,0.0001349242686136014
2025-01-16 03:48:59,0.000104057574305442,1.297279,0.00013499170593738949
2025-01-16 03:55:06,0.000104017582630099,1.297279,0.0001349398255767922
2025-01-16 04:01:13,0.000104092610129133,1.297279,0.00013503715717571153
2025-01-16 04:07:20,0.000104169126802529,1.297279,0.00013513642064925802
2025-01-16 04:13:26,0.000104325296312413,1.297279,0.00013533901607487084
2025-01-16 04:19:34,0.000104358801734816,1.297279,0.00013538248195574037
2025-01-16 04:25:41,0.00010416877375949,1.297279,0.00013513596265393743
2025-01-16 04:31:48,0.000104200433141494,1.297279,0.0001351770337053642
2025-01-16 04:37:55,0.000104279070430736,1.297279,0.00013527904820931477
2025-01-16 04:44:02,0.000104260267734447,1.297279,0.0001352546558662757
2025-01-16 04:50:09,0.0001041602867298,1.297279,0.00013512495260854823
2025-01-16 04:56:17,0.000104124629158198,1.297279,0.00013507869478971796
2025-01-16 05:02:23,0.000104135375721974,1.297279,0.0001350926360812267
2025-01-16 05:08:31,0.000104035976831462,1.297279,0.00013496368798794219
2025-01-16 05:14:38,0.000103866739872915,1.297279,0.0001347441404355953
2025-01-16 05:20:45,0.0001038659782912,1.297279,0.00013474315245162966
2025-01-16 05:26:52,0.000103973226433188,1.297279,0.0001348822832140197
2025-01-16 05:32:59,0.000104139548448692,1.297279,0.00013509804927197073
2025-01-16 05:39:06,0.000104233204593622,1.297279,0.00013521954742200937
