timestamp,ustc_price_usd,rebase_price_ustc,rebase_price_usd
2025-06-20 18:20:57,0.011706136239531815,0.062725,0.0007342673956246331
2025-06-20 18:23:13,0.011710046312484424,0.062725,0.0007345126549505855
2025-06-20 18:29:23,0.011710665673856308,0.062725,0.000734551504392637
2025-06-20 18:35:33,0.011713306178391548,0.062725,0.0007347171300396099
2025-06-20 18:41:42,0.011710184903072738,0.062725,0.0007345213480452375
2025-06-20 18:47:53,0.011730320426013692,0.062725,0.0007357843487217089
2025-06-20 18:54:01,0.011727152616656187,0.062725,0.0007355856478797594
2025-06-20 19:00:11,0.01172217143643928,0.062725,0.0007352732033506539
2025-06-20 19:06:20,0.011700185585560328,0.062725,0.0007338941408542716
2025-06-20 19:12:30,0.011697401398082796,0.062725,0.0007337195026947433
2025-06-20 19:18:39,0.011703279857436142,0.062725,0.000734088229057682
2025-06-20 19:24:48,0.011710377227305984,0.062725,0.0007345334115827679
2025-06-20 19:30:57,0.011719975005704191,0.062725,0.0007351354322327954
2025-06-20 19:37:06,0.011746965279323996,0.062725,0.0007368283971455977
2025-06-20 19:43:16,0.011758842685035945,0.062725,0.0007375734074188797
2025-06-20 19:49:26,0.011765073522939146,0.062725,0.0007379642367263579
2025-06-20 19:55:35,0.01178118697752866,0.062725,0.0007389749531654852
2025-06-20 20:01:44,0.011811492440045855,0.062725,0.0007408758633018763
2025-06-20 20:07:54,0.011828450952013413,0.062725,0.0007419395859650414
2025-06-20 20:14:03,0.011844377902171847,0.062725,0.0007429386039137292
2025-06-20 20:20:13,0.011859433935565539,0.062725,0.0007438829936083484
2025-06-20 20:26:22,0.01187867725925081,0.062725,0.0007450900310865072
2025-06-20 20:32:31,0.011886166196190076,0.062725,0.0007455597746560226
2025-06-20 20:38:41,0.011897350598515375,0.062725,0.0007462613162918769
2025-06-20 20:44:51,0.011889578145808318,0.062725,0.0007457737891958268
2025-06-20 20:51:00,0.011889701331203692,0.062725,0.0007457815159997517
2025-06-20 20:57:10,0.011896679384891081,0.062725,0.0007462192144172931
2025-06-20 21:03:19,0.011879498951620271,0.062725,0.0007451415717403815
2025-06-20 21:09:28,0.011870613944441562,0.062725,0.000744584259665097
2025-06-20 21:15:37,0.011845221485281734,0.062725,0.0007429915176642969
2025-06-20 21:21:47,0.011846023098558787,0.062725,0.0007430417988570999
2025-06-20 21:27:56,0.011842912619883112,0.062725,0.0007428466940821683
2025-06-20 21:34:06,0.01185614234098176,0.062725,0.0007436765283380809
2025-06-20 21:40:17,0.011888997358708204,0.062725,0.0007457373593249721
2025-06-20 21:46:26,0.012009502316701825,0.062725,0.000753296032815122
2025-06-20 21:52:38,0.012098915323930759,0.062725,0.0007589044636935569
2025-06-20 21:58:47,0.012101580959284144,0.062725,0.0007590716656710979
2025-06-20 22:04:57,0.012108465821249649,0.062725,0.0007595035186378843
2025-06-20 22:11:06,0.012122230648272517,0.062725,0.0007603669174128936
2025-06-20 22:17:15,0.012107337062363756,0.062725,0.0007594327172367666
2025-06-20 22:23:25,0.012162412863804269,0.062725,0.0007628873468821228
2025-06-20 22:29:38,0.012160892726050873,0.062725,0.000762791996241541
2025-06-20 22:35:48,0.012128673213282991,0.062725,0.0007607710273031757
2025-06-20 22:41:57,0.01213594740232487,0.062725,0.0007612273008108276
2025-06-20 22:48:07,0.012136007195528849,0.062725,0.0007612310513395471
2025-06-20 22:54:18,0.01215563566618022,0.062725,0.0007624622471611544
2025-06-20 23:00:27,0.012185534355600105,0.062725,0.0007643376424550166
2025-06-20 23:06:38,0.012206885607884101,0.062725,0.0007656768997545303
2025-06-20 23:12:47,0.01221534140102412,0.062725,0.0007662072893792379
2025-06-20 23:18:56,0.01225910431871277,0.062725,0.0007689523183912585
2025-06-20 23:25:05,0.01221878217200356,0.062725,0.0007664231117389234
2025-06-20 23:31:17,0.012184523953369344,0.062725,0.0007642742649750921
2025-06-20 23:37:26,0.012192907912111786,0.062725,0.0007648001487872119
2025-06-20 23:43:35,0.012201651782672077,0.062725,0.0007653486080681061
2025-06-20 23:49:44,0.012220248946033295,0.062725,0.0007665151151399384
2025-06-20 23:55:53,0.012229779671153134,0.062725,0.0007671129298730804
2025-06-21 00:02:03,0.012291867871294363,0.062725,0.000771007412226939
2025-06-21 00:08:13,0.012292823444499118,0.062725,0.0007710673505562072
2025-06-21 00:14:23,0.012355813423551113,0.062725,0.0007750183969922436
2025-06-21 00:20:32,0.012366203915868446,0.062725,0.0007756701406228483
2025-06-21 00:26:43,0.01234323206265088,0.062725,0.0007742292311297765
2025-06-21 00:32:53,0.012372131629573907,0.062725,0.0007760419564650233
2025-06-21 00:39:02,0.012423690437636633,0.062725,0.0007792759827007579
2025-06-21 00:45:11,0.012495197427956954,0.062725,0.0007837612586686
2025-06-21 00:51:20,0.012480091120233343,0.062725,0.0007828137155166364
2025-06-21 00:57:31,0.012500591043845098,0.062725,0.0007840995732251838
2025-06-21 01:03:40,0.012510645975992352,0.062725,0.0007847302688441203
2025-06-21 01:09:51,0.012458235886078105,0.062725,0.0007814428459542492
2025-06-21 01:16:01,0.012442065719214709,0.062725,0.0007804285722377427
2025-06-21 01:22:10,0.012486225444839849,0.062725,0.0007831984910275795
2025-06-21 01:28:20,0.012498086873341563,0.062725,0.0007839424991303495
2025-06-21 01:34:30,0.012530197095642239,0.062725,0.0007859566128241595
2025-06-21 01:40:39,0.012519197358323535,0.062725,0.0007852666543008438
2025-06-21 01:46:51,0.012585744112398468,0.062725,0.000789440799450194
2025-06-21 01:53:01,0.012665328436355676,0.062725,0.0007944327261704098
2025-06-21 01:59:11,0.012709568276723412,0.062725,0.000797207670157476
2025-06-21 02:05:20,0.01271931962858514,0.062725,0.000797819323703003
2025-06-21 02:11:34,0.012699535534395096,0.062725,0.0007965783663949324
2025-06-21 02:17:46,0.012671170832757962,0.062725,0.0007947991904847432
2025-06-21 02:23:56,0.012652540704832672,0.062725,0.0007936306157106293
2025-06-21 02:30:05,0.012640032700351663,0.062725,0.0007928460511295581
2025-06-21 02:36:14,0.012596258144707008,0.062725,0.0007901002921267471
2025-06-21 02:42:27,0.012591410213860961,0.062725,0.0007897962056644288
2025-06-21 02:48:36,0.012588784659105077,0.062725,0.000789631517742366
2025-06-21 02:54:47,0.012504280636407043,0.062725,0.0007843310029186318
2025-06-21 03:00:56,0.01245348828668131,0.062725,0.0007811450527820851
2025-06-21 03:07:05,0.012424832254939955,0.062725,0.0007793476031911087
2025-06-21 03:13:15,0.012375324347896512,0.062725,0.0007762422197218088
2025-06-21 03:19:24,0.01230188702931895,0.062725,0.0007716358639140311
2025-06-21 03:25:33,0.01228625733102232,0.062725,0.0007706554910883751
2025-06-21 03:31:42,0.012299913834327247,0.062725,0.0007715120952581766
2025-06-21 03:37:52,0.01234634668546416,0.062725,0.0007744245958457395
2025-06-21 03:44:02,0.012354397207120733,0.062725,0.000774929564816648
2025-06-21 03:50:11,0.012377600643129259,0.062725,0.0007763850003402828
2025-06-21 03:56:21,0.012415684858534053,0.062725,0.0007787738327515485
2025-06-21 04:02:30,0.012436931519461123,0.062725,0.000780106529558199
2025-06-21 04:08:40,0.012488875308037254,0.062725,0.0007833647036966368
2025-06-21 04:14:52,0.012492981281990183,0.062725,0.0007836222509128342
2025-06-21 04:21:02,0.012473125796430385,0.062725,0.0007823768155810959
2025-06-21 04:27:12,0.012446428948024252,0.062725,0.0007807022557648212
2025-06-21 04:33:20,0.01242266014152762,0.062725,0.0007792113573773199
2025-06-21 04:39:32,0.012397253051107731,0.062725,0.0007776176976307325
2025-06-21 04:45:41,0.012395381540476811,0.062725,0.000777500307126408
2025-06-21 04:51:50,0.012416072737601539,0.062725,0.0007787981624660566
2025-06-21 04:58:00,0.012414467577914496,0.062725,0.0007786974788246868
2025-06-21 05:04:09,0.012423369772,0.062725,0.0007792558689487001
2025-06-21 05:10:18,0.012483322298590255,0.062725,0.0007830163911790738
2025-06-21 05:16:27,0.012526559424457503,0.062725,0.0007857284398990969
2025-06-21 05:22:36,0.012614026609660885,0.062725,0.000791214819090979
2025-06-21 05:28:45,0.012736633202840407,0.062725,0.0007989053176481645
2025-06-21 05:34:54,0.01271421523243828,0.062725,0.0007974991504546911
2025-06-21 05:41:03,0.012665767675923277,0.062725,0.0007944602774722876
2025-06-21 05:47:12,0.01266111074319328,0.062725,0.0007941681713667985
2025-06-21 05:53:21,0.012640789861528662,0.062725,0.0007928935440643854
2025-06-21 05:59:31,0.012617759090009395,0.062725,0.0007914489389208393
2025-06-21 06:05:39,0.012588111145130434,0.062725,0.0007895892715783065
2025-06-21 06:11:48,0.012602587175026487,0.062725,0.0007904972805535364
2025-06-21 06:17:59,0.012614544871712551,0.062725,0.0007912473270781698
2025-06-21 06:24:12,0.012613862715625814,0.062725,0.0007912045388376292
2025-06-21 06:30:21,0.012628681117052247,0.062725,0.0007921340230671023
2025-06-21 06:36:29,0.012616566449606618,0.062725,0.0007913741305515752
2025-06-21 06:42:38,0.012668551007310817,0.062725,0.0007946348619335711
2025-06-21 06:48:48,0.012687199768152907,0.062725,0.0007958046054573911
2025-06-21 06:54:57,0.012715352587749923,0.062725,0.000797570491066614
2025-06-21 07:01:06,0.012735832203377272,0.062725,0.0007988550749568395
2025-06-21 07:07:15,0.012687857687881289,0.062725,0.0007958458734723539
2025-06-21 07:13:25,0.012767254604225382,0.062725,0.0008008260450500371
2025-06-21 07:19:34,0.012795308470353383,0.062725,0.000802585723802916
2025-06-21 07:25:43,0.012763813735601677,0.062725,0.0008006102165656153
2025-06-21 07:31:52,0.012731111963477959,0.062725,0.000798558997909155
2025-06-21 07:38:02,0.01272358513739188,0.062725,0.0007980868777429057
2025-06-21 07:44:11,0.012739498305249976,0.062725,0.0007990850311968048
2025-06-21 07:50:19,0.012742395803328126,0.062725,0.0007992667767637568
2025-06-21 07:56:29,0.012705345589281616,0.062725,0.0007969428020876894
2025-06-21 08:02:38,0.012707991245858863,0.062725,0.0007971087508964973
2025-06-21 08:08:47,0.012659533431807212,0.062725,0.0007940692345101074
2025-06-21 08:14:56,0.012646081992775011,0.062725,0.0007932254929968126
2025-06-21 08:21:05,0.012659412221788617,0.062725,0.000794061631611691
2025-06-21 08:27:15,0.012663456081628957,0.062725,0.0007943152827201763
2025-06-21 08:33:25,0.012666965982613076,0.062725,0.0007945354412594053
2025-06-21 08:39:34,0.012727701709998644,0.062725,0.000798345089759665
2025-06-21 08:45:44,0.012696193340592462,0.062725,0.0007963687272886622
2025-06-21 08:51:52,0.012678874106460118,0.062725,0.000795282378327711
2025-06-21 08:58:02,0.012698166823918547,0.062725,0.0007964925140302909
2025-06-21 09:04:13,0.012704940165757916,0.062725,0.0007969173718971653
2025-06-21 09:10:22,0.012794763064758439,0.062725,0.0008025515132369731
2025-06-21 09:16:31,0.012864803520690613,0.062725,0.0008069448008353187
2025-06-21 09:22:40,0.012886312306363784,0.062725,0.0008082939394166683
2025-06-21 09:28:49,0.012901179464924008,0.062725,0.0008092264819373584
2025-06-21 09:34:58,0.012923973887354454,0.062725,0.0008106562620843081
2025-06-21 09:41:07,0.012918655525039758,0.062725,0.0008103226678081188
2025-06-21 09:47:15,0.01290864963264271,0.062725,0.0008096950482075141
2025-06-21 09:53:25,0.012960332614611787,0.062725,0.0008129368632515243
2025-06-21 09:59:34,0.01299828940886178,0.062725,0.0008153177031708552
2025-06-21 10:05:43,0.012961621150014351,0.062725,0.0008130176866346503
2025-06-21 10:11:52,0.01290323669478236,0.062725,0.0008093555216802236
2025-06-21 10:18:01,0.0129211252548093,0.062725,0.0008104775816079134
2025-06-21 10:24:11,0.012922186147052777,0.062725,0.0008105441260738854
2025-06-21 10:30:20,0.012978546377514777,0.062725,0.0008140793215296145
2025-06-21 10:36:29,0.012984159492049252,0.062725,0.0008144314041387894
2025-06-21 10:42:38,0.01303130488609288,0.062725,0.000817388598980176
2025-06-21 10:48:48,0.013075293974803904,0.062725,0.0008201478145695749
2025-06-21 10:54:56,0.013071082031680524,0.062725,0.0008198836204371609
2025-06-21 11:01:05,0.013041131933108819,0.062725,0.0008180050005042507
2025-06-21 11:07:14,0.013016595729015654,0.062725,0.000816465967102507
2025-06-21 11:13:25,0.012971562775358944,0.062725,0.0008136412750843899
2025-06-21 11:19:34,0.012956358428345442,0.062725,0.0008126875824179679
2025-06-21 11:25:43,0.012960262219948499,0.062725,0.0008129324477462696
2025-06-21 11:31:52,0.012944716738944612,0.062725,0.0008119573574503009
2025-06-21 11:38:01,0.012950299921738741,0.062725,0.0008123075625910626
2025-06-21 11:44:10,0.01293199401468976,0.062725,0.0008111593245714152
2025-06-21 11:50:18,0.012907228782394808,0.062725,0.0008096059253757144
2025-06-21 11:56:28,0.012923559005505311,0.062725,0.0008106302386203207
2025-06-21 12:02:37,0.012943817621594774,0.062725,0.0008119009603145323
2025-06-21 12:08:47,0.0129607052504683,0.062725,0.0008129602368356242
2025-06-21 12:14:56,0.0129064593807271,0.062725,0.0008095576646561073
2025-06-21 12:21:05,0.012898260330108649,0.062725,0.000809043379206065
2025-06-21 12:27:14,0.012903820615399039,0.062725,0.0008093921481009047
2025-06-21 12:33:23,0.012915932489693482,0.062725,0.0008101518654160237
2025-06-21 12:39:31,0.012902961030760251,0.062725,0.0008093382306544368
2025-06-21 12:45:40,0.012888079073788722,0.062725,0.0008084047599033976
2025-06-21 12:51:50,0.012856669936649835,0.062725,0.000806434621776361
2025-06-21 12:58:00,0.01284354490430286,0.062725,0.0008056113541223969
2025-06-21 13:04:08,0.012863071162528359,0.062725,0.0008068361386695913
2025-06-21 13:10:18,0.012862544316972629,0.062725,0.0008068030922821082
2025-06-21 13:16:27,0.01285319405998318,0.062725,0.000806216597412445
2025-06-21 13:22:36,0.012873706324023168,0.062725,0.0008075032291743532
2025-06-21 13:28:46,0.012832028365775943,0.062725,0.0008048889792432961
2025-06-21 13:34:55,0.01280490755740655,0.062725,0.0008031878265383259
2025-06-21 13:41:07,0.012739787851764347,0.062725,0.0007991031930019187
2025-06-21 13:47:16,0.012691611407131294,0.062725,0.0007960813255123105
2025-06-21 13:53:25,0.012730039955361724,0.062725,0.0007984917562000642
2025-06-21 13:59:34,0.012725780722586354,0.062725,0.0007982245958242291
2025-06-21 14:05:44,0.012763855738011996,0.062725,0.0008006128511668025
2025-06-21 14:11:54,0.012759896603385935,0.062725,0.0008003645144473828
2025-06-21 14:18:03,0.012777291814128374,0.062725,0.0008014556290412022
2025-06-21 14:24:12,0.012752323254987733,0.062725,0.0007998894761691056
2025-06-21 14:30:21,0.012735020024001936,0.062725,0.0007988041310055214
2025-06-21 14:36:30,0.012753190824914488,0.062725,0.0007999438944927613
2025-06-21 14:42:40,0.012708713981784968,0.062725,0.0007971540845074621
2025-06-21 14:48:49,0.01267776489113976,0.062725,0.0007952128027967415
2025-06-21 14:54:58,0.012692613965158955,0.062725,0.0007961442109645954
2025-06-21 15:01:08,0.012759094301973571,0.062725,0.0008003141900912923
2025-06-21 15:07:18,0.012787237864609596,0.062725,0.000802079495057637
2025-06-21 15:13:27,0.012768988409471412,0.062725,0.0008009347979840944
2025-06-21 15:19:36,0.01269799067221446,0.062725,0.0007964814649146521
2025-06-21 15:25:46,0.012645648283574253,0.062725,0.0007931982885871951
2025-06-21 15:31:55,0.012673982908704622,0.062725,0.0007949755779484975
2025-06-21 15:38:04,0.012676136024494137,0.062725,0.0007951106321363948
2025-06-21 15:44:13,0.012674589428958613,0.062725,0.0007950136219314291
2025-06-21 15:50:22,0.012677055613912885,0.062725,0.0007951683133826858
2025-06-21 15:56:32,0.01268753288331992,0.062725,0.000795825500106242
2025-06-21 16:02:41,0.012724110652602786,0.062725,0.0007981198406845098
2025-06-21 16:08:52,0.012749312215720758,0.062725,0.0007997006087310846
2025-06-21 16:15:01,0.012801519712993186,0.062725,0.0008029753239974976
2025-06-21 16:21:10,0.01281240362902411,0.062725,0.0008036580176305374
2025-06-21 16:27:20,0.012826873773359745,0.062725,0.0008045656574339901
2025-06-21 16:33:29,0.012839535455389031,0.062725,0.000805359861439277
2025-06-21 16:39:40,0.01277097328199136,0.062725,0.0008010592991129082
2025-06-21 16:45:49,0.012712933385063812,0.062725,0.0007974187465781276
2025-06-21 16:51:58,0.012659088122090918,0.062725,0.0007940413024581528
2025-06-21 16:58:08,0.012661995435235402,0.062725,0.0007942236636751406
2025-06-21 17:04:17,0.012651951370190193,0.062725,0.0007935936496951799
2025-06-21 17:10:28,0.012633073933547349,0.062725,0.0007924095624817575
2025-06-21 17:16:38,0.012625914843620188,0.062725,0.0007919605085660763
2025-06-21 17:22:47,0.01255757439872492,0.062725,0.0007876738541600206
2025-06-21 17:28:57,0.012564881653893741,0.062725,0.000788132201740485
2025-06-21 17:35:06,0.012541320659076635,0.062725,0.000786654338340582
2025-06-21 17:41:16,0.012509040288075401,0.062725,0.0007846295520695295
2025-06-21 17:47:25,0.012511798651814536,0.062725,0.0007848025704350668
2025-06-21 17:53:34,0.012522162519888618,0.062725,0.0007854526440600136
2025-06-21 17:59:43,0.01251234719302589,0.062725,0.000784836977682549
2025-06-21 18:05:52,0.012523577870637306,0.062725,0.000785541421935725
2025-06-21 18:12:01,0.01251815973431237,0.062725,0.0007852015693347434
2025-06-21 18:18:11,0.012507262536736358,0.062725,0.0007845180426167881
2025-06-21 18:24:20,0.01250978323847034,0.062725,0.0007846761536330521
2025-06-21 18:30:29,0.012521498798947064,0.062725,0.0007854110121639546
2025-06-21 18:36:39,0.012519953165036615,0.062725,0.0007853140622769217
2025-06-21 18:42:48,0.012551599480433629,0.062725,0.0007872990774101994
2025-06-21 18:48:57,0.01252023839605626,0.062725,0.000785331953392629
2025-06-21 18:55:07,0.012519528766671078,0.062725,0.0007852874418894434
2025-06-21 19:01:17,0.012483607217000646,0.062725,0.0007830342626863656
2025-06-21 19:07:27,0.012462925310443348,0.062725,0.0007817369900975591
2025-06-21 19:13:36,0.01243372166321466,0.062725,0.0007799051913251396
2025-06-21 19:19:46,0.012404042431521727,0.062725,0.0007780435615172003
2025-06-21 19:25:55,0.012401598368186592,0.062725,0.000777890257644504
2025-06-21 19:32:04,0.012387223443962175,0.062725,0.0007769885905225275
2025-06-21 19:38:13,0.012335769127707384,0.062725,0.0007737611185354458
2025-06-21 19:44:26,0.012307067695650353,0.062725,0.0007719608212096684
2025-06-21 19:50:36,0.01229243842745433,0.062725,0.0007710432003620729
2025-06-21 19:56:45,0.01227544758768538,0.062725,0.0007699774499375654
2025-06-21 20:02:55,0.01225695675768319,0.062725,0.0007688176126256781
2025-06-21 20:09:04,0.012274425969234245,0.062725,0.000769913368920218
2025-06-21 20:15:13,0.01230749198252631,0.062725,0.0007719874346039629
2025-06-21 20:21:22,0.0123207619425341,0.062725,0.0007728197928454515
2025-06-21 20:27:32,0.01233897221870034,0.062725,0.0007739620324179788
2025-06-21 20:33:44,0.012352300839186802,0.062725,0.0007747980701379921
2025-06-21 20:39:54,0.012339843082862467,0.062725,0.0007740166573725482
2025-06-21 20:46:03,0.012300574612413497,0.062725,0.0007715535425636366
2025-06-21 20:52:13,0.012252980739614568,0.062725,0.0007685682168923238
2025-06-21 20:58:23,0.012261908332015362,0.062725,0.0007691282001256635
2025-06-21 21:04:33,0.01225687982988315,0.062725,0.0007688127873294206
2025-06-21 21:10:43,0.012224528929032452,0.062725,0.0007667835770735605
2025-06-21 21:16:52,0.012192926526167278,0.062725,0.0007648013163538425
2025-06-21 21:23:02,0.01216773755900332,0.062725,0.0007632213383884834
2025-06-21 21:29:11,0.012052182059540987,0.062725,0.0007559731196847084
2025-06-21 21:35:20,0.011934800241293458,0.062725,0.0007486103451351322
2025-06-21 21:41:29,0.011843897294505351,0.062725,0.0007429084577978482
2025-06-21 21:47:38,0.011897196877646189,0.062725,0.0007462516741503573
2025-06-21 21:53:48,0.011917422718513343,0.062725,0.0007475203400187495
2025-06-21 21:59:58,0.01187373829434114,0.062725,0.0007447802345125481
2025-06-21 22:06:07,0.011868401921956043,0.062725,0.0007444455105546929
2025-06-21 22:12:19,0.011894378341016693,0.062725,0.0007460748814402721
2025-06-21 22:18:28,0.011928381391356128,0.062725,0.0007482077227728131
2025-06-21 22:24:38,0.01202070451945759,0.062725,0.0007539986909829774
2025-06-21 22:30:47,0.012079798040684027,0.062725,0.0007577053321019056
2025-06-21 22:36:56,0.012133314633866948,0.062725,0.0007610621604093043
2025-06-21 22:43:07,0.01213226608682906,0.062725,0.0007609963902963529
2025-06-21 22:49:16,0.012145204988769502,0.062725,0.0007618079829205671
2025-06-21 22:55:26,0.012288147985604713,0.062725,0.0007707740823970557
2025-06-21 23:01:35,0.01230522363443429,0.062725,0.0007718451524698909
2025-06-21 23:07:45,0.012238909540619486,0.062725,0.0007676856009353573
2025-06-21 23:13:54,0.012172465621567409,0.062725,0.0007635179061128158
2025-06-21 23:20:04,0.012096560763578009,0.062725,0.0007587567738954307
2025-06-21 23:26:14,0.012076224590591192,0.062725,0.0007574811874448326
2025-06-21 23:32:24,0.012067418828309827,0.062725,0.0007569288460057339
2025-06-21 23:38:33,0.012081113110856093,0.062725,0.0007577878198784484
2025-06-21 23:44:42,0.0121552295330898,0.062725,0.0007624367724630577
2025-06-21 23:50:52,0.012216840473320646,0.062725,0.0007663013186890376
2025-06-21 23:57:01,0.012282159432779516,0.062725,0.0007703984504210952
2025-06-22 00:03:10,0.012396175110070712,0.062725,0.0007775500837791854
2025-06-22 00:09:20,0.012398105680373198,0.062725,0.0007776711788014089
2025-06-22 00:15:29,0.012469592989862525,0.062725,0.0007821552202891269
2025-06-22 00:21:39,0.012573622043232473,0.062725,0.0007886804426617569
2025-06-22 00:27:48,0.012599081614078368,0.062725,0.0007902773942430656
2025-06-22 00:33:59,0.012602136349846117,0.062725,0.0007904690025440978
2025-06-22 00:40:09,0.012578505227394114,0.062725,0.0007889867403882959
2025-06-22 00:46:19,0.012533404263829219,0.062725,0.0007861577824486878
2025-06-22 00:52:28,0.012562042055045804,0.062725,0.0007879540879027481
2025-06-22 00:58:37,0.012562790635458296,0.062725,0.0007880010426091216
2025-06-22 01:04:48,0.012549327478933503,0.062725,0.000787156566116104
2025-06-22 01:10:57,0.012584743624326883,0.062725,0.0007893780438359037
2025-06-22 01:17:06,0.012592120598835787,0.062725,0.0007898407645619747
2025-06-22 01:23:15,0.012592745300477267,0.062725,0.0007898799489724366
2025-06-22 01:29:25,0.012603790682295371,0.062725,0.0007905727705469772
2025-06-22 01:35:34,0.012537187641723766,0.062725,0.0007863950948271233
2025-06-22 01:41:43,0.01251241753369358,0.062725,0.0007848413898009299
2025-06-22 01:47:54,0.012504950449840183,0.062725,0.0007843730169662255
2025-06-22 01:54:03,0.012465563669553597,0.062725,0.0007819024811727494
2025-06-22 02:00:13,0.012396910316381803,0.062725,0.0007775961995950487
2025-06-22 02:06:23,0.01238596823246132,0.062725,0.0007769098573811364
2025-06-22 02:12:33,0.012329606594405606,0.062725,0.0007733745736340917
2025-06-22 02:18:43,0.012269934686255486,0.062725,0.0007696316531953754
2025-06-22 02:24:52,0.012233811958667922,0.062725,0.0007673658551074455
2025-06-22 02:31:02,0.01226231829829517,0.062725,0.0007691539152605646
2025-06-22 02:37:11,0.012302486303237686,0.062725,0.0007716734533705839
2025-06-22 02:43:20,0.01230306983803532,0.062725,0.0007717100555907655
2025-06-22 02:49:30,0.01235763918874753,0.062725,0.0007751329181141888
2025-06-22 02:55:39,0.012395527065667766,0.062725,0.0007775094351940107
2025-06-22 03:01:49,0.012388741076342554,0.062725,0.0007770837840135867
2025-06-22 03:07:58,0.012334090996648079,0.062725,0.0007736558577647508
2025-06-22 03:14:09,0.012317156921461134,0.062725,0.0007725936678986497
2025-06-22 03:20:19,0.012305077662538437,0.062725,0.0007718359963827235
2025-06-22 03:26:28,0.01227812306563701,0.062725,0.0007701452692920814
2025-06-22 03:32:37,0.012264143894898117,0.062725,0.0007692684258074845
2025-06-22 03:38:47,0.012288783919603127,0.062725,0.0007708139713571062
2025-06-22 03:44:58,0.012275617471369751,0.062725,0.0007699881058916677
2025-06-22 03:51:07,0.012263833980511077,0.062725,0.0007692489864275573
2025-06-22 03:57:15,0.012224205710408678,0.062725,0.0007667633031853844
2025-06-22 04:03:28,0.012199064411066428,0.062725,0.0007651863151841418
2025-06-22 04:09:38,0.012224553655857411,0.062725,0.0007667851280636561
2025-06-22 04:15:47,0.012250851664915859,0.062725,0.0007684346706818472
2025-06-22 04:21:56,0.012224906061904284,0.062725,0.0007668072327329463
2025-06-22 04:28:08,0.012236729884046362,0.062725,0.000767548881976808
2025-06-22 04:34:18,0.012236210002548053,0.062725,0.0007675162724098267
2025-06-22 04:40:28,0.012177285864576065,0.062725,0.0007638202558555337
2025-06-22 04:46:37,0.012162259748039219,0.062725,0.0007628777426957601
2025-06-22 04:52:46,0.012212021142566963,0.062725,0.0007659990261675128
2025-06-22 04:58:56,0.012247894068731228,0.062725,0.0007682491554611663
2025-06-22 05:05:05,0.012295916911702497,0.062725,0.0007712613882865392
2025-06-22 05:11:15,0.012317610807487547,0.062725,0.0007726221378996565
2025-06-22 05:17:25,0.012338576408420709,0.062725,0.000773937205218189
2025-06-22 05:23:34,0.012304970908011626,0.062725,0.0007718293002050293
2025-06-22 05:29:43,0.012233452424243035,0.062725,0.0007673433033106445
2025-06-22 05:35:53,0.012222492246255571,0.062725,0.0007666558261463808
2025-06-22 05:42:03,0.012200060495609065,0.062725,0.0007652487945870786
2025-06-22 05:48:12,0.01219932045542184,0.062725,0.000765202375566335
2025-06-22 05:54:21,0.012204351309758362,0.062725,0.0007655179359045933
2025-06-22 06:00:31,0.012224135036276123,0.062725,0.0007667588701504199
2025-06-22 06:06:39,0.012214184658451756,0.062725,0.0007661347327013865
2025-06-22 06:12:48,0.01222534862117576,0.062725,0.0007668349922632496
2025-06-22 06:18:58,0.012251845435063288,0.062725,0.0007684970049143448
2025-06-22 06:25:07,0.012244744655057784,0.062725,0.0007680516084884996
2025-06-22 06:31:15,0.012234981813908766,0.062725,0.0007674392342774274
2025-06-22 06:37:24,0.012200402209216515,0.062725,0.0007652702285731059
2025-06-22 06:43:33,0.012142631116315366,0.062725,0.0007616465367708814
2025-06-22 06:49:42,0.012127558774342306,0.062725,0.0007607011241206211
2025-06-22 06:55:51,0.01212116006921709,0.062725,0.0007602997653416419
2025-06-22 07:02:00,0.012099302850371299,0.062725,0.0007589287712895398
2025-06-22 07:08:09,0.012098424476078331,0.062725,0.0007588736752620134
2025-06-22 07:14:18,0.012071291754878663,0.062725,0.0007571717753247642
2025-06-22 07:20:28,0.012063757314814978,0.062725,0.0007566991775717695
2025-06-22 07:26:37,0.012088947432114987,0.062725,0.0007582792276794126
2025-06-22 07:32:46,0.012095534834946759,0.062725,0.0007586924225220355
2025-06-22 07:38:55,0.012101298531061013,0.062725,0.0007590539503608021
2025-06-22 07:45:04,0.012134315716478692,0.062725,0.000761124953316126
2025-06-22 07:51:13,0.012156593166357378,0.062725,0.0007625223063597665
2025-06-22 07:57:22,0.012166255664244702,0.062725,0.000763128386539749
2025-06-22 08:03:35,0.012188278354288519,0.062725,0.0007645097597727473
2025-06-22 08:09:43,0.012140972204508955,0.062725,0.0007615424815278243
2025-06-22 08:15:52,0.012151953476520922,0.062725,0.0007622312818147749
2025-06-22 08:22:02,0.012210708805968305,0.062725,0.000765916709854362
2025-06-22 08:28:10,0.01225068810561768,0.062725,0.0007684244114248691
2025-06-22 08:34:19,0.01225671684054969,0.062725,0.0007688025638234793
2025-06-22 08:40:27,0.012317349523220495,0.062725,0.0007726057488440056
2025-06-22 08:46:36,0.01239364174644479,0.062725,0.0007773911785457495
2025-06-22 08:52:45,0.012429169348272796,0.062725,0.0007796196473704111
2025-06-22 08:58:54,0.012546596321115044,0.062725,0.0007869852542419412
2025-06-22 09:05:04,0.012543322796250434,0.062725,0.0007867799223948086
2025-06-22 09:11:13,0.012546612481362289,0.062725,0.0007869862678934497
2025-06-22 09:17:22,0.012558044215545452,0.062725,0.0007877033234200885
2025-06-22 09:23:31,0.01247862474285255,0.062725,0.0007827217369954262
2025-06-22 09:29:40,0.012411827006047548,0.062725,0.0007785318489543325
2025-06-22 09:35:49,0.012386721247039942,0.062725,0.0007769570902205805
2025-06-22 09:41:57,0.012351498151782669,0.062725,0.0007747477215705679
2025-06-22 09:48:07,0.012288531977301365,0.062725,0.0007707981682762282
2025-06-22 09:54:16,0.012270840510933322,0.062725,0.0007696884710482926
2025-06-22 10:00:24,0.012273335637551461,0.062725,0.0007698449778654155
2025-06-22 10:06:34,0.012259363654019277,0.062725,0.0007689685851983591
2025-06-22 10:12:42,0.012239084871528388,0.062725,0.0007676965985666181
2025-06-22 10:18:52,0.012268761287680873,0.062725,0.0007695580517697828
2025-06-22 10:25:01,0.012278477782609846,0.062725,0.0007701675189142026
2025-06-22 10:31:10,0.012308229936632718,0.062725,0.0007720337227752873
2025-06-22 10:37:19,0.012350324449023642,0.062725,0.000774674101065008
2025-06-22 10:43:27,0.012352367646925742,0.062725,0.0007748022606534171
2025-06-22 10:49:36,0.01231992164459543,0.062725,0.0007727670851572484
2025-06-22 10:55:45,0.012264670313466284,0.062725,0.0007693014454121728
2025-06-22 11:01:54,0.012234780551897313,0.062725,0.000767426610117759
2025-06-22 11:08:03,0.012308211061951749,0.062725,0.0007720325388609235
2025-06-22 11:14:12,0.012303602246201532,0.062725,0.0007717434508929911
2025-06-22 11:20:21,0.012324095344029234,0.062725,0.0007730288804542338
2025-06-22 11:26:30,0.012298120511741471,0.062725,0.0007713996090989838
2025-06-22 11:32:39,0.012246468860587115,0.062725,0.0007681597592803269
2025-06-22 11:38:48,0.012200970461836462,0.062725,0.0007653058722186921
2025-06-22 11:44:57,0.01219302791302508,0.062725,0.0007648076758444981
2025-06-22 11:51:06,0.0121827988392961,0.062725,0.0007641660571948479
2025-06-22 11:57:15,0.012162226838445526,0.062725,0.0007628756784414957
2025-06-22 12:03:24,0.012147486105460807,0.062725,0.0007619510659650292
2025-06-22 12:09:33,0.012192307715871046,0.062725,0.0007647625014780113
2025-06-22 12:15:43,0.012172885326754267,0.062725,0.0007635442321206615
2025-06-22 12:21:53,0.012162132406257681,0.062725,0.0007628697551825131
2025-06-22 12:28:02,0.01218892294052903,0.062725,0.0007645501914446834
2025-06-22 12:34:14,0.012192033175574555,0.062725,0.0007647452809379139
2025-06-22 12:40:23,0.012161939744256946,0.062725,0.000762857670458517
2025-06-22 12:46:33,0.012163832490485721,0.062725,0.0007629763929657169
2025-06-22 12:52:42,0.012193252245539292,0.062725,0.0007648217471014522
2025-06-22 12:58:50,0.012196043481671985,0.062725,0.0007649968273878753
2025-06-22 13:05:00,0.012297462094887236,0.062725,0.0007713583099018019
2025-06-22 13:11:09,0.012301400283604505,0.062725,0.0007716053327890926
2025-06-22 13:17:19,0.012230551856574828,0.062725,0.0007671613652036561
2025-06-22 13:23:30,0.012163833826460083,0.062725,0.0007629764767647087
2025-06-22 13:29:38,0.011974257650324857,0.062725,0.0007510853111166267
2025-06-22 13:35:47,0.011976550797003396,0.062725,0.0007512291487420381
2025-06-22 13:41:56,0.011921652565879143,0.062725,0.0007477856571947694
2025-06-22 13:48:05,0.01193143339510573,0.062725,0.0007483991597080069
2025-06-22 13:54:14,0.011941118037759515,0.062725,0.0007490066289184656
2025-06-22 14:00:24,0.011960277953259074,0.062725,0.0007502084346181755
2025-06-22 14:06:33,0.011914836162957026,0.062725,0.0007473580983214795
2025-06-22 14:12:42,0.011856279986522668,0.062725,0.0007436851621546343
2025-06-22 14:18:52,0.011763029682255646,0.062725,0.0007378360368194854
2025-06-22 14:25:02,0.01171627814190481,0.062725,0.0007349035464509792
2025-06-22 14:31:11,0.011762570966958917,0.062725,0.0007378072639024981
2025-06-22 14:37:20,0.011759923658870203,0.062725,0.0007376412115026336
2025-06-22 14:43:29,0.011773658788244415,0.062725,0.000738502747492631
2025-06-22 14:49:38,0.011788783353959097,0.062725,0.0007394514358770844
2025-06-22 14:55:48,0.01182374839629689,0.062725,0.0007416446181577225
2025-06-22 15:01:56,0.0118060498845801,0.062725,0.0007405344790102868
2025-06-22 15:08:05,0.011788943845793638,0.062725,0.000739461502727406
2025-06-22 15:14:14,0.011739938491447617,0.062725,0.0007363876418760518
2025-06-22 15:20:25,0.01171007510528724,0.062725,0.0007345144609791421
2025-06-22 15:26:34,0.01169736441733107,0.062725,0.0007337171830770914
2025-06-22 15:32:43,0.011683756098149254,0.062725,0.000732863601256412
2025-06-22 15:38:52,0.011636171108033569,0.062725,0.0007298788327514057
2025-06-22 15:45:01,0.011606963156986836,0.062725,0.0007280467640219993
2025-06-22 15:51:10,0.011601765925113028,0.062725,0.0007277207676527147
2025-06-22 15:57:20,0.011557898481860734,0.062725,0.0007249691822747145
2025-06-22 16:03:29,0.011346754588549779,0.062725,0.0007117251815667849
2025-06-22 16:09:38,0.011381644181778559,0.062725,0.0007139136313020602
2025-06-22 16:15:47,0.011353902045757798,0.062725,0.0007121735058201579
2025-06-22 16:21:57,0.011306908974278298,0.062725,0.0007092258654116063
2025-06-22 16:28:06,0.011361752826784284,0.062725,0.0007126659460600442
2025-06-22 16:34:15,0.01136797963979312,0.062725,0.0007130565229060235
2025-06-22 16:40:24,0.011400313051506914,0.062725,0.0007150846361557712
2025-06-22 16:46:34,0.011321377937833893,0.062725,0.000710133431150631
2025-06-22 16:52:43,0.011278617741871066,0.062725,0.0007074512978588627
2025-06-22 16:58:53,0.011269505934758743,0.062725,0.0007068797597577422
2025-06-22 17:05:02,0.011265828225724936,0.062725,0.0007066490754585966
2025-06-22 17:11:12,0.011341566502844866,0.062725,0.0007113997588909443
2025-06-22 17:44:57,0.011436198980728297,0.062725,0.0007173355810661825
2025-06-22 17:51:10,0.011513232131225347,0.062725,0.0007221674854311099
2025-06-22 17:57:19,0.01159590793127719,0.062725,0.0007273533249893617
2025-06-22 18:03:29,0.011609717967932063,0.062725,0.0007282195595385387
2025-06-22 18:09:40,0.011616194342064607,0.062725,0.0007286257901060025
2025-06-22 18:15:48,0.011579839930058546,0.062725,0.0007263454596129223
2025-06-22 18:21:57,0.011572156065927071,0.062725,0.0007258634892352755
2025-06-22 18:28:06,0.011584992501858586,0.062725,0.0007266686546790799
2025-06-22 18:34:17,0.01157761863432466,0.062725,0.0007262061288380143
2025-06-22 18:40:26,0.011557503441331418,0.062725,0.0007249444033575132
2025-06-22 18:46:35,0.011555034840552633,0.062725,0.0007247895603736639
2025-06-22 18:52:44,0.011559963681393967,0.062725,0.0007250987219154366
2025-06-22 18:58:53,0.011538980422845195,0.062725,0.0007237825470229649
2025-06-22 19:05:03,0.011504853394799938,0.062725,0.0007216419291888261
2025-06-22 19:11:13,0.011520666720790823,0.062725,0.0007226338200616044
2025-06-22 19:17:22,0.011472230937136112,0.062725,0.0007195956855318627
2025-06-22 19:23:31,0.011503705039161887,0.062725,0.0007215698985814293
2025-06-22 19:29:41,0.011496049692392964,0.062725,0.0007210897169553487
2025-06-22 19:35:50,0.011505506880015176,0.062725,0.0007216829190489519
2025-06-22 19:42:00,0.01148843972638314,0.062725,0.0007206123818373825
2025-06-22 19:48:09,0.011457789257727908,0.062725,0.000718689831190983
2025-06-22 19:54:18,0.011432126159915935,0.062725,0.000717080113380727
2025-06-22 20:00:27,0.011418020641242355,0.062725,0.0007161953447219268
2025-06-22 20:06:36,0.011401459395287547,0.062725,0.0007151565405694114
2025-06-22 20:12:45,0.011382883528611235,0.062725,0.0007139913693321397
2025-06-22 20:18:56,0.011307842319712531,0.062725,0.0007092844095039685
2025-06-22 20:25:06,0.01131063414012949,0.062725,0.0007094595264396223
2025-06-22 20:31:15,0.011314529952454421,0.062725,0.0007097038912677036
2025-06-22 20:37:24,0.011370556634801725,0.062725,0.0007132181649179383
2025-06-22 20:43:33,0.01141367954328934,0.062725,0.0007159230493528238
2025-06-22 20:49:42,0.01140890298372469,0.062725,0.0007156234396541312
2025-06-22 20:55:52,0.011466216606766158,0.062725,0.0007192184366594073
2025-06-22 21:02:01,0.011450804976987413,0.062725,0.0007182517421815356
2025-06-22 21:08:10,0.011447749911256215,0.062725,0.000718060113183546
2025-06-22 21:14:20,0.011463171121848042,0.062725,0.0007190274086179185
2025-06-22 21:20:29,0.011427339048129516,0.062725,0.0007167798417939239
2025-06-22 21:26:39,0.011420602857797507,0.062725,0.0007163573142553487
2025-06-22 21:32:48,0.01139679455778009,0.062725,0.0007148639386367561
2025-06-22 21:38:57,0.011374742716684145,0.062725,0.000713480736904013
2025-06-22 21:45:06,0.011377964433348256,0.062725,0.0007136828190817694
2025-06-22 21:51:16,0.011369404654761713,0.062725,0.0007131459069699285
2025-06-22 21:57:25,0.01137414365396584,0.062725,0.0007134431606950073
2025-06-22 22:03:35,0.011377011307044254,0.062725,0.0007136230342343508
2025-06-22 22:09:44,0.011467622730924719,0.062725,0.000719306635797253
2025-06-22 22:15:54,0.01146111228568621,0.062725,0.0007188982681196676
2025-06-22 22:22:03,0.011471668857550738,0.062725,0.00071956042908987
2025-06-22 22:28:12,0.011494821931069195,0.062725,0.0007210127056263152
2025-06-22 22:34:23,0.01153105520983314,0.062725,0.0007232854380367838
2025-06-22 22:40:32,0.011557769415864165,0.062725,0.0007249610866100798
2025-06-22 22:46:42,0.011580453750540802,0.062725,0.0007263839615026719
2025-06-22 22:52:51,0.011562329335219888,0.062725,0.0007252471075516675
2025-06-22 22:59:00,0.011580011647360637,0.062725,0.000726356230580696
2025-06-22 23:05:09,0.011560162066235677,0.062725,0.0007251111656046328
2025-06-22 23:11:19,0.011566373954177438,0.062725,0.0007255008062757799
2025-06-22 23:17:29,0.011565341264750386,0.062725,0.000725436030831468
2025-06-22 23:23:38,0.011566196649900847,0.062725,0.0007254896848650307
2025-06-22 23:29:47,0.01156994076981303,0.062725,0.0007257245347865223
2025-06-22 23:35:56,0.011542723381968607,0.062725,0.0007240173241339809
2025-06-22 23:42:06,0.01155578447954335,0.062725,0.0007248365814793567
2025-06-22 23:48:16,0.011556407087047213,0.062725,0.0007248756345350364
2025-06-22 23:54:26,0.011520553168917534,0.062725,0.0007226266975203523
2025-06-23 00:00:35,0.011505410289029645,0.062725,0.0007216768603793845
2025-06-23 00:06:45,0.011427002944604083,0.062725,0.0007167587597002911
2025-06-23 00:12:54,0.011383866960745115,0.062725,0.0007140530551127374
2025-06-23 00:19:04,0.011401061370047854,0.062725,0.0007151315744362516
2025-06-23 00:25:15,0.01143932341581,0.062725,0.0007175315612566823
2025-06-23 00:31:24,0.011453899398390078,0.062725,0.0007184458397640177
2025-06-23 00:37:36,0.011448590880828285,0.062725,0.0007181128629999542
2025-06-23 00:43:45,0.011516758467430742,0.062725,0.0007223886748695933
2025-06-23 00:49:54,0.011507744366239131,0.062725,0.0007218232653723495
2025-06-23 00:56:04,0.011461029858680444,0.062725,0.0007188930978857308
2025-06-23 01:02:13,0.011448320907736561,0.062725,0.0007180959289377759
2025-06-23 01:08:23,0.01140864916080616,0.062725,0.0007156075186115664
2025-06-23 01:14:33,0.011382287298727842,0.062725,0.0007139539708127039
2025-06-23 01:20:42,0.011352374452336984,0.062725,0.0007120776875228374
2025-06-23 01:26:52,0.011335318810786825,0.062725,0.0007110078724066036
2025-06-23 01:33:03,0.011335922177122846,0.062725,0.0007110457185600306
2025-06-23 01:39:13,0.011362590635674028,0.062725,0.0007127184976226535
2025-06-23 01:45:22,0.011383489820449597,0.062725,0.000714029398987701
2025-06-23 01:51:34,0.011447853635708287,0.062725,0.0007180666192998024
2025-06-23 01:57:43,0.011469064079581277,0.062725,0.0007193970443917356
2025-06-23 02:03:53,0.011457933502209843,0.062725,0.0007186988789261125
2025-06-23 02:10:02,0.01146026043378378,0.062725,0.0007188448357090876
2025-06-23 02:16:11,0.011436133469318828,0.062725,0.0007173314718630236
2025-06-23 02:22:22,0.011450963486912609,0.062725,0.0007182616847165934
2025-06-23 02:28:31,0.011474569013265405,0.062725,0.0007197423413570726
2025-06-23 02:34:42,0.011474568934250083,0.062725,0.0007197423364008364
2025-06-23 02:40:51,0.011490610613531316,0.062725,0.0007207485507337518
2025-06-23 02:47:02,0.011516560312043744,0.062725,0.0007223762455729439
2025-06-23 02:53:14,0.011533947982202614,0.062725,0.000723466887183659
2025-06-23 02:59:25,0.011621849626734742,0.062725,0.0007289805178369367
2025-06-23 03:05:35,0.011710737246275664,0.062725,0.000734555993772641
2025-06-23 03:11:44,0.01185919152012805,0.062725,0.000743867788100032
2025-06-23 03:17:55,0.01186573227241049,0.062725,0.000744278056786948
2025-06-23 03:24:04,0.01181533906995532,0.062725,0.0007411171431629475
2025-06-23 03:30:15,0.011793136811131564,0.062725,0.0007397245064782274
2025-06-23 03:36:24,0.011755177031854556,0.062725,0.000737343479323077
2025-06-23 03:42:36,0.011738236495522102,0.062725,0.0007362808841816238
2025-06-23 03:48:45,0.011742856564601884,0.062725,0.0007365706780146532
2025-06-23 03:54:56,0.01175125774455105,0.062725,0.0007370976420269647
2025-06-23 04:01:05,0.011723534378428973,0.062725,0.0007353586938869573
2025-06-23 04:07:17,0.011737529068992014,0.062725,0.000736236510852524
2025-06-23 04:13:27,0.011690302566295002,0.062725,0.000733274228470854
2025-06-23 04:19:38,0.011682521836712258,0.062725,0.0007327861822077765
2025-06-23 04:25:48,0.011688327848457023,0.062725,0.0007331503642944668
2025-06-23 04:31:57,0.011689473887464956,0.062725,0.0007332222495912394
2025-06-23 04:38:07,0.011685635317488717,0.062725,0.0007329814752894798
2025-06-23 04:44:16,0.011712363645151994,0.062725,0.0007346580096421588
2025-06-23 04:50:25,0.011688733024513849,0.062725,0.0007331757789626312
2025-06-23 04:56:34,0.011641694131848363,0.062725,0.0007302252644201886
2025-06-23 05:02:44,0.011622201997112018,0.062725,0.0007290026202688513
2025-06-23 05:08:53,0.01162378686617429,0.062725,0.0007291020311807824
2025-06-23 05:15:02,0.011621219678725014,0.062725,0.0007289410043480266
2025-06-23 05:21:11,0.011633763417339776,0.062725,0.0007297278103526374
2025-06-23 05:27:20,0.011624088633786146,0.062725,0.0007291209595542361
2025-06-23 05:33:29,0.011636151134303205,0.062725,0.0007298775798991686
2025-06-23 05:39:38,0.01163651302148813,0.062725,0.000729900279272843
2025-06-23 05:45:47,0.01164373287379491,0.062725,0.0007303531445087858
2025-06-23 05:51:56,0.011712953335334246,0.062725,0.0007346949979588406
2025-06-23 05:58:05,0.011732624881490305,0.062725,0.0007359288956914794
2025-06-23 06:04:14,0.011711875567658148,0.062725,0.0007346273949813574
2025-06-23 06:10:22,0.011693873516110485,0.062725,0.0007334982162980302
2025-06-23 06:16:31,0.011696815152551374,0.062725,0.0007336827304437849
2025-06-23 06:22:40,0.011688213270434107,0.062725,0.0007331431773879794
2025-06-23 06:28:50,0.011683004021910942,0.062725,0.0007328164272743639
2025-06-23 06:34:59,0.011682066257620817,0.062725,0.0007327576060092658
2025-06-23 06:41:08,0.011691785092890945,0.062725,0.0007333672199515846
2025-06-23 06:47:18,0.011670491773287299,0.062725,0.0007320315964794459
2025-06-23 06:53:26,0.011635787539307324,0.062725,0.0007298547734030519
2025-06-23 06:59:39,0.011624287539666591,0.062725,0.0007291334359255869
2025-06-23 07:05:47,0.01166401313689833,0.062725,0.0007316252240119478
2025-06-23 07:11:57,0.01171231858973662,0.062725,0.0007346551835412295
2025-06-23 07:18:06,0.011702068108056872,0.062725,0.0007340122220778673
2025-06-23 07:24:15,0.011698744181697859,0.062725,0.0007338037287969982
2025-06-23 07:30:24,0.011662673575132504,0.062725,0.0007315412000001864
2025-06-23 07:36:34,0.01163639748043932,0.062725,0.0007298930319605564
2025-06-23 07:42:43,0.01164700403044484,0.062725,0.0007305583278096527
2025-06-23 07:48:52,0.011632205016390519,0.062725,0.0007296300596530953
2025-06-23 07:55:03,0.011620654886632933,0.062725,0.0007289055777640508
2025-06-23 08:01:12,0.011611614189803351,0.062725,0.0007283385000554152
2025-06-23 08:07:21,0.011627250309327018,0.062725,0.0007293192756525372
2025-06-23 08:13:30,0.01165278362262384,0.062725,0.0007309208527290804
2025-06-23 08:19:39,0.011663237797568038,0.062725,0.0007315765908524552
2025-06-23 08:25:48,0.011622270422189272,0.062725,0.0007290069122318221
2025-06-23 08:31:58,0.011618091446167312,0.062725,0.0007287447859608447
2025-06-23 08:38:10,0.011613551749566225,0.062725,0.0007284600334915415
2025-06-23 08:44:19,0.011593105379197126,0.062725,0.0007271775349101398
2025-06-23 08:50:28,0.011612848263797621,0.062725,0.0007284159073467059
2025-06-23 08:56:38,0.01162159284937385,0.062725,0.0007289644114769748
2025-06-23 09:02:47,0.011559942615425471,0.062725,0.0007250974005525628
2025-06-23 09:08:56,0.011519151135561024,0.062725,0.0007225387549780653
2025-06-23 09:15:05,0.011521538293338525,0.062725,0.0007226884894496591
2025-06-23 09:21:14,0.011519642925497203,0.062725,0.0007225696025018121
2025-06-23 09:27:24,0.011504796063355223,0.062725,0.0007216383330739564
2025-06-23 09:33:33,0.011510643401254081,0.062725,0.0007220051073436622
2025-06-23 09:39:42,0.011513446557432529,0.062725,0.0007221809353149554
2025-06-23 09:45:51,0.011510763338715781,0.062725,0.0007220126304209474
2025-06-23 09:52:00,0.011520204755753966,0.062725,0.0007226048433046675
2025-06-23 09:58:09,0.011513523864854824,0.062725,0.0007221857844230189
2025-06-23 10:04:18,0.011499303691645616,0.062725,0.0007212938240584713
2025-06-23 10:10:27,0.011460422702140703,0.062725,0.0007188550139917756
2025-06-23 10:16:38,0.011477159852081037,0.062725,0.0007199048517217831
2025-06-23 10:22:48,0.01146992950066407,0.062725,0.0007194513279291537
2025-06-23 10:28:57,0.011470986385425569,0.062725,0.0007195176210258188
2025-06-23 10:35:05,0.01155567230421194,0.062725,0.000724829545281694
2025-06-23 10:41:15,0.011551357045661575,0.062725,0.0007245588706891223
2025-06-23 10:47:24,0.011522326428765255,0.062725,0.0007227379252443007
2025-06-23 10:53:33,0.011531335578309038,0.062725,0.0007233030241494344
2025-06-23 10:59:42,0.011510126373499208,0.062725,0.0007219726767777379
2025-06-23 11:05:51,0.01150241516639554,0.062725,0.0007214889913121602
2025-06-23 11:12:00,0.011505383607475259,0.062725,0.0007216751867788856
2025-06-23 11:18:08,0.011519854224417541,0.062725,0.0007225828562265903
2025-06-23 11:24:17,0.011525947672607293,0.062725,0.0007229650677642924
2025-06-23 11:30:27,0.011528552083257725,0.062725,0.0007231284294223409
2025-06-23 11:36:36,0.011592556393369598,0.062725,0.000727143099774108
2025-06-23 11:42:46,0.01159950049674047,0.062725,0.000727578668658046
2025-06-23 11:48:55,0.011585834217949911,0.062725,0.0007267214513209082
2025-06-23 11:55:04,0.011604893001530293,0.062725,0.0007279169135209877
2025-06-23 12:01:14,0.011599202513505644,0.062725,0.0007275599776596415
2025-06-23 12:07:23,0.011593191153515911,0.062725,0.0007271829151042856
2025-06-23 12:13:32,0.011567789280040966,0.062725,0.0007255895825905697
2025-06-23 12:19:42,0.011554269612834091,0.062725,0.0007247415614650185
2025-06-23 12:25:52,0.011556711075682848,0.062725,0.0007248947022222067
2025-06-23 12:32:01,0.01156936221868991,0.062725,0.0007256882451673246
2025-06-23 12:38:11,0.011599103605404051,0.062725,0.0007275537736489691
2025-06-23 12:44:21,0.011628859176544515,0.062725,0.0007294201918487547
2025-06-23 12:50:29,0.011643661207117368,0.062725,0.0007303486492164369
2025-06-23 12:56:39,0.011658078849322738,0.062725,0.0007312529958237688
2025-06-23 13:02:48,0.011665172689035838,0.062725,0.000731697956919773
2025-06-23 13:08:58,0.011652473076604402,0.062725,0.0007309013737300111
2025-06-23 13:15:06,0.011623996906324216,0.062725,0.0007291152059491865
2025-06-23 13:21:16,0.011608788492685802,0.062725,0.0007281612582037169
2025-06-23 13:27:26,0.011585821711842852,0.062725,0.0007267206668753429
2025-06-23 13:33:35,0.01153008166680444,0.062725,0.0007232243725503086
2025-06-23 13:39:47,0.011572442750890326,0.062725,0.0007258814715495958
2025-06-23 13:45:57,0.011699300989730762,0.062725,0.0007338386545808621
2025-06-23 13:52:06,0.011776684126517717,0.062725,0.0007386925118358238
2025-06-23 13:58:16,0.011832276446903128,0.062725,0.0007421795401319987
2025-06-23 14:04:25,0.01183994170047165,0.062725,0.0007426603431620844
2025-06-23 14:10:35,0.011843917903197465,0.062725,0.000742909750478061
2025-06-23 14:16:44,0.01185873512407538,0.062725,0.0007438391606576283
2025-06-23 14:22:53,0.011830561832803649,0.062725,0.0007420719909626089
2025-06-23 14:29:02,0.011810766107742258,0.062725,0.0007408303041081331
2025-06-23 14:35:11,0.011844193247180468,0.062725,0.0007429270214293949
2025-06-23 14:41:22,0.01184135889666182,0.062725,0.0007427492367931127
2025-06-23 14:47:31,0.011831037903471215,0.062725,0.0007421018524952321
2025-06-23 14:53:40,0.011802915222262612,0.062725,0.0007403378573164224
2025-06-23 14:59:49,0.01179953212287823,0.062725,0.000740125652407537
2025-06-23 15:05:58,0.011816616020112011,0.062725,0.0007411972398615259
2025-06-23 15:12:07,0.011819887486582031,0.062725,0.0007414024425958579
2025-06-23 15:18:18,0.011793919427192953,0.062725,0.000739773596070678
2025-06-23 15:24:27,0.011750278718618282,0.062725,0.0007370362326253318
2025-06-23 15:30:36,0.011700910730436425,0.062725,0.0007339396255666248
2025-06-23 15:36:46,0.011718364050797268,0.062725,0.0007350343850862586
2025-06-23 15:42:55,0.011710883309817255,0.062725,0.0007345651556082874
2025-06-23 15:49:05,0.011687553817267946,0.062725,0.000733101813188132
2025-06-23 15:55:14,0.011672279391588424,0.062725,0.0007321437248373839
2025-06-23 16:01:24,0.01168760446993339,0.062725,0.0007331049903765719
2025-06-23 16:07:34,0.011680930716037837,0.062725,0.0007326863791634734
2025-06-23 16:13:43,0.011622263557597799,0.062725,0.000729006481650322
2025-06-23 16:19:52,0.011599023025679724,0.062725,0.0007275487192857607
2025-06-23 16:26:02,0.011507161440853756,0.062725,0.0007217867013775519
2025-06-23 16:32:11,0.011408441362915163,0.062725,0.0007155944844888536
2025-06-23 16:38:20,0.011381199818045166,0.062725,0.0007138857585868831
2025-06-23 16:44:29,0.011404729357183483,0.062725,0.000715361648929334
2025-06-23 16:50:38,0.011407746081894097,0.062725,0.0007155508729868073
2025-06-23 16:56:49,0.011373671266386408,0.062725,0.0007134135301840875
2025-06-23 17:02:58,0.011346568312708466,0.062725,0.0007117134974146386
2025-06-23 17:09:09,0.011431066801096235,0.062725,0.0007170136650987614
2025-06-23 17:15:18,0.011447515230535162,0.062725,0.000718045392835318
2025-06-23 17:21:27,0.01146959089355594,0.062725,0.0007194300887982964
2025-06-23 17:27:39,0.011530906125429705,0.062725,0.0007232760867175783
2025-06-23 17:33:48,0.011582477007552447,0.062725,0.0007265108702987273
2025-06-23 17:39:58,0.011688126285935517,0.062725,0.0007331377212853053
2025-06-23 17:46:08,0.011716653474453323,0.062725,0.0007349270891850847
2025-06-23 17:52:18,0.011692814808614277,0.062725,0.0007334318088703306
2025-06-23 17:58:27,0.011748166883412351,0.062725,0.0007369037677620397
2025-06-23 18:04:37,0.011816218612754684,0.062725,0.0007411723124850375
2025-06-23 18:10:46,0.011864507447020329,0.062725,0.0007442012296143501
2025-06-23 18:16:56,0.011887484992463324,0.062725,0.000745642496152262
2025-06-23 18:23:06,0.011860358708608914,0.062725,0.0007439409999974942
2025-06-23 18:29:15,0.011821703830544351,0.062725,0.0007415163727708945
2025-06-23 18:35:26,0.011847932078197967,0.062725,0.0007431615396049676
2025-06-23 18:41:35,0.011838658583161995,0.062725,0.0007425798596288362
2025-06-23 18:47:44,0.011857428476571407,0.062725,0.0007437572011929416
2025-06-23 18:53:55,0.011847520624552275,0.062725,0.0007431357311750414
2025-06-23 19:00:05,0.011855408807678694,0.062725,0.0007436305174616461
2025-06-23 19:06:14,0.011854436826092515,0.062725,0.000743569549916653
2025-06-23 19:12:23,0.011873497521752277,0.062725,0.0007447651320519116
2025-06-23 19:18:33,0.011882192924435537,0.062725,0.0007453105511852191
2025-06-23 19:24:45,0.011911898099810735,0.062725,0.0007471738083106283
2025-06-23 19:30:55,0.01191589822719484,0.062725,0.0007474247163007964
2025-06-23 19:37:04,0.011941831832516448,0.062725,0.0007490514016945943
2025-06-23 19:43:13,0.01195309999268372,0.062725,0.0007497581970410864
2025-06-23 19:49:23,0.011927138165585697,0.062725,0.0007481297414363629
2025-06-23 19:55:33,0.012001341681216643,0.062725,0.000752784156954314
2025-06-23 20:01:42,0.01208010339540197,0.062725,0.0007577244854765886
2025-06-23 20:07:52,0.012088261911301145,0.062725,0.0007582362283863643
2025-06-23 20:14:02,0.012117954738967332,0.062725,0.000760098711001726
2025-06-23 20:20:13,0.01214959556171986,0.062725,0.0007620833816088783
2025-06-23 20:26:22,0.012167443189874883,0.062725,0.000763202874084902
2025-06-23 20:32:33,0.012140815621478757,0.062725,0.0007615326598572551
2025-06-23 20:38:42,0.012116430952735917,0.062725,0.0007600031315103604
2025-06-23 20:44:53,0.012062379811791911,0.062725,0.0007566127736946477
2025-06-23 20:51:02,0.012035606291733813,0.062725,0.0007549334046490035
2025-06-23 20:57:12,0.012014789893647163,0.062725,0.0007536276960790183
2025-06-23 21:03:22,0.012020284386183406,0.062725,0.0007539723381233542
2025-06-23 21:09:31,0.012229702442926087,0.062725,0.0007671080857325389
2025-06-23 21:15:43,0.012180900332997123,0.062725,0.0007640469733872445
2025-06-23 21:21:52,0.012166661096715626,0.062725,0.0007631538172914877
2025-06-23 21:28:01,0.012160842657617424,0.062725,0.000762788855699053
2025-06-23 21:34:10,0.01217116786401207,0.062725,0.0007634365042701571
2025-06-23 21:40:19,0.012123949287654865,0.062725,0.0007604747190681515
2025-06-23 21:46:28,0.01211713294368517,0.062725,0.0007600471638926523
2025-06-23 21:52:37,0.01213027418599174,0.062725,0.0007608714483163319
2025-06-23 21:58:47,0.012143170533062528,0.062725,0.0007616803716863471
2025-06-23 22:04:57,0.012204231839898619,0.062725,0.0007655104421576409
2025-06-23 22:11:09,0.012251906915936661,0.062725,0.0007685008613021271
2025-06-23 22:17:18,0.012272299769621516,0.062725,0.0007697800030495096
2025-06-23 22:23:28,0.012273777817983906,0.062725,0.0007698727136330406
2025-06-23 22:29:38,0.012285177672965544,0.062725,0.0007705877695367638
2025-06-23 22:35:47,0.012298725917402914,0.062725,0.0007714375831690978
2025-06-23 22:41:59,0.012294611754116941,0.062725,0.0007711795222769852
2025-06-23 22:48:09,0.012298827315894724,0.062725,0.0007714439433894965
2025-06-23 22:54:19,0.012271945713290227,0.062725,0.0007697577948661296
2025-06-23 23:00:29,0.012297538214785712,0.062725,0.0007713630845224338
2025-06-23 23:06:42,0.012301859063088248,0.062725,0.0007716341097322104
2025-06-23 23:12:53,0.012294459046308586,0.062725,0.0007711699436797061
2025-06-23 23:19:02,0.012289198356957994,0.062725,0.0007708399669401902
2025-06-23 23:25:15,0.012284035044019795,0.062725,0.0007705160981361417
2025-06-23 23:31:25,0.012280769585285478,0.062725,0.0007703112722370317
2025-06-23 23:37:34,0.012278008689472042,0.062725,0.0007701380950471339
2025-06-23 23:43:45,0.012281559909668059,0.062725,0.000770360845333929
2025-06-23 23:49:54,0.012262721690892351,0.062725,0.0007691792180612228
2025-06-23 23:56:04,0.012254257051858357,0.062725,0.0007686482735778155
2025-06-24 00:02:13,0.012260701072669501,0.062725,0.0007690524747831945
2025-06-24 00:08:23,0.012257480194426622,0.062725,0.0007688504451954099
2025-06-24 00:14:32,0.012270459204320716,0.062725,0.000769664553591017
2025-06-24 00:20:41,0.012275692894119134,0.062725,0.0007699928367836227
2025-06-24 00:26:51,0.012401786914421299,0.062725,0.000777902084207076
2025-06-24 00:33:01,0.012396854003439215,0.062725,0.0007775926673657248
2025-06-24 00:39:12,0.01237211340681604,0.062725,0.0007760408134425362
2025-06-24 00:45:21,0.012361202119079569,0.062725,0.000775356402919266
2025-06-24 00:51:31,0.01234797577389771,0.062725,0.0007745267804177339
2025-06-24 00:57:42,0.012335346100605337,0.062725,0.0007737345841604698
2025-06-24 01:03:53,0.01230595695461992,0.062725,0.0007718911499785345
2025-06-24 01:10:03,0.01232483371913948,0.062725,0.0007730751950330238
2025-06-24 01:16:12,0.012302889783007628,0.062725,0.0007716987616391536
2025-06-24 01:22:22,0.012282886897365067,0.062725,0.0007704440806372239
2025-06-24 01:28:32,0.012303149268540377,0.062725,0.0007717150378691952
2025-06-24 01:34:43,0.012328498749358676,0.062725,0.000773305084053523
2025-06-24 01:40:54,0.012279164248130778,0.062725,0.0007702105774640032
2025-06-24 01:47:04,0.012247980291934864,0.062725,0.0007682545638116144
2025-06-24 01:53:14,0.012245482356558882,0.062725,0.0007680978808151559
2025-06-24 01:59:28,0.012290791849325678,0.062725,0.0007709399187489532
2025-06-24 02:05:38,0.012312181386264236,0.062725,0.0007722815774534243
2025-06-24 02:11:47,0.012315274366808836,0.062725,0.0007724755846580843
2025-06-24 02:17:58,0.012306823705335476,0.062725,0.0007719455169171677
2025-06-24 02:24:08,0.012288169148091336,0.062725,0.0007707754098140291
2025-06-24 02:30:20,0.012279279735312603,0.062725,0.000770217821397483
2025-06-24 02:36:34,0.012286209018799345,0.062725,0.0007706524607041889
2025-06-24 02:42:45,0.012268030368371732,0.062725,0.0007695122048561169
2025-06-24 02:49:03,0.012259735176069016,0.062725,0.000768991888918929
2025-06-24 02:55:14,0.012256967987354315,0.062725,0.0007688183170067995
2025-06-24 03:01:28,0.012234447747114267,0.062725,0.0007674057349377425
2025-06-24 03:07:38,0.012239948375807703,0.062725,0.0007677507618725382
2025-06-24 03:36:21,0.012272590917705205,0.062725,0.000769798265313059
2025-06-24 03:42:31,0.012267658301681073,0.062725,0.0007694888669729454
2025-06-24 03:49:55,0.012273140951903325,0.062725,0.0007698327662081361
2025-06-24 03:56:05,0.012286555425668252,0.062725,0.0007706741890750412
2025-06-24 04:02:15,0.01229682249155965,0.062725,0.000771318190783079
2025-06-24 04:08:25,0.01231358528672305,0.062725,0.0007723696371097034
2025-06-24 04:14:35,0.01229099554463082,0.062725,0.0007709526955369683
2025-06-24 04:20:44,0.01226740920565919,0.062725,0.0007694732424249727
2025-06-24 04:26:55,0.012255217658552952,0.062725,0.0007687085276327339
2025-06-24 04:33:04,0.012247346588808201,0.062725,0.0007682148147829945
2025-06-24 04:39:14,0.012265204513027322,0.062725,0.0007693349530796389
2025-06-24 04:45:23,0.0122512970128065,0.062725,0.0007684626051282878
2025-06-24 04:51:33,0.01227639111608202,0.062725,0.0007700366327562447
2025-06-24 04:57:47,0.01228851108226606,0.062725,0.0007707968576351387
2025-06-24 05:03:57,0.012299546694063168,0.062725,0.0007714890663851122
2025-06-24 05:10:06,0.012286908682810328,0.062725,0.0007706963471292779
2025-06-24 05:16:16,0.012327865645847105,0.062725,0.0007732653726357597
2025-06-24 05:22:27,0.012305227242261043,0.062725,0.000771845378770824
2025-06-24 05:28:36,0.012310875270010145,0.062725,0.0007721996513113864
2025-06-24 05:34:46,0.012324452750164732,0.062725,0.0007730512987540829
2025-06-24 05:40:56,0.012344480600279234,0.062725,0.0007743075456525149
2025-06-24 05:47:05,0.01235848789998363,0.062725,0.0007751861535264733
2025-06-24 05:53:15,0.012376857673679303,0.062725,0.0007763383975815343
2025-06-24 05:59:24,0.0124022879121247,0.062725,0.0007779335092880219
2025-06-24 06:05:33,0.012418580556837606,0.062725,0.0007789554654276388
2025-06-24 06:11:42,0.012441392469738969,0.062725,0.0007803863426643769
2025-06-24 06:17:52,0.012402376568055458,0.062725,0.0007779390702312786
2025-06-24 06:24:01,0.012407417813669493,0.062725,0.000778255282362419
2025-06-24 06:30:11,0.012409231782561295,0.062725,0.0007783690635611573
2025-06-24 06:36:20,0.012414089318093516,0.062725,0.0007786737524774159
2025-06-24 06:42:29,0.012441311564856871,0.062725,0.0007803812679056473
2025-06-24 06:48:37,0.01244313824275363,0.062725,0.0007804958462767215
2025-06-24 06:54:46,0.01242593528156892,0.062725,0.0007794167905364105
2025-06-24 07:00:57,0.012408076484879398,0.062725,0.0007782965975140603
2025-06-24 07:07:05,0.012407989835341332,0.062725,0.0007782911624217851
2025-06-24 07:13:14,0.012407901499576934,0.062725,0.0007782856215609633
2025-06-24 07:19:24,0.01242067112023235,0.062725,0.0007790865960165742
2025-06-24 07:25:33,0.01239922528785853,0.062725,0.0007777414061809263
2025-06-24 07:31:42,0.012367919867074724,0.062725,0.0007757777736622621
2025-06-24 07:37:52,0.012330093732014059,0.062725,0.0007734051293405819
2025-06-24 07:44:01,0.012314517999715783,0.062725,0.0007724281415321725
2025-06-24 07:50:10,0.012302695086398389,0.062725,0.000771686549294339
2025-06-24 07:56:18,0.012273155106439603,0.062725,0.0007698336540514242
2025-06-24 08:02:29,0.01224056283310816,0.062725,0.0007677893037067094
2025-06-24 08:08:38,0.012214084037030318,0.062725,0.0007661284212227268
2025-06-24 08:14:47,0.012221326388208721,0.062725,0.0007665826977003921
2025-06-24 08:20:57,0.012208823387955913,0.062725,0.0007657984470095347
2025-06-24 08:27:06,0.012180560728904288,0.062725,0.0007640256717205214
2025-06-24 08:33:16,0.012191106672288734,0.062725,0.0007646871660193108
2025-06-24 08:39:25,0.012194113028628748,0.062725,0.0007648757397207383
2025-06-24 08:45:34,0.012230235599778054,0.062725,0.0007671415279960785
2025-06-24 08:51:43,0.012203168672355092,0.062725,0.0007654437549734732
2025-06-24 08:57:52,0.012189535007565732,0.062725,0.0007645885833495606
2025-06-24 09:04:01,0.012187910730928663,0.062725,0.0007644867005975005
2025-06-24 09:10:10,0.012190758127569104,0.062725,0.0007646653035517721
2025-06-24 09:16:20,0.012190269340981167,0.062725,0.0007646346444130437
2025-06-24 09:22:29,0.012188267306178533,0.062725,0.0007645090667800485
2025-06-24 09:28:38,0.012251783398347232,0.062725,0.0007684931136613302
2025-06-24 09:34:49,0.012272666724064272,0.062725,0.0007698030202669315
2025-06-24 09:40:58,0.01224281742620113,0.062725,0.0007679307230584659
2025-06-24 09:47:07,0.012225069464787824,0.062725,0.0007668174821788163
2025-06-24 09:53:15,0.012211682531349806,0.062725,0.0007659777867789166
2025-06-24 09:59:25,0.012190694557225793,0.062725,0.0007646613161019879
2025-06-24 10:05:33,0.01218667791585892,0.062725,0.0007644093722722508
2025-06-24 10:11:42,0.01219963595956202,0.062725,0.0007652221655635278
2025-06-24 10:17:52,0.012170384199472247,0.062725,0.0007633873489118967
2025-06-24 10:24:01,0.012146690798585408,0.062725,0.0007619011803412697
2025-06-24 10:30:11,0.012131833714312605,0.062725,0.0007609692697302582
2025-06-24 10:36:20,0.01212190328046553,0.062725,0.0007603463832672005
2025-06-24 10:42:29,0.012137427952917905,0.062725,0.0007613201683467757
2025-06-24 10:48:38,0.012127389695914767,0.062725,0.0007606905186762538
2025-06-24 10:54:47,0.01211374657846238,0.062725,0.0007598347541340529
2025-06-24 11:00:56,0.012115314667410124,0.062725,0.0007599331125133001
2025-06-24 11:07:05,0.012113364413187337,0.062725,0.0007598107828171758
2025-06-24 11:13:13,0.012093489427557124,0.062725,0.0007585641243435206
2025-06-24 11:19:22,0.012079537920639876,0.062725,0.0007576890160721363
2025-06-24 11:25:31,0.012071750099189307,0.062725,0.0007572005249716494
2025-06-24 11:31:40,0.012105103493805653,0.062725,0.0007592926166489596
2025-06-24 11:37:49,0.012099986353110352,0.062725,0.0007589716439988469
2025-06-24 11:43:59,0.012074753079485823,0.062725,0.0007573888869107483
2025-06-24 11:50:09,0.012075648743783035,0.062725,0.0007574450674537909
2025-06-24 11:56:18,0.012072359442733067,0.062725,0.0007572387460454316
2025-06-24 12:02:29,0.012074649858628328,0.062725,0.0007573824123824619
2025-06-24 12:08:38,0.012094481316185008,0.062725,0.0007586263405577046
2025-06-24 12:14:48,0.012114091385055622,0.062725,0.0007598563821276139
2025-06-24 12:21:00,0.012110088808214283,0.062725,0.0007596053204952409
2025-06-24 12:27:09,0.012109340134883375,0.062725,0.0007595583599605598
2025-06-24 12:33:18,0.01210474615884162,0.062725,0.0007592702028133406
2025-06-24 12:39:27,0.012116931197221516,0.062725,0.0007600345093457196
2025-06-24 12:45:37,0.012115410388881738,0.062725,0.000759939116642607
2025-06-24 12:51:46,0.012156445698862964,0.062725,0.0007625130564611794
2025-06-24 12:57:55,0.012164663223871566,0.062725,0.000763028500717344
2025-06-24 13:04:05,0.01217004489990393,0.062725,0.0007633660663464741
2025-06-24 13:10:16,0.012157940460496227,0.062725,0.0007626068153846259
2025-06-24 13:16:25,0.01216132795966695,0.062725,0.0007628192962701094
2025-06-24 13:22:35,0.01219756229005436,0.062725,0.0007650920946436598
2025-06-24 13:28:44,0.01217838511276909,0.062725,0.0007638892061984413
2025-06-24 13:34:54,0.01216083687669781,0.062725,0.0007627884930908701
2025-06-24 13:41:03,0.012189753182110404,0.062725,0.0007646022683478751
2025-06-24 13:47:12,0.012188605916908863,0.062725,0.0007645303061381085
2025-06-24 13:53:24,0.012169085974794854,0.062725,0.0007633059177690072
2025-06-24 13:59:33,0.01214806607930255,0.062725,0.0007619874448242525
2025-06-24 14:05:44,0.01215297046187054,0.062725,0.0007622950722208298
2025-06-24 14:11:53,0.012127599892766561,0.062725,0.0007607037032737826
2025-06-24 14:18:02,0.012133499986733355,0.062725,0.0007610737866678498
2025-06-24 14:24:11,0.012152745921979492,0.062725,0.0007622809879561637
2025-06-24 14:30:20,0.012147987549474307,0.062725,0.000761982519040776
2025-06-24 14:36:30,0.012140652967372984,0.062725,0.0007615224573784704
2025-06-24 14:42:39,0.01213264877463129,0.062725,0.0007610203943887477
2025-06-24 14:48:48,0.012151421853020568,0.062725,0.0007621979357307152
2025-06-24 14:54:57,0.01210787777318336,0.062725,0.0007594666333229263
2025-06-24 15:01:06,0.012123281730279406,0.062725,0.0007604328465317758
2025-06-24 15:07:16,0.012151645146971422,0.062725,0.0007622119418437825
2025-06-24 15:13:26,0.012160036314097237,0.062725,0.0007627382778017493
2025-06-24 15:19:35,0.012144995370637306,0.062725,0.000761794834623225
2025-06-24 15:25:46,0.012157074851078361,0.062725,0.0007625525200338902
2025-06-24 15:31:56,0.012160518597678005,0.062725,0.0007627685290393528
2025-06-24 15:38:06,0.012165057181710867,0.062725,0.0007630532117228142
2025-06-24 15:44:16,0.0121930787429216,0.062725,0.0007648108641497574
2025-06-24 15:50:25,0.01217492575228008,0.062725,0.000763672217811768
2025-06-24 15:56:34,0.01219146007743601,0.062725,0.0007647093333571738
2025-06-24 16:02:43,0.012180753783730045,0.062725,0.0007640377810844671
2025-06-24 16:08:55,0.012168738152077118,0.062725,0.0007632841005890372
2025-06-24 16:15:05,0.012178030856102445,0.062725,0.000763866985449026
2025-06-24 16:21:15,0.012225340504475301,0.062725,0.0007668344831432134
2025-06-24 16:27:25,0.012241256865845191,0.062725,0.0007678328369101397
2025-06-24 16:33:34,0.012221306220105496,0.062725,0.0007665814326561172
2025-06-24 16:39:43,0.012216214703108238,0.062725,0.0007662620672524642
2025-06-24 16:45:53,0.012243936709134713,0.062725,0.0007680009300804749
2025-06-24 16:52:02,0.012274241969410982,0.062725,0.0007699018275313039
2025-06-24 16:58:12,0.012287558377144951,0.062725,0.0007707370992064171
2025-06-24 17:04:22,0.012333855793849548,0.062725,0.0007736411046692129
2025-06-24 17:10:32,0.012297404596650326,0.062725,0.0007713547033248917
2025-06-24 17:16:42,0.012255315768879508,0.062725,0.0007687146816029672
2025-06-24 17:22:54,0.012211391587598716,0.062725,0.0007659595373321295
2025-06-24 17:29:03,0.012136631748131023,0.062725,0.0007612702264015184
2025-06-24 17:35:12,0.012123565877363013,0.062725,0.0007604506696575951
2025-06-24 17:41:22,0.012134594093594433,0.062725,0.0007611424145207109
2025-06-24 17:47:32,0.012146579980378241,0.062725,0.0007618942292692252
2025-06-24 17:53:41,0.012163287810145484,0.062725,0.0007629422278913755
2025-06-24 17:59:51,0.012154835064535296,0.062725,0.0007624120294229765
2025-06-24 18:06:02,0.012133313174454012,0.062725,0.0007610620688676279
2025-06-24 18:12:12,0.01213708670400888,0.062725,0.0007612987635089571
2025-06-24 18:18:21,0.012114968930144996,0.062725,0.0007599114261433449
2025-06-24 18:24:31,0.012113220690811539,0.062725,0.0007598017678311539
2025-06-24 18:30:41,0.012120315022131877,0.062725,0.0007602467597632221
2025-06-24 18:36:51,0.01212072482970502,0.062725,0.0007602724649432474
2025-06-24 18:43:00,0.01211631032097723,0.062725,0.0007599955648832969
2025-06-24 18:49:10,0.012111648501526547,0.062725,0.0007597031522582527
2025-06-24 18:55:20,0.012105948558318692,0.062725,0.00075934562332054
2025-06-24 19:01:31,0.012094441589756238,0.062725,0.0007586238487174601
2025-06-24 19:07:41,0.01211023249028084,0.062725,0.0007596143329528657
2025-06-24 19:13:50,0.0121038774178913,0.062725,0.0007592157110372318
2025-06-24 19:19:59,0.01211307786771162,0.062725,0.0007597928092522114
2025-06-24 19:26:09,0.012111538630170037,0.062725,0.0007596962605774157
2025-06-24 19:32:19,0.012111399057181362,0.062725,0.0007596875058617009
2025-06-24 19:38:29,0.01210503691753161,0.062725,0.0007592884406521702
2025-06-24 19:44:38,0.01209149458567178,0.062725,0.0007584389978862624
2025-06-24 19:50:48,0.012055995211537471,0.062725,0.0007562122996436879
2025-06-24 19:56:57,0.012054340680499678,0.062725,0.0007561085191843423
2025-06-24 20:03:06,0.012065402248710687,0.062725,0.0007568023560503779
2025-06-24 20:09:15,0.012068139696512265,0.062725,0.0007569740624637319
2025-06-24 20:15:26,0.012044619496240158,0.062725,0.0007554987579016639
2025-06-24 20:21:35,0.012054689523827357,0.062725,0.000756130400382071
2025-06-24 20:27:44,0.012060359243586928,0.062725,0.0007564860335539901
2025-06-24 20:33:56,0.01205289145315568,0.062725,0.00075601761639919
2025-06-24 20:40:05,0.012046534604030502,0.062725,0.0007556188830378132
2025-06-24 20:46:14,0.012059002883534684,0.062725,0.0007564009558697131
2025-06-24 20:52:24,0.01207366714433867,0.062725,0.0007573207716286431
2025-06-24 20:58:33,0.012082025366162196,0.062725,0.0007578450410925237
2025-06-24 21:04:42,0.012104504179935407,0.062725,0.0007592550246864484
2025-06-24 21:10:52,0.012101985909608377,0.062725,0.0007590970661801855
2025-06-24 21:17:01,0.012102808568986816,0.062725,0.000759148667489698
2025-06-24 21:23:11,0.012114561184119856,0.062725,0.000759885850273918
2025-06-24 21:29:20,0.01214570718794216,0.062725,0.000761839483363672
2025-06-24 21:35:30,0.012140835942163593,0.062725,0.0007615339344722114
2025-06-24 21:41:39,0.012133619008630513,0.062725,0.000761081252316349
2025-06-24 21:47:48,0.012150305142828806,0.062725,0.0007621278900839369
2025-06-24 21:53:57,0.012166822492658276,0.062725,0.0007631639408519904
2025-06-24 22:00:06,0.012172507644858334,0.062725,0.000763520542023739
2025-06-24 22:06:16,0.012163959489140801,0.062725,0.0007629843589563568
2025-06-24 22:12:26,0.012169527322770017,0.062725,0.0007633336013207493
2025-06-24 22:18:38,0.01217405604398019,0.062725,0.0007636176653586575
2025-06-24 22:24:48,0.012147275683330874,0.062725,0.000761937867236929
2025-06-24 22:30:57,0.012150415183484451,0.062725,0.0007621347923840623
2025-06-24 22:37:07,0.012146186620370262,0.062725,0.0007618695557627247
2025-06-24 22:43:16,0.012160152797805123,0.062725,0.0007627455842423264
2025-06-24 22:49:26,0.012163364174538106,0.062725,0.0007629470178479027
2025-06-24 22:55:35,0.012152527493284644,0.062725,0.0007622672870162793
2025-06-24 23:01:45,0.012159225170857175,0.062725,0.0007626873988420163
2025-06-24 23:07:54,0.012135251346428882,0.062725,0.0007611836407047516
2025-06-24 23:14:03,0.012138666709368515,0.062725,0.0007613978693451401
2025-06-24 23:20:13,0.012145778206339835,0.062725,0.0007618439379926662
2025-06-24 23:26:23,0.012155943225071526,0.062725,0.0007624815387926115
2025-06-24 23:32:33,0.012169313345811176,0.062725,0.000763320179616006
2025-06-24 23:38:43,0.012194453765321465,0.062725,0.000764897112429789
2025-06-24 23:44:53,0.01222443142099625,0.062725,0.0007667774608819898
2025-06-24 23:51:03,0.012255590638666986,0.062725,0.0007687319228103867
2025-06-24 23:57:13,0.012264412348830987,0.062725,0.0007692852645804237
2025-06-25 00:03:22,0.012280370409395298,0.062725,0.00077028623392932
2025-06-25 00:09:31,0.012314112607156685,0.062725,0.0007724027132839031
2025-06-25 00:15:40,0.01231443222328396,0.062725,0.0007724227612054864
2025-06-25 00:21:50,0.012309833820058583,0.062725,0.0007721343263631746
2025-06-25 00:27:59,0.012269998544874603,0.062725,0.0007696356587272595
2025-06-25 00:34:08,0.01227288547369434,0.062725,0.0007698167413374775
2025-06-25 00:40:20,0.012233497202099168,0.062725,0.0007673461120016703
2025-06-25 00:46:30,0.012236483576238515,0.062725,0.0007675334323195608
2025-06-25 00:52:39,0.012231193909409757,0.062725,0.0007672016379677271
2025-06-25 00:58:50,0.012230137608300842,0.062725,0.0007671353814806704
2025-06-25 01:04:59,0.012212540908849948,0.062725,0.000766031628507613
2025-06-25 02:13:45,0.012298425741383096,0.062725,0.0007714187546282547
2025-06-25 02:19:55,0.012293153027330944,0.062725,0.0007710880236393335
2025-06-25 02:26:05,0.01228903784309693,0.062725,0.000770829898708255
2025-06-25 02:32:14,0.01228264867800258,0.062725,0.0007704291383277118
2025-06-25 02:38:24,0.012288625516130487,0.062725,0.0007708040354992848
2025-06-25 02:44:35,0.012296812430968612,0.062725,0.0007713175597325062
2025-06-25 02:50:44,0.012306784446839202,0.062725,0.000771943054427989
2025-06-25 02:56:54,0.012293958980507533,0.062725,0.000771138577052335
2025-06-25 03:03:06,0.012289673525427534,0.062725,0.0007708697718824421
2025-06-25 03:09:17,0.012313055426259642,0.062725,0.0007723364016121361
2025-06-25 03:15:27,0.0122937970520946,0.062725,0.0007711284200926338
2025-06-25 03:21:37,0.012299020405979398,0.062725,0.0007714560549650578
2025-06-25 03:27:51,0.012307547411912012,0.062725,0.0007719909114121809
2025-06-25 03:34:01,0.012305423001573935,0.062725,0.0007718576577737251
2025-06-25 03:40:12,0.012303918132165137,0.062725,0.0007717632648400583
2025-06-25 03:46:21,0.01227500505009865,0.062725,0.0007699496917674378
2025-06-25 03:52:31,0.012278495422377961,0.062725,0.0007701686253686577
2025-06-25 03:58:40,0.012233275561211126,0.062725,0.0007673322095769679
2025-06-27 04:24:58,0.012302224772580427,0.503481,0.006193936430723566
2025-06-27 04:31:08,0.012319580648568683,0.503481,0.006202674784522009
2025-06-27 04:37:18,0.012323589995704175,0.503481,0.006204693414627133
2025-06-27 04:43:28,0.012332497106113989,0.503481,0.006209177975483377
